Unnamed: 0,Plot,Year,Date,Red,Green,Blue,BI,GLI,NGRDI,VARI,BGI,ExG,ExR,ExB,ExGR,MGRVI,RGBVI,GRRI,VEG,Range,Row,Mean.Yld.bu.ac
4033,Plot1,2020,6182020,39.832,49.734,33.297,41.50802809,0.152604043,0.110555345,0.175976115,0.669501749,26.339,0.049085567,-0.025379488,26.28991443,0.2184408,0.301910015,1.248594095,1.32537163,67,1,178.0760355
4063,Plot1025,2020,6182020,40.946,50.738,32.392,42.03237333,0.160959649,0.106801623,0.165148755,0.638416966,28.138,0.053083594,-0.043434669,28.08491641,0.211194241,0.319950834,1.239144239,1.339715279,16,5,150.395956
4187,Plot1137,2020,6182020,33.712,45.714,28.223,36.61878602,0.192308445,0.151109209,0.234400328,0.617381984,29.493,0.013774396,-0.057611311,29.4792256,0.29547162,0.374295409,1.356015662,1.438686249,11,17,185.0476216
4188,Plot1138,2020,6182020,33.716,45.469,28.491,36.58750104,0.187606517,0.148424575,0.231842033,0.62660274,28.731,0.016098295,-0.051836992,28.71490171,0.290450567,0.365526922,1.348588207,1.426366397,11,18,183.3885404
4189,Plot1139,2020,6182020,30.861,43.669,27.086,34.60748608,0.20229893,0.171850262,0.269960374,0.620256933,29.391,-0.004562274,-0.0565718,29.39556227,0.333841349,0.390494479,1.415022196,1.477858104,11,19,178.8955731
4191,Plot1140,2020,6182020,31.99,44.604,28.343,35.66605559,0.193090858,0.164686529,0.261424634,0.635436284,28.875,0.001734374,-0.046921486,28.87326563,0.3206758,0.373876368,1.394310722,1.451659806,11,20,180.5194557
4192,Plot1141,2020,6182020,48.34,59.284,38.495,49.44091855,0.154491414,0.101687356,0.15831272,0.649332029,31.733,0.057432641,-0.036894586,31.67556736,0.201293275,0.30764813,1.226396359,1.323016699,10,1,158.3649097
4193,Plot1142,2020,6182020,47.351,56.976,37.511,47.94252426,0.146317664,0.092257996,0.144052323,0.658364926,29.09,0.065676335,-0.031448554,29.02432367,0.182958733,0.292702131,1.203269202,1.300327005,10,2,148.8218447
4194,Plot1143,2020,6182020,41.253,51.579,34.16,42.93059845,0.155372373,0.111233195,0.175995364,0.662285038,27.745,0.048626685,-0.029568792,27.69637331,0.219747494,0.307448417,1.250309068,1.331381834,10,3,163.662782
4195,Plot1144,2020,6182020,35.68,46.574,29.686,37.96251867,0.175265276,0.132443407,0.207236342,0.637394254,27.782,0.03017688,-0.044788279,27.75182312,0.260320466,0.343812323,1.305325112,1.387766681,10,4,184.540065
4196,Plot1145,2020,6182020,39.463,49.555,31.728,40.90514384,0.163939143,0.11337033,0.176156397,0.640258299,27.919,0.047150216,-0.042533914,27.87184978,0.223863381,0.324619026,1.255733218,1.350355966,10,5,166.9380796
4197,Plot1146,2020,6182020,38.079,48.328,31.252,39.8425791,0.164621326,0.118613075,0.185821775,0.64666446,27.325,0.042347802,-0.038885253,27.2826522,0.233934906,0.324919877,1.269150976,1.355461724,10,6,165.0271268
4198,Plot1147,2020,6182020,39.676,50.485,32.653,41.5898169,0.165269274,0.119885538,0.187956458,0.646786174,28.641,0.041211914,-0.038845734,28.59978809,0.236373784,0.325989838,1.272431697,1.357712684,10,7,180.6131647
4199,Plot1148,2020,6182020,36.321,47.687,30.176,38.74642343,0.178395142,0.135296638,0.211138356,0.632793004,28.877,0.027695649,-0.047647656,28.84930435,0.265729058,0.349555532,1.312931913,1.396520819,10,8,183.0630085
4200,Plot1149,2020,6182020,35.376,46.965,29.859,38.07331735,0.18028461,0.140743979,0.220818566,0.635771319,28.695,0.022828877,-0.046010695,28.67217112,0.276020309,0.352366067,1.32759498,1.40470635,10,9,183.6130969
4202,Plot1150,2020,6182020,35.708,47.032,30.25,38.30636495,0.17563835,0.136862461,0.215736331,0.643179112,28.106,0.026189928,-0.041437295,28.07981007,0.268691963,0.343797542,1.317127814,1.391929663,10,10,182.961825
4203,Plot1151,2020,6182020,35.483,47.395,31.106,38.61309169,0.174750122,0.143729337,0.230085761,0.656313957,28.201,0.020013335,-0.033746842,28.18098666,0.28164051,0.341058188,1.335710058,1.395570751,10,11,179.2718122
4204,Plot1152,2020,6182020,35.18,46.202,30.086,37.75987553,0.172118983,0.135435354,0.214870555,0.651183931,27.138,0.027362113,-0.036616787,27.11063789,0.265991693,0.337044277,1.313303013,1.38352207,10,12,177.4145265
4205,Plot1153,2020,6182020,35.402,46.464,30.116,37.94372305,0.172992692,0.13512325,0.213758454,0.648157713,27.41,0.027672304,-0.038413316,27.3823277,0.265400736,0.338825727,1.312468222,1.385082227,10,13,179.5449721
4206,Plot1154,2020,6182020,35.782,47.532,30.313,38.55092094,0.179754156,0.14103272,0.22169393,0.637738787,28.969,0.022554498,-0.044829134,28.9464455,0.276564508,0.351270498,1.328377396,1.403813332,10,14,183.2145437
4207,Plot1155,2020,6182020,34.922,46.341,30.165,37.75783181,0.174907618,0.140519055,0.223472543,0.650935457,27.595,0.022882938,-0.036884805,27.57211706,0.275596295,0.341798429,1.326985854,1.393296953,10,15,182.2655597
4208,Plot1156,2020,6182020,34.073,45.5,29.279,36.91647857,0.179123043,0.143603986,0.22720404,0.643494505,27.648,0.02023114,-0.041426892,27.62776886,0.281404813,0.349631978,1.33536818,1.404528156,10,16,183.9657458
4209,Plot1157,2020,6182020,35.409,46.654,29.497,37.86144039,0.179516351,0.137028868,0.213921546,0.632250182,28.402,0.026161707,-0.04802976,28.37583829,0.269006623,0.351480011,1.317574628,1.400212818,10,17,180.9363739
4210,Plot1158,2020,6182020,32.669,44.183,27.967,35.59753802,0.186104884,0.149820434,0.235532372,0.632981011,27.73,0.01482174,-0.047979851,27.71517826,0.293062734,0.362372349,1.352444213,1.424273901,10,18,176.782763
4211,Plot1159,2020,6182020,32.32,44.641,29.348,36.04953252,0.182934747,0.160094074,0.258773864,0.657422549,27.614,0.005709771,-0.033428967,27.60829023,0.312186765,0.355038624,1.381219059,1.426306557,10,19,178.1315434
4213,Plot1160,2020,6182020,32.63,44.713,28.42,35.9242985,0.188574922,0.156226161,0.246979948,0.635609331,28.376,0.009161994,-0.04656638,28.36683801,0.305008108,0.366264224,1.370303402,1.434810033,10,20,184.0819765
4214,Plot1161,2020,6182020,48.233,58.767,38.042,49.08216357,0.153373992,0.098448598,0.152759651,0.64733609,31.259,0.060390783,-0.037976586,31.19860922,0.195007162,0.30607901,1.218398192,1.318606453,9,1,154.5334577
4215,Plot1162,2020,6182020,45.477,55.7,35.95,46.41497614,0.15543985,0.10104075,0.156729575,0.645421903,29.973,0.05810526,-0.039160778,29.91489474,0.200039253,0.309789235,1.224794951,1.324525511,9,2,139.3209799
4216,Plot1163,2020,6182020,41.089,51.944,33.64,42.88797289,0.163248739,0.116679028,0.182765646,0.647620514,29.159,0.044055166,-0.038271771,29.11494483,0.23022379,0.322502929,1.264182628,1.351255236,9,3,165.0140498
4217,Plot1164,2020,6182020,37.731,48.879,30.931,39.87276331,0.174834755,0.128714929,0.200219113,0.632807545,29.096,0.033557652,-0.047435363,29.06244235,0.253234389,0.343651707,1.295459967,1.384086863,9,4,169.9100224
4218,Plot1165,2020,6182020,38.481,49.421,31.141,40.38557698,0.17344952,0.124456781,0.192737971,0.630116752,29.22,0.037401611,-0.048920138,29.18259839,0.245116828,0.341712801,1.284296146,1.378073791,9,5,181.7570936
4219,Plot1166,2020,6182020,40.953,52.05,33.686,42.89948448,0.164826926,0.119318732,0.187079589,0.647185399,29.461,0.041710014,-0.0385953,29.41928999,0.235287682,0.325199947,1.27096916,1.356392853,9,6,183.8372901
4220,Plot1167,2020,6182020,36.988,49.474,31.927,40.14607556,0.178913757,0.144410261,0.228953883,0.64532886,30.033,0.019505191,-0.040343275,30.01349481,0.282920409,0.349105275,1.337568941,1.404739476,9,7,172.3048465
4221,Plot1168,2020,6182020,36.162,48.544,30.634,39.16908703,0.184838056,0.146176186,0.228990975,0.631056361,30.292,0.018057916,-0.049041096,30.27394208,0.286236226,0.360456898,1.342403628,1.418650272,9,8,179.9749789
4222,Plot1169,2020,6182020,36.608,48.573,30.844,39.37357121,0.180403164,0.140465597,0.220199864,0.635002985,29.694,0.023082956,-0.046467572,29.67091704,0.275495506,0.352646848,1.326841128,1.404739816,9,9,181.1377276
4224,Plot1170,2020,6182020,37.68,49.774,31.465,40.36202713,0.180226803,0.138289844,0.216006716,0.632157351,30.403,0.025042256,-0.048125194,30.37795774,0.271389611,0.352670336,1.32096603,1.402684316,9,10,181.4140972
4225,Plot1171,2020,6182020,37.751,49.595,31.705,40.37329584,0.176310141,0.135598654,0.212864614,0.639278153,29.734,0.027352983,-0.043745958,29.70664702,0.266300835,0.345343369,1.313740033,1.392358493,9,11,183.1636155
4226,Plot1172,2020,6182020,35.921,48.388,30.822,39.079886,0.18366673,0.147872706,0.233084675,0.63697611,30.033,0.0165151,-0.045489052,30.0164849,0.289416925,0.357900995,1.347067175,1.417521403,9,12,182.7158309
4227,Plot1173,2020,6182020,37.703,49.714,31.851,40.44537141,0.17678806,0.137398904,0.216157362,0.640684717,29.874,0.025742026,-0.04295033,29.84825797,0.269706171,0.345991005,1.318568814,1.394748793,9,13,186.0880426
4228,Plot1174,2020,6182020,37.285,49.533,31.608,40.1777508,0.179645032,0.141076735,0.221843869,0.638120041,30.173,0.022511948,-0.044600003,30.15048805,0.276647454,0.351047895,1.328496714,1.403618065,9,14,183.1465614
4229,Plot1175,2020,6182020,35.349,47.714,30.029,38.41839159,0.186871137,0.148862911,0.233152317,0.629354068,30.05,0.015691649,-0.050166236,30.03430835,0.291271204,0.364016375,1.349797731,1.425138817,9,15,184.6704463
4230,Plot1176,2020,6182020,34.993,47.199,29.641,37.99493182,0.187157302,0.148505937,0.232269605,0.628000593,29.764,0.016016739,-0.050983162,29.74798326,0.290602914,0.364633351,1.34881262,1.425466558,9,16,177.392967
4231,Plot1177,2020,6182020,34.96,47.507,29.71,38.13048102,0.1900253,0.152145707,0.23782626,0.625381523,30.344,0.012810113,-0.05271134,30.33118989,0.297406944,0.369663212,1.358895881,1.434560549,9,17,176.364513
4232,Plot1178,2020,6182020,34.851,46.34,29.089,37.45289362,0.183501469,0.141505832,0.220509769,0.627729823,28.74,0.022228872,-0.050919478,28.71777113,0.277455914,0.358605386,1.329660555,1.412136811,9,18,179.9971944
4233,Plot1179,2020,6182020,35.601,47.534,30.176,38.45995031,0.182106997,0.14353762,0.225325252,0.634829806,29.291,0.020363425,-0.04666449,29.27063658,0.281280013,0.355508303,1.335187214,1.41075546,9,19,178.7191279
4235,Plot1180,2020,6182020,35.692,47.683,30.643,38.67204331,0.179535068,0.14382009,0.22739513,0.642639935,29.031,0.020047712,-0.041947763,29.01095229,0.281811137,0.350408649,1.335957638,1.405563514,9,20,186.8659159
4236,Plot1181,2020,6182020,55.869,64.377,43.369,55.21658402,0.129460683,0.070754952,0.110670292,0.673672274,29.516,0.084586377,-0.022372032,29.43141362,0.140804998,0.262115982,1.152284809,1.25368088,8,1,149.7813278
4237,Plot1182,2020,6182020,45.017,55.579,36.213,46.28511964,0.155560638,0.104994234,0.164049516,0.651559042,29.928,0.054417473,-0.035676015,29.87358253,0.20769884,0.309123713,1.234622476,1.327414905,8,2,135.7987868
4238,Plot1183,2020,6182020,41.013,52.257,33.826,43.03896875,0.165455833,0.120553233,0.189152816,0.64730084,29.675,0.040608674,-0.038558255,29.63439133,0.23765264,0.326239863,1.274156975,1.358580396,8,3,157.5283109
4239,Plot1184,2020,6182020,35.142,47.34,29.888,38.16336947,0.185648989,0.147886812,0.231927596,0.631347698,29.65,0.016541782,-0.048916971,29.63345822,0.28944335,0.361776634,1.347106027,1.421744453,8,4,164.0035181
4240,Plot1185,2020,6182020,40.114,51.698,32.139,42.09010779,0.177302461,0.126170871,0.194124646,0.62166815,31.143,0.035994869,-0.054081048,31.10700513,0.248387637,0.349190261,1.288776986,1.387501797,8,5,160.2308901
4241,Plot1186,2020,6182020,39.267,51.19,32.252,41.64334638,0.17746508,0.131808484,0.204844945,0.630044931,30.861,0.030835554,-0.049199325,30.83016445,0.259115235,0.348347618,1.303639188,1.391936021,8,6,166.3741351
4242,Plot1187,2020,6182020,37.519,49.549,31.365,40.19345713,0.179864509,0.138167869,0.215966824,0.633009748,30.214,0.025141641,-0.047604975,30.18885836,0.271159211,0.35197131,1.320637544,1.401822496,8,7,173.6336285
4243,Plot1188,2020,6182020,39.0,50.897,32.404,41.47900604,0.17546392,0.132340345,0.206929539,0.636658349,30.39,0.030277757,-0.045227758,30.35972224,0.260124872,0.344229087,1.305051282,1.388106379,8,8,176.1877022
4244,Plot1189,2020,6182020,38.779,51.008,31.811,41.30200409,0.182067831,0.136200118,0.21093211,0.623647271,31.426,0.02699551,-0.053229494,31.39900449,0.267439114,0.356732545,1.315351092,1.405031663,8,9,180.0787468
4246,Plot1190,2020,6182020,38.206,50.871,31.985,41.11203109,0.183507529,0.142180361,0.221834933,0.628747223,31.551,0.021620327,-0.050321323,31.52937967,0.2787262,0.35849964,1.331492436,1.412672141,8,10,181.4119621
4247,Plot1191,2020,6182020,37.37,49.75,31.546,40.27707998,0.181597948,0.142102847,0.222766042,0.634090452,30.584,0.021640571,-0.047069927,30.56235943,0.278580261,0.354737548,1.331281777,1.408548246,8,11,180.1666773
4248,Plot1192,2020,6182020,36.782,49.588,31.667,40.06113727,0.183307979,0.148269075,0.234100506,0.638602081,30.727,0.016154257,-0.044513161,30.71084574,0.290159368,0.357142688,1.348159426,1.417084395,8,12,184.1896632
4249,Plot1193,2020,6182020,36.276,49.178,30.86,39.5253651,0.188649602,0.150981815,0.236326336,0.627516369,31.22,0.013828086,-0.051360971,31.20617191,0.295233629,0.367160985,1.355662146,1.43065819,8,13,184.9140449
4250,Plot1194,2020,6182020,36.584,49.132,30.88,39.60604701,0.185846689,0.146390406,0.228827777,0.62851095,30.8,0.017887406,-0.050602079,30.78211259,0.286638113,0.36240408,1.342991472,1.420975802,8,14,187.9065109
4251,Plot1195,2020,6182020,36.606,49.886,31.321,40.04005192,0.189893798,0.153540212,0.240706168,0.627851501,31.845,0.011564089,-0.051238828,31.83343591,0.300007859,0.369194296,1.362782058,1.435410284,8,15,182.4575976
4252,Plot1196,2020,6182020,36.288,48.726,30.423,39.22839511,0.187259005,0.146305314,0.227839754,0.62436892,30.741,0.017994231,-0.053135476,30.72300577,0.286478487,0.365197096,1.342757937,1.423942785,8,16,181.3803512
4253,Plot1197,2020,6182020,35.355,48.563,29.896,38.73892018,0.196302432,0.15739174,0.244492984,0.615612709,31.875,0.008206372,-0.058943539,31.86679363,0.307174113,0.381043361,1.373582237,1.452478254,8,17,178.994166
4254,Plot1198,2020,6182020,36.286,48.182,29.451,38.75366787,0.188937761,0.140834399,0.216224076,0.611244863,30.627,0.022984752,-0.061013527,30.60401525,0.27619074,0.369553242,1.327839938,1.423405144,8,18,177.2436996
4255,Plot1199,2020,6182020,35.075,47.905,29.831,38.36245218,0.192289504,0.15461557,0.241396828,0.622711617,30.904,0.010637261,-0.054441499,30.89336274,0.302011266,0.373686837,1.365787598,1.441461379,8,19,181.6183971
4258,Plot1200,2020,6182020,36.444,48.67,30.495,39.27203866,0.185057128,0.143642644,0.22384152,0.626566674,30.401,0.020340977,-0.051700127,30.38065902,0.281477504,0.3613111,1.335473603,1.417126576,8,20,189.0167546
4259,Plot1201,2020,6182020,52.639,62.553,42.542,53.2089087,0.135845511,0.086065005,0.136462491,0.680095279,29.925,0.070635373,-0.018982591,29.85436463,0.170864385,0.272016014,1.188339444,1.27567367,7,1,146.0656004
4260,Plot1202,2020,6182020,47.687,58.04,37.894,48.57518847,0.15123896,0.097922007,0.152624829,0.652894555,30.499,0.060727888,-0.034733082,30.43827211,0.193983956,0.301716212,1.217103194,1.313925201,7,2,134.9620448
6451,Plot1,2020,6232020,55.994,80.569,48.344,63.15017586,0.21395531,0.179953575,0.278568109,0.60003227,56.8,-0.011775649,-0.069696658,56.81177565,0.348617759,0.411421058,1.438886309,1.511024541,67,1,178.0760355
6481,Plot1025,2020,6232020,38.059,56.111,30.539,42.9323589,0.241256498,0.191695869,0.283698197,0.544260484,43.624,-0.022679999,-0.10710053,43.64668,0.369802493,0.460748269,1.474316193,1.586449633,16,5,150.395956
6605,Plot1137,2020,6232020,37.61,58.172,34.416,44.65779044,0.235271009,0.214674991,0.335071538,0.591624837,44.318,-0.042381603,-0.076726217,44.3603816,0.410434943,0.446650652,1.546716299,1.59310889,11,17,185.0476216
6606,Plot1138,2020,6232020,37.149,57.276,33.4,43.87918404,0.237724269,0.213153296,0.329815649,0.583141281,44.003,-0.041207901,-0.082268727,44.0442079,0.407779409,0.451143699,1.541791165,1.597387835,11,18,183.3885404
6607,Plot1139,2020,6232020,35.951,56.697,32.361,43.02812464,0.24810408,0.223922805,0.344120623,0.57077094,45.082,-0.050921134,-0.091126239,45.13292113,0.426462188,0.468514889,1.577063225,1.63329095,11,19,178.8955731
6609,Plot1140,2020,6232020,36.854,56.606,32.553,43.29031593,0.239870988,0.21134175,0.3242977,0.57508038,43.805,-0.039760977,-0.087544936,43.84476098,0.404611397,0.455166864,1.535952678,1.600753311,11,20,180.5194557
6610,Plot1141,2020,6232020,51.463,73.851,42.76,57.53499854,0.221056112,0.178655218,0.271192189,0.57900367,53.479,-0.010726228,-0.083219296,53.48972623,0.346258661,0.425031078,1.435030993,1.52634812,10,1,158.3649097
6611,Plot1142,2020,6232020,53.642,74.424,43.642,58.65441189,0.209497343,0.162275702,0.246162229,0.586396861,51.564,0.003929928,-0.077603839,51.56007007,0.316224145,0.40582454,1.387420305,1.486089452,10,2,148.8218447
6612,Plot1143,2020,6232020,47.286,68.688,40.691,53.57164866,0.219207199,0.184541363,0.284287289,0.592403331,49.399,-0.015878467,-0.074813136,49.41487847,0.35692738,0.420635518,1.452607537,1.527113396,10,3,163.662782
6613,Plot1144,2020,6232020,43.719,65.919,38.653,50.82886297,0.230922926,0.20248454,0.312742129,0.586371152,49.466,-0.031778058,-0.07960564,49.49777806,0.389019293,0.439993807,1.507788376,1.570910947,10,4,184.540065
6614,Plot1145,2020,6232020,46.712,68.548,39.967,53.16076353,0.225302201,0.189449939,0.29001368,0.583051293,50.417,-0.020300592,-0.081134081,50.43730059,0.365771859,0.431311358,1.467460182,1.545679288,10,5,166.9380796
6615,Plot1146,2020,6232020,47.635,70.993,41.408,54.8443912,0.229161707,0.196901237,0.302486402,0.583268773,52.943,-0.026893949,-0.081367942,52.96989395,0.379104554,0.437439773,1.490353731,1.561527788,10,6,165.0271268
6616,Plot1147,2020,6232020,50.173,74.757,44.068,57.87321661,0.226756374,0.196782198,0.30402414,0.589483259,55.273,-0.026715109,-0.077289672,55.29971511,0.378892455,0.43304414,1.489984653,1.55576951,10,7,180.6131647
6617,Plot1148,2020,6232020,48.462,73.565,42.545,56.48141787,0.235675263,0.205716768,0.315832516,0.578332087,56.123,-0.034745886,-0.085081302,56.15774589,0.394728852,0.448242109,1.517993479,1.585265434,10,8,183.0630085
6618,Plot1149,2020,6232020,45.737,70.033,40.96,53.77178894,0.235351446,0.209864386,0.324769416,0.584867134,53.369,-0.038290053,-0.080960888,53.40729005,0.402022472,0.447215951,1.531211055,1.588504059,10,9,183.6130969
6620,Plot1150,2020,6232020,43.523,67.251,38.775,51.38238724,0.240793358,0.214201889,0.329560133,0.576571352,52.204,-0.042252372,-0.08670068,52.24625237,0.409609873,0.456514511,1.545183007,1.605778134,10,10,182.961825
6621,Plot1151,2020,6232020,44.941,68.056,40.138,52.4797474,0.230719152,0.204562953,0.317256619,0.589779006,51.033,-0.033556013,-0.077466288,51.06655601,0.392693263,0.43940555,1.514341025,1.572423986,10,11,179.2718122
6622,Plot1152,2020,6232020,42.002,64.679,37.582,49.53095924,0.238219219,0.212568311,0.328181305,0.581054129,49.774,-0.040732551,-0.083626432,49.81473255,0.406757182,0.452083063,1.539902862,1.597989508,10,12,177.4145265
6623,Plot1153,2020,6232020,40.677,62.169,36.244,47.72571084,0.235601886,0.208972639,0.322693012,0.582991523,47.417,-0.037538285,-0.082158315,47.45453828,0.400457474,0.447754489,1.528357548,1.588226824,10,13,179.5449721
6624,Plot1154,2020,6232020,39.459,60.354,34.769,46.21868799,0.238437231,0.209341469,0.321244081,0.576084435,46.48,-0.037979819,-0.086767918,46.51797982,0.401104973,0.452812905,1.529536988,1.595363398,10,14,183.2145437
6625,Plot1155,2020,6232020,39.602,59.445,34.38,45.76756795,0.232838359,0.200339233,0.306848934,0.578349735,44.908,-0.029995428,-0.084787936,44.93799543,0.385217452,0.443736776,1.501060552,1.573432648,10,15,182.2655597
6626,Plot1156,2020,6232020,37.804,58.596,34.038,44.80036858,0.239903933,0.215684647,0.333408165,0.580892894,45.35,-0.043471994,-0.083892731,45.39347199,0.412194081,0.454787861,1.54999471,1.605115412,10,16,183.9657458
6627,Plot1157,2020,6232020,38.224,58.963,34.923,45.30388311,0.234355456,0.213392738,0.333081717,0.592286688,44.779,-0.041248959,-0.076230414,44.82024896,0.408197601,0.445126118,1.542564881,1.589663592,10,17,180.9363739
6628,Plot1158,2020,6232020,38.308,58.985,34.926,45.33783764,0.233970001,0.212522998,0.331537512,0.59211664,44.736,-0.040491911,-0.076302196,44.77649191,0.406677968,0.444510491,1.539756709,1.587884592,10,18,176.782763
6629,Plot1159,2020,6232020,37.322,58.133,33.167,44.2433696,0.245117935,0.218018962,0.334109299,0.570536528,45.777,-0.045732456,-0.090958001,45.82273246,0.416252498,0.463817565,1.557606773,1.620044634,10,19,178.1315434
6631,Plot1160,2020,6232020,38.361,58.557,34.581,45.07894605,0.232415709,0.208382344,0.323980942,0.590552795,44.172,-0.036894577,-0.077138229,44.20889458,0.399420568,0.442091807,1.526472198,1.580124616,10,20,184.0819765
6632,Plot1161,2020,6232020,56.504,79.752,47.121,62.6457558,0.212363518,0.170620009,0.260817861,0.590844117,55.879,-0.003524979,-0.075159916,55.88252498,0.331587124,0.409829862,1.411439898,1.499423569,9,1,154.5334577
6633,Plot1162,2020,6232020,56.259,79.14,47.148,62.31946883,0.209689438,0.168989431,0.25927185,0.595754359,54.873,-0.002067413,-0.07194202,54.87506741,0.328595034,0.404978297,1.40670826,1.491951501,9,2,139.3209799
6634,Plot1163,2020,6232020,52.331,74.772,44.692,58.67072072,0.21300904,0.176557595,0.272305881,0.597710373,52.521,-0.008781396,-0.071033499,52.5297814,0.342440437,0.410116907,1.428828037,1.505914107,9,3,165.0140498
6635,Plot1164,2020,6232020,47.538,71.941,41.542,55.26031333,0.235240082,0.204245097,0.313111872,0.577445407,54.802,-0.033460232,-0.085592562,54.83546023,0.392131993,0.447627369,1.513336699,1.582828572,9,4,169.9100224
6636,Plot1165,2020,6232020,49.61,75.144,43.302,57.68545756,0.235921053,0.2046748,0.313485243,0.576253593,57.376,-0.033857762,-0.086406912,57.40985776,0.392890711,0.448811224,1.514694618,1.58486577,9,5,181.7570936
6637,Plot1166,2020,6232020,51.407,76.634,44.69,59.19641235,0.229266336,0.197022829,0.302659836,0.583161521,57.171,-0.02700268,-0.081444558,57.19800268,0.37932117,0.437616403,1.490730834,1.56188696,9,6,183.8372901
6638,Plot1167,2020,6232020,51.17,77.892,46.262,60.07136092,0.230443574,0.207047775,0.322729469,0.593924922,58.352,-0.0356711,-0.07486254,58.3876711,0.397073494,0.438672747,1.522220051,1.574199773,9,7,172.3048465
6639,Plot1168,2020,6232020,50.397,76.452,44.516,58.78333145,0.234007352,0.205401698,0.316458771,0.582273845,57.991,-0.034407259,-0.082453243,58.02540726,0.394173282,0.445260353,1.516995059,1.580989748,9,8,179.9749789
6640,Plot1169,2020,6232020,47.11,72.166,42.228,55.40904752,0.235348996,0.210067407,0.325199875,0.585150902,54.994,-0.038463444,-0.080783138,55.03246344,0.402378527,0.447191832,1.531861601,1.588697539,9,9,181.1377276
6642,Plot1170,2020,6232020,45.475,69.792,39.901,53.32600582,0.240967283,0.210962374,0.322652124,0.57171309,54.208,-0.039486234,-0.089777531,54.24748623,0.403947036,0.457177668,1.53473337,1.603037379,9,10,181.4140972
6643,Plot1171,2020,6232020,44.356,68.365,39.017,52.16497628,0.242418322,0.212994917,0.325748942,0.57071601,53.357,-0.041298818,-0.090558726,53.39829882,0.407502725,0.459548122,1.541279646,1.608529552,9,11,183.1636155
6644,Plot1172,2020,6232020,42.381,66.352,37.741,50.40872989,0.247065678,0.220457451,0.337657764,0.568799735,52.582,-0.047917036,-0.092266204,52.62991704,0.420478997,0.467018479,1.56560723,1.627241323,9,12,182.7158309
6645,Plot1173,2020,6232020,42.222,64.633,36.61,49.33022763,0.242356966,0.209732815,0.319040501,0.566428914,50.434,-0.038491618,-0.093256195,50.47249162,0.401791677,0.459828434,1.530789636,1.605244625,9,13,186.0880426
6646,Plot1174,2020,6232020,41.712,63.461,35.972,48.51520122,0.240647879,0.206792618,0.314287366,0.566836325,49.238,-0.035879415,-0.092813773,49.27387941,0.396624316,0.457117038,1.521408707,1.598293776,9,14,183.1465614
6647,Plot1175,2020,6232020,41.79,63.325,36.232,48.5428249,0.2375899,0.204870856,0.312631564,0.572159495,48.628,-0.034093401,-0.089143738,48.6620934,0.393236752,0.451816454,1.515314669,1.589066926,9,15,184.6704463
6648,Plot1176,2020,6232020,40.257,62.892,36.282,47.93194216,0.243397933,0.219439839,0.338507784,0.576893723,49.245,-0.046848979,-0.086761194,49.29184898,0.418716853,0.460634313,1.562262464,1.617294133,9,16,177.392967
6649,Plot1177,2020,6232020,40.7,62.833,36.175,48.00384191,0.240894436,0.21377725,0.328587547,0.575732497,48.791,-0.041894523,-0.087239099,48.83289452,0.408868899,0.456738475,1.543808354,1.605603407,9,17,176.364513
6650,Plot1178,2020,6232020,41.698,64.269,37.299,49.19499624,0.238711543,0.213000274,0.328697501,0.58035756,49.541,-0.041124901,-0.084112071,49.5821249,0.407512084,0.452919824,1.541296945,1.599593106,9,18,179.9971944
6651,Plot1179,2020,6232020,41.748,64.478,37.006,49.2265241,0.241692745,0.213977746,0.328373303,0.573932194,50.202,-0.042105116,-0.088455094,50.24410512,0.409218804,0.458142879,1.54445722,1.607729345,9,19,178.7191279
6653,Plot1180,2020,6232020,41.868,64.599,37.433,49.42060877,0.239315296,0.213502776,0.329272532,0.579467174,49.897,-0.041583044,-0.084731063,49.93858304,0.408389744,0.45394788,1.542920608,1.601535479,9,20,186.8659159
6654,Plot1181,2020,6232020,64.71,87.522,52.359,69.73509271,0.198467716,0.149850229,0.228410081,0.598238157,57.975,0.015015323,-0.069501591,57.95998468,0.293118456,0.386662961,1.352526657,1.451360143,8,1,149.7813278
6655,Plot1182,2020,6232020,57.374,81.61,48.04,63.92654528,0.215184973,0.174379785,0.266493666,0.588653351,57.806,-0.006878262,-0.076749508,57.81287826,0.33846735,0.414588266,1.422421306,1.50906028,8,2,135.7987868
6656,Plot1183,2020,6232020,53.53,78.049,46.235,60.81332783,0.220168606,0.186344325,0.287296119,0.592384271,56.333,-0.017473315,-0.074909737,56.35047331,0.360181629,0.422184337,1.458042219,1.530938288,8,3,157.5283109
6657,Plot1184,2020,6232020,49.761,75.817,43.593,58.09395912,0.237889203,0.207488573,0.317814234,0.574976588,58.28,-0.036363206,-0.087407416,58.31636321,0.39784914,0.452037812,1.523622918,1.592266604,8,4,164.0035181
6658,Plot1185,2020,6232020,52.96,78.756,45.495,60.76474899,0.230721148,0.195845607,0.299184653,0.577670273,59.057,-0.026025472,-0.085000367,59.08302547,0.37722265,0.440446629,1.487084592,1.564258228,8,5,160.2308901
6659,Plot1186,2020,6232020,53.893,80.462,47.241,62.2101304,0.228155599,0.197752224,0.304991161,0.587121871,59.79,-0.027598626,-0.078881693,59.81759863,0.380619946,0.435491561,1.49299538,1.559949306,8,6,166.3741351
6660,Plot1187,2020,6232020,52.33,78.277,46.022,60.50824217,0.228327305,0.198664696,0.306756517,0.587937708,58.202,-0.028392846,-0.078391431,58.23039285,0.382243149,0.435698575,1.49583413,1.56120497,8,7,173.6336285
6661,Plot1188,2020,6232020,52.013,77.354,45.612,59.91507331,0.226220907,0.195884576,0.302561041,0.589652765,57.083,-0.025921968,-0.077136113,57.10892197,0.377292163,0.432168403,1.487205122,1.553684349,8,8,176.1877022
6662,Plot1189,2020,6232020,48.101,73.186,42.624,56.23374483,0.234701409,0.206823485,0.318891982,0.582406471,55.647,-0.035657155,-0.08243742,55.68265716,0.396678661,0.446358868,1.521506829,1.584004363,8,9,180.0787468
6664,Plot1190,2020,6232020,45.507,70.32,40.913,53.81964641,0.238791509,0.214224663,0.331219799,0.581811718,54.22,-0.042173025,-0.083206584,54.26217303,0.409649601,0.452945008,1.545256774,1.600998323,8,10,181.4119621
6665,Plot1191,2020,6232020,45.358,69.626,40.001,53.24536925,0.239939273,0.211055451,0.323646693,0.574512395,53.893,-0.039518663,-0.087909152,53.93251866,0.404110061,0.455320983,1.535032409,1.600640142,8,11,180.1666773
6666,Plot1192,2020,6232020,44.257,67.837,39.267,51.96934323,0.237912755,0.210359163,0.323781015,0.578843404,52.15,-0.038829025,-0.084983582,52.18882902,0.402890047,0.45175951,1.532797072,1.595090862,8,12,184.1896632
6667,Plot1193,2020,6232020,43.021,67.16,38.727,51.18936273,0.243312291,0.21908496,0.337825734,0.57663788,52.572,-0.046542832,-0.086914068,52.61854283,0.418101779,0.460515336,1.561098068,1.616728817,8,13,184.9140449
6668,Plot1194,2020,6232020,43.938,66.786,38.877,51.3236098,0.234565847,0.206350927,0.318009103,0.582113018,50.757,-0.035245754,-0.082607737,50.79224575,0.395846433,0.446165358,1.520005462,1.583227335,8,14,187.9065109
6669,Plot1195,2020,6232020,43.025,66.11,38.144,50.58539796,0.239239136,0.211527008,0.325182065,0.576977764,51.051,-0.039890276,-0.08628793,51.09089028,0.404935704,0.45401411,1.536548518,1.599412165,8,15,182.4575976
6670,Plot1196,2020,6232020,42.764,65.605,37.724,50.18590737,0.239596028,0.210770608,0.323320829,0.575017148,50.722,-0.039258554,-0.087556556,50.76125855,0.403611096,0.454736421,1.534117482,1.599535907,8,16,181.3803512
6671,Plot1197,2020,6232020,43.17,66.243,38.082,50.66893418,0.239704685,0.210879877,0.323463852,0.574883384,51.234,-0.039357266,-0.087651785,51.27335727,0.403802526,0.45491938,1.534468381,1.599903873,8,17,178.994166
6672,Plot1198,2020,6232020,44.109,67.18,38.724,51.50503036,0.237240611,0.207307101,0.317935644,0.576421554,51.527,-0.036179531,-0.086435176,51.56317953,0.397529866,0.450887653,1.523045184,1.590533932,8,18,177.2436996
6673,Plot1199,2020,6232020,44.178,67.977,38.452,51.80451884,0.243951982,0.212197405,0.322904088,0.565661915,53.324,-0.040687352,-0.093914625,53.36468735,0.406108656,0.462392836,1.538707049,1.611504614,8,19,181.6183971
6676,Plot1200,2020,6232020,45.679,69.109,39.333,52.94560042,0.2383461,0.204115413,0.310516202,0.569144395,53.206,-0.033469806,-0.091115422,53.23946981,0.391902934,0.453290266,1.512927166,1.59019191,8,20,189.0167546
6677,Plot1201,2020,6232020,62.03,85.905,51.754,68.08295538,0.203176537,0.161388448,0.2482299,0.602456202,58.026,0.004692297,-0.067351732,58.0213077,0.314583189,0.393709193,1.384894406,1.470990027,7,1,146.0656004
6678,Plot1202,2020,6232020,60.791,84.956,51.159,67.15730513,0.205639639,0.165801011,0.255476382,0.602182306,57.962,0.000768895,-0.067714544,57.96123111,0.322730178,0.397724885,1.3975095,1.480138005,7,2,134.9620448
9667,Plot1,2020,6302020,56.705,82.952,53.255,65.65715588,0.20279558,0.187939022,0.30377769,0.641997782,55.944,-0.018479929,-0.043517251,55.96247993,0.363054566,0.389987323,1.462869236,1.493768883,67,1,178.0760355
9697,Plot1025,2020,6302020,51.759,76.053,47.349,59.73547436,0.210967542,0.190076049,0.301927594,0.622578991,52.998,-0.020497714,-0.055745286,53.01849771,0.366896529,0.404785017,1.469367646,1.513593555,16,5,150.395956
9821,Plot1137,2020,6302020,38.614,61.911,37.61,47.39382877,0.237935275,0.231753295,0.370293253,0.607484938,47.598,-0.0568386,-0.067014153,47.6548386,0.439880774,0.450442624,1.603330398,1.617458075,11,17,185.0476216
9822,Plot1138,2020,6302020,42.057,66.247,40.481,50.97766707,0.232318911,0.223352785,0.356663669,0.611061633,49.956,-0.049515744,-0.064345196,50.00551574,0.425479882,0.440991409,1.575171791,1.595333246,11,18,183.3885404
9823,Plot1139,2020,6302020,47.43,72.87,45.061,56.53947153,0.22351835,0.211471322,0.338122516,0.618375189,53.249,-0.039114422,-0.059171147,53.28811442,0.404838229,0.426033883,1.536369386,1.562808125,11,19,178.8955731
9825,Plot1140,2020,6302020,49.797,75.702,46.762,58.87053212,0.221182193,0.206415987,0.329006693,0.617711553,54.845,-0.034750756,-0.059416815,54.87975076,0.395961041,0.422138799,1.520212061,1.552381426,11,20,180.5194557
9826,Plot1141,2020,6302020,47.176,70.911,43.109,55.11300747,0.222039835,0.200995876,0.316559524,0.607931069,51.537,-0.030178168,-0.065500385,51.56717817,0.386382167,0.424047829,1.503115991,1.548925392,10,1,158.3649097
9827,Plot1142,2020,6302020,48.896,71.393,43.691,55.96630756,0.21327425,0.187024582,0.293702185,0.611978765,50.199,-0.017920478,-0.062358824,50.21692048,0.361407774,0.409309071,1.460098986,1.515862425,10,2,148.8218447
9828,Plot1143,2020,6302020,46.76,70.512,44.405,55.16715136,0.214734548,0.20253769,0.325963742,0.629750964,49.859,-0.031222747,-0.051615258,49.89022275,0.38911336,0.410816247,1.507955518,1.534129163,10,3,163.662782
9829,Plot1144,2020,6302020,47.089,71.808,44.608,55.8678096,0.220638044,0.207902638,0.332741052,0.621212121,51.919,-0.035982997,-0.057226385,51.954983,0.398577365,0.421092756,1.524942131,1.552676927,10,4,184.540065
9830,Plot1145,2020,6302020,49.556,74.135,46.871,58.16266271,0.211866104,0.198712922,0.319955741,0.632238484,51.843,-0.027887806,-0.049926713,51.87088781,0.382328889,0.405853112,1.495984341,1.523993069,10,5,166.9380796
9831,Plot1146,2020,6302020,49.351,74.631,46.986,58.34664103,0.215493548,0.203900566,0.328328744,0.629577521,52.925,-0.032401385,-0.051767582,52.95740139,0.391523375,0.412111562,1.512248992,1.53718223,10,6,165.0271268
9832,Plot1147,2020,6302020,48.103,73.805,46.634,57.54941816,0.21817064,0.210831119,0.341445918,0.63185421,52.873,-0.038333472,-0.050535771,52.91133347,0.403717108,0.416615153,1.534311789,1.550240089,10,7,180.6131647
9833,Plot1148,2020,6302020,51.85,78.769,50.356,61.72169958,0.213025132,0.206087935,0.335384922,0.639287029,55.332,-0.034142837,-0.045700235,55.36614284,0.395383067,0.407644611,1.519170685,1.534033524,10,8,183.0630085
9834,Plot1149,2020,6302020,46.836,71.39,45.267,55.79499465,0.215754227,0.207686972,0.336545183,0.634080403,50.677,-0.035595408,-0.049030845,50.71259541,0.398198116,0.412435669,1.524254847,1.541648436,10,9,183.6130969
9836,Plot1150,2020,6302020,44.294,68.876,43.097,53.42662639,0.223684503,0.217213042,0.350805588,0.625718683,50.361,-0.043927381,-0.054651334,50.40492738,0.414852709,0.426128398,1.554973586,1.569224225,10,10,182.961825
9837,Plot1151,2020,6302020,42.014,66.141,41.407,51.16752787,0.226519798,0.22307799,0.361464014,0.626041336,48.861,-0.048952274,-0.054634199,48.90995227,0.425006067,0.430949705,1.574260961,1.581908552,10,11,179.2718122
9838,Plot1152,2020,6302020,41.486,65.653,40.163,50.47927355,0.233180719,0.225566787,0.360830745,0.611746607,49.657,-0.051408671,-0.063982838,49.70840867,0.429291083,0.442417125,1.582533867,1.599705828,10,12,177.4145265
9839,Plot1153,2020,6302020,42.68,67.05,40.881,51.60278113,0.232191343,0.222090586,0.353963021,0.609709172,50.539,-0.048455956,-0.065178506,50.58745596,0.423302121,0.440814012,1.57099344,1.593684824,10,13,179.5449721
9840,Plot1154,2020,6302020,41.212,65.734,40.026,50.40326833,0.236147546,0.229293288,0.366437537,0.608908632,50.23,-0.054685246,-0.065982636,50.28468525,0.435680495,0.447433657,1.595020868,1.610605986,10,14,183.2145437
9841,Plot1155,2020,6302020,39.158,62.55,38.223,47.98211192,0.235671495,0.229991741,0.368464992,0.611079137,47.719,-0.055232936,-0.064587547,47.77423294,0.436874482,0.446600046,1.597374738,1.610281823,10,15,182.2655597
9842,Plot1156,2020,6302020,39.443,62.305,38.929,48.14260177,0.227793597,0.224692377,0.363934478,0.624813418,46.238,-0.050362177,-0.055477441,46.28836218,0.427787205,0.433130468,1.579621226,1.586536102,10,16,183.9657458
9843,Plot1157,2020,6302020,40.723,64.611,40.376,49.87706696,0.228807394,0.226783375,0.367745312,0.624909071,48.123,-0.052150161,-0.055484181,48.17515016,0.431380547,0.434856628,1.586597255,1.591124943,10,17,180.9363739
9844,Plot1158,2020,6302020,43.34,67.497,42.463,52.40008581,0.222788353,0.217950684,0.353306813,0.629109442,49.191,-0.044494455,-0.052503588,49.23549446,0.416133965,0.424549299,1.557383479,1.568021507,10,18,176.782763
9845,Plot1159,2020,6302020,48.017,73.71,46.888,57.55368779,0.216713092,0.211070675,0.343310306,0.636114503,52.515,-0.038467515,-0.047841532,52.55346751,0.404136723,0.414042258,1.535081325,1.547292363,10,19,178.1315434
9847,Plot1160,2020,6302020,47.929,73.151,45.607,56.94516746,0.220006838,0.208308556,0.334185735,0.623463794,52.766,-0.036297972,-0.055800392,52.80229797,0.3992909,0.419952883,1.526236725,1.551685368,10,20,184.0819765
9848,Plot1161,2020,6302020,43.866,65.714,40.082,51.15050497,0.220451675,0.199379449,0.314368759,0.60994613,47.48,-0.028742099,-0.064139194,47.5087421,0.383513409,0.421305791,1.498062281,1.543747829,9,1,154.5334577
9849,Plot1162,2020,6302020,42.524,64.425,39.138,49.96883777,0.224158243,0.204779848,0.322971199,0.60749709,47.188,-0.033482788,-0.065931945,47.22148279,0.393076133,0.427571025,1.515026808,1.557471588,9,2,139.3209799
9850,Plot1163,2020,6302020,40.698,63.934,39.493,49.3409249,0.229151346,0.222073553,0.356714104,0.617715144,47.677,-0.048269211,-0.059974328,47.72526921,0.423272709,0.43552921,1.570937147,1.586738791,9,3,165.0140498
9851,Plot1164,2020,6302020,38.023,60.534,36.068,46.22774891,0.24071142,0.228405897,0.360239402,0.595830442,46.977,-0.054238069,-0.074568617,47.03123807,0.434161892,0.455332079,1.592036399,1.620267762,9,4,169.9100224
9852,Plot1165,2020,6302020,41.196,64.26,39.651,49.66105052,0.227700641,0.218707328,0.350490084,0.617040149,47.673,-0.04538444,-0.060290682,47.71838444,0.41744696,0.433102066,1.559860181,1.579842428,9,5,181.7570936
9853,Plot1166,2020,6302020,39.571,62.901,39.047,48.46671728,0.230818902,0.227671949,0.367836027,0.620769145,47.184,-0.053007723,-0.05819148,47.23700772,0.432904503,0.438304972,1.589573172,1.59664505,9,6,183.8372901
9854,Plot1167,2020,6302020,38.885,62.784,38.929,48.1986892,0.23479954,0.235066736,0.380921262,0.620046509,47.754,-0.059353618,-0.05891549,47.81335362,0.445515882,0.44506255,1.614607175,1.613999244,9,7,172.3048465
9855,Plot1168,2020,6302020,41.293,65.363,41.582,50.6836474,0.224020487,0.225678818,0.369886591,0.63617031,47.851,-0.050950499,-0.048221104,47.9019505,0.429483635,0.426635422,1.582907515,1.579235524,9,8,179.9749789
9856,Plot1169,2020,6302020,38.779,61.202,38.707,47.42617946,0.224713592,0.224272612,0.365946405,0.632446652,44.918,-0.04983416,-0.050560971,44.96783416,0.427064639,0.427824066,1.578225328,1.579202311,9,9,181.1377276
9858,Plot1170,2020,6302020,38.546,61.587,38.173,47.38470433,0.232399334,0.230103962,0.371868948,0.619822365,46.455,-0.055114023,-0.058889708,46.51011402,0.437066214,0.44099102,1.597753334,1.602935324,9,10,181.4140972
9859,Plot1171,2020,6302020,39.068,62.307,38.103,47.82018222,0.235116584,0.229237978,0.367287268,0.611536424,47.443,-0.054573481,-0.064259596,47.49757348,0.435585895,0.445663123,1.594834647,1.608172794,9,11,183.1636155
9860,Plot1172,2020,6302020,45.541,70.557,43.873,54.70256868,0.224267768,0.215473135,0.346362063,0.621809317,51.7,-0.042505204,-0.05710285,51.7425052,0.411825747,0.42719858,1.549307218,1.568678289,9,12,182.7158309
9861,Plot1173,2020,6302020,50.492,76.606,47.428,59.63035157,0.220171065,0.205463501,0.32777708,0.619115996,55.292,-0.033904404,-0.058482977,55.3259044,0.394282276,0.420386636,1.517190842,1.549150949,9,13,186.0880426
9862,Plot1174,2020,6302020,49.363,74.772,46.638,58.31712383,0.21805779,0.204688444,0.327870756,0.623736158,53.543,-0.033165664,-0.055505261,53.57616566,0.392914796,0.416653013,1.514737759,1.543653328,9,14,183.1465614
9863,Plot1175,2020,6302020,44.382,69.371,42.943,53.62275268,0.227441422,0.219677723,0.352902132,0.61903389,51.417,-0.046179864,-0.059036606,51.46317986,0.419128992,0.432619694,1.563043576,1.580293706,9,15,184.6704463
9864,Plot1176,2020,6302020,38.906,62.664,37.764,47.84200883,0.240883573,0.23390765,0.372347428,0.602642666,48.658,-0.058819814,-0.070294401,48.71681981,0.443547575,0.455433692,1.610651313,1.626709799,9,16,177.392967
9865,Plot1177,2020,6302020,44.771,69.494,43.725,53.99300603,0.221958467,0.216365466,0.350481996,0.629191009,50.492,-0.04313311,-0.052402051,50.53513311,0.413379002,0.423131311,1.552210136,1.564477848,9,17,176.364513
9866,Plot1178,2020,6302020,38.024,61.01,37.822,46.89899914,0.233359951,0.232102106,0.375514605,0.619931159,46.174,-0.056821769,-0.058888174,46.23082177,0.440475202,0.442619251,1.604512939,1.60736148,9,18,179.9971944
9867,Plot1179,2020,6302020,38.278,60.538,37.599,46.70381686,0.2294913,0.225267163,0.363624483,0.621080974,45.199,-0.05093868,-0.057907122,45.24993868,0.428775964,0.436051534,1.581535085,1.590989162,9,19,178.7191279
9869,Plot1180,2020,6302020,38.441,60.728,37.658,46.84629273,0.229591759,0.224737569,0.362325438,0.62010934,45.357,-0.050506114,-0.05851769,45.40750611,0.427864973,0.436233726,1.579771598,1.590634744,9,20,186.8659159
9870,Plot1181,2020,6302020,45.727,64.843,39.756,51.23837336,0.205433868,0.172885955,0.269946621,0.61311167,44.203,-0.005489403,-0.061097881,44.2084894,0.335736884,0.396293445,1.418046231,1.485685241,8,1,149.7813278
9871,Plot1182,2020,6302020,37.925,59.502,35.19,45.52336297,0.238857167,0.221468381,0.346690875,0.591408692,45.889,-0.048312057,-0.077184675,45.93731206,0.422227257,0.452487414,1.568938695,1.608535239,8,2,135.7987868
9872,Plot1183,2020,6302020,36.251,58.513,35.593,44.73912463,0.239222746,0.234920434,0.3762316,0.608292174,45.182,-0.059541106,-0.066607854,45.24154111,0.445267612,0.452580682,1.614107197,1.623983158,8,3,157.5283109
9873,Plot1184,2020,6302020,34.072,54.282,32.784,41.56211161,0.237760803,0.228738937,0.363685442,0.603957113,41.708,-0.054328122,-0.069213624,41.76232812,0.43473204,0.450226572,1.59315567,1.613731205,8,4,164.0035181
9874,Plot1185,2020,6302020,35.116,56.442,34.542,43.25113711,0.236800298,0.232923393,0.374035358,0.61199107,43.226,-0.057728787,-0.064101507,43.28372879,0.441873677,0.448480949,1.607301515,1.616146856,8,5,160.2308901
9875,Plot1186,2020,6302020,33.389,54.82,33.318,41.75382954,0.243457501,0.242957068,0.390428303,0.607770887,42.933,-0.066449431,-0.067267356,42.99944943,0.458830241,0.459670114,1.641858097,1.643022359,8,6,166.3741351
9876,Plot1187,2020,6302020,34.84,57.009,35.052,43.56028155,0.239932576,0.241363542,0.390319911,0.614850287,44.126,-0.064877345,-0.062538514,44.19087735,0.456153257,0.453747823,1.63630884,1.633006585,8,7,173.6336285
9877,Plot1188,2020,6302020,36.546,58.226,36.327,44.89071218,0.230180906,0.228759549,0.370947044,0.623896541,43.579,-0.053864637,-0.056203327,43.63286464,0.43476732,0.437201312,1.593224977,1.596416991,8,8,176.1877022
9878,Plot1189,2020,6302020,36.597,58.14,36.697,44.96765437,0.226750504,0.227397954,0.371175052,0.631183351,42.986,-0.052529787,-0.051464613,43.03852979,0.43243478,0.431324894,1.588654808,1.587211901,8,9,180.0787468
9880,Plot1190,2020,6302020,36.677,58.761,36.282,45.14584135,0.233949843,0.231396299,0.373318007,0.61745035,44.563,-0.056279988,-0.060478287,44.61927999,0.439272104,0.443631052,1.60212122,1.607908511,8,10,181.4119621
9881,Plot1191,2020,6302020,38.054,61.019,36.591,46.58442715,0.240961344,0.231798775,0.367545853,0.599665678,47.393,-0.05707778,-0.072175374,47.45007778,0.439958294,0.455628874,1.603484522,1.624555085,8,11,180.1666773
9882,Plot1192,2020,6302020,47.347,72.214,44.686,56.13507163,0.22157988,0.207985882,0.332113523,0.618799679,52.395,-0.036093201,-0.058774894,52.4310932,0.398723722,0.422763429,1.525207511,1.554870498,8,12,184.1896632
9883,Plot1193,2020,6302020,56.485,85.102,51.957,66.16251577,0.221650409,0.202116013,0.319279259,0.610526192,61.762,-0.031119539,-0.063872814,61.79311954,0.388366896,0.423258263,1.506630079,1.549140801,8,13,184.9140449
9884,Plot1194,2020,6302020,58.793,87.138,54.676,68.40836418,0.211322525,0.194235632,0.310613117,0.627464482,60.807,-0.02406596,-0.052797759,60.83106596,0.374348055,0.405128442,1.482115218,1.518382136,8,14,187.9065109
9885,Plot1195,2020,6302020,49.887,75.493,46.685,58.78603871,0.219803036,0.204227149,0.325382807,0.618401706,54.414,-0.032843402,-0.058896347,54.4468434,0.392100294,0.419799212,1.513280013,1.547080935,8,15,182.4575976
9886,Plot1196,2020,6302020,39.85,64.073,38.224,48.8345711,0.242808651,0.233086035,0.368696632,0.596569538,50.072,-0.058270663,-0.074285071,50.13027066,0.442150435,0.458752454,1.607854454,1.630314659,8,16,181.3803512
9887,Plot1197,2020,6302020,48.655,73.169,46.213,57.31972597,0.213386068,0.201224718,0.324212086,0.631592614,51.47,-0.030064807,-0.050410326,51.50006481,0.386787858,0.408462109,1.503833111,1.529842164,8,17,178.994166
9888,Plot1198,2020,6302020,37.864,59.99,36.94,46.17736168,0.231928701,0.226112371,0.363233411,0.615769295,45.176,-0.051785688,-0.061382554,45.22778569,0.430228533,0.440241238,1.584354532,1.597442841,8,18,177.2436996
9889,Plot1199,2020,6302020,34.089,55.476,34.294,42.48813534,0.2373714,0.238787473,0.386947947,0.61817723,42.569,-0.062582453,-0.060265302,42.63158245,0.451812824,0.449423726,1.627387134,1.624141207,8,19,181.6183971
9892,Plot1200,2020,6302020,34.398,55.879,34.629,42.83632682,0.236363636,0.237945435,0.38601567,0.619714025,42.731,-0.061820889,-0.059231742,42.79282089,0.450390639,0.447718942,1.624483982,1.620867382,8,20,189.0167546
9893,Plot1201,2020,6302020,46.223,65.449,39.912,51.68205709,0.206249741,0.172164912,0.267920847,0.609818332,44.763,-0.004860671,-0.063147826,44.76786067,0.334417437,0.397935788,1.415940116,1.48687747,7,1,146.0656004
9894,Plot1202,2020,6302020,41.501,62.586,37.001,48.33361287,0.229140686,0.202570926,0.314298065,0.591202505,46.67,-0.031785836,-0.076438818,46.70178584,0.38917218,0.436752202,1.508060047,1.56681259,7,2,134.9620448
13023,Plot1,2020,7062020,40.327,64.136,37.284,48.7503507,0.246066941,0.227918019,0.354411349,0.58132718,50.661,-0.054168342,-0.084223299,50.71516834,0.433326205,0.464640321,1.590398492,1.632497041,67,1,178.0760355
13053,Plot1025,2020,7062020,68.565,99.896,60.185,78.10805393,0.21623415,0.185983699,0.28936237,0.602476576,71.042,-0.017078803,-0.068389563,71.0590788,0.359531236,0.414909344,1.456953256,1.521591775,16,5,150.395956
13177,Plot1137,2020,7062020,67.225,97.255,59.601,76.4417313,0.210633107,0.182575389,0.286329961,0.612832245,67.684,-0.01401279,-0.061645566,67.69801279,0.353371571,0.404884654,1.446708814,1.505876848,11,17,185.0476216
13178,Plot1138,2020,7062020,68.599,99.715,61.818,78.46521342,0.209227308,0.184868757,0.292179988,0.619946849,69.013,-0.015975179,-0.057227157,69.02897518,0.357518789,0.402039982,1.453592618,1.504857069,11,18,183.3885404
13179,Plot1139,2020,7062020,65.572,97.43,59.008,75.88200522,0.220010018,0.195445455,0.306344597,0.605645079,70.28,-0.025355615,-0.066748345,70.30535561,0.376508682,0.420848966,1.485847618,1.538963011,11,19,178.8955731
13181,Plot1140,2020,7062020,65.866,97.372,59.6,76.09598399,0.216351769,0.19300653,0.304000463,0.61208561,69.278,-0.02315404,-0.062520755,69.30115404,0.372149911,0.414389941,1.478334801,1.528375283,11,20,180.5194557
13182,Plot1141,2020,7062020,76.049,104.88,65.086,83.70474339,0.195571325,0.1593498,0.24887995,0.620575896,68.625,0.00645733,-0.055929923,68.61854267,0.310807466,0.379326885,1.379110836,1.452485964,10,1,158.3649097
13183,Plot1142,2020,7062020,75.671,104.5,64.112,83.17992303,0.198452906,0.160009102,0.248399521,0.613511962,69.217,0.005892346,-0.060352951,69.21110765,0.312029345,0.384793188,1.380978182,1.459350249,10,2,148.8218447
13184,Plot1143,2020,7062020,68.587,100.59,62.93,79.12586928,0.209388723,0.18916874,0.301213211,0.625608907,69.663,-0.01968144,-0.053802772,69.68268144,0.365266488,0.401964525,1.466604459,1.50925248,10,3,163.662782
13185,Plot1144,2020,7062020,63.426,95.601,57.101,73.98858668,0.226719362,0.202324134,0.315670192,0.597284547,70.675,-0.031484121,-0.072455212,70.70648412,0.388735364,0.432392425,1.507284079,1.560945621,10,4,184.540065
13186,Plot1145,2020,7062020,65.9,99.363,59.64,76.96913964,0.225697421,0.202483314,0.316815466,0.600223423,73.186,-0.031582504,-0.070550415,73.2175825,0.389017124,0.430530208,1.507784522,1.558741476,10,5,166.9380796
13187,Plot1146,2020,7062020,65.823,98.928,59.977,76.84759168,0.222631436,0.2009396,0.315965793,0.606269206,72.056,-0.030151116,-0.066570254,72.08615112,0.386282383,0.425121709,1.502939702,1.550216674,10,6,165.0271268
13188,Plot1147,2020,7062020,66.769,99.715,60.95,77.70903655,0.219199814,0.197892891,0.312183751,0.61124204,71.711,-0.027429496,-0.063249118,71.7384295,0.380870293,0.419157685,1.493432581,1.539475596,10,7,180.6131647
13189,Plot1148,2020,7062020,67.315,99.743,61.506,78.02342236,0.215240613,0.194112224,0.30722298,0.616644777,70.665,-0.024072032,-0.059653314,70.68907203,0.374127491,0.412265838,1.481735126,1.526941154,10,8,183.0630085
13190,Plot1149,2020,7062020,66.518,98.506,60.937,77.11764677,0.21437311,0.193838472,0.307319838,0.618612064,69.557,-0.023812959,-0.058391492,69.58081296,0.373638107,0.410706595,1.48089239,1.524743719,10,9,183.6130969
13192,Plot1150,2020,7062020,67.798,100.12,61.709,78.37640777,0.21450688,0.192486809,0.304324492,0.61635038,70.733,-0.022657614,-0.059781297,70.75565761,0.371219501,0.411061781,1.476739727,1.523747924,10,10,182.961825
13193,Plot1151,2020,7062020,67.533,99.994,61.997,78.32227043,0.2138214,0.193765781,0.307599735,0.6200072,70.458,-0.023735209,-0.057502483,70.48173521,0.373508133,0.409706945,1.48066871,1.523446847,10,11,179.2718122
13194,Plot1152,2020,7062020,66.717,99.556,60.684,77.55665259,0.219626784,0.197500496,0.311007775,0.609546386,71.711,-0.027107338,-0.064322317,71.73810734,0.38017184,0.419965691,1.492213379,1.540061197,10,12,177.4145265
13195,Plot1153,2020,7062020,66.849,98.457,60.253,77.0129722,0.215458496,0.191209031,0.3008767,0.611972739,69.812,-0.02158371,-0.062523774,69.83358371,0.368929663,0.41291935,1.472826819,1.524668372,10,13,179.5449721
13196,Plot1154,2020,7062020,65.172,97.159,58.676,75.56483715,0.221488154,0.197048007,0.308590999,0.60391729,70.47,-0.026778337,-0.067928165,70.49677834,0.379366021,0.42339263,1.490808936,1.543856641,10,14,183.2145437
13197,Plot1155,2020,7062020,65.238,97.655,58.788,75.82551157,0.223225693,0.199007938,0.311387541,0.601996826,71.284,-0.028517555,-0.069251763,71.31251755,0.382853293,0.426369345,1.496903645,1.549706399,10,15,182.2655597
13198,Plot1156,2020,7062020,63.762,95.69,57.307,74.17605407,0.225031925,0.200235808,0.312575261,0.598881806,70.311,-0.02963291,-0.071324374,70.34063291,0.38503392,0.429532855,1.500737116,1.555036514,10,16,183.9657458
13199,Plot1157,2020,7062020,66.999,99.813,61.083,77.85164066,0.218316306,0.196712467,0.310359504,0.611974392,71.544,-0.026391101,-0.062734154,71.5703911,0.378768197,0.417650567,1.489768504,1.536342553,10,17,180.9363739
13200,Plot1158,2020,7062020,66.558,98.467,59.732,76.79763294,0.218560503,0.193358582,0.303049585,0.606619477,70.644,-0.023517844,-0.066036653,70.66751784,0.372779842,0.41839978,1.479416449,1.533695633,10,18,176.782763
13201,Plot1159,2020,7062020,64.716,97.117,58.926,75.48100384,0.222074016,0.200212565,0.314857104,0.60675268,70.592,-0.029510009,-0.066228783,70.62151001,0.384992671,0.4241741,1.500664442,1.548239911,10,19,178.1315434
13203,Plot1160,2020,7062020,63.542,96.448,58.49,74.74597552,0.225016512,0.205675355,0.324197044,0.606440776,70.864,-0.034278653,-0.06665141,70.89827865,0.394655839,0.429044931,1.517862201,1.560319152,10,20,184.0819765
13204,Plot1161,2020,7062020,74.354,102.75,64.813,82.23301199,0.192455326,0.16033517,0.252878681,0.630783455,66.333,0.005562238,-0.049652567,66.32743776,0.31263336,0.373192462,1.381902789,1.446566324,9,1,154.5334577
13205,Plot1162,2020,7062020,71.079,100.25,61.473,79.33308782,0.20401619,0.170263061,0.265538523,0.613197007,67.948,-0.00317609,-0.060943635,67.95117609,0.33093255,0.393954187,1.41040251,1.480270282,9,2,139.3209799
13206,Plot1163,2020,7062020,65.401,97.64,59.939,76.16548676,0.218139854,0.197735539,0.312690345,0.613877509,69.94,-0.027260741,-0.061554399,69.96726074,0.380590249,0.4172476,1.492943533,1.536935784,9,3,165.0140498
13207,Plot1164,2020,7062020,62.059,93.907,55.841,72.54438046,0.228690868,0.204198351,0.318082397,0.594641507,69.914,-0.033164154,-0.074263835,69.94716415,0.39204943,0.435778648,1.513189062,1.567334782,9,4,169.9100224
13208,Plot1165,2020,7062020,65.078,98.071,59.113,76.04256241,0.224613137,0.202226186,0.317130609,0.602757186,71.951,-0.031322493,-0.068895268,71.98232249,0.388561963,0.428593985,1.506976244,1.555999864,9,5,181.7570936
13209,Plot1166,2020,7062020,65.308,98.711,60.35,76.70532116,0.222124551,0.203653235,0.322208182,0.611380697,71.764,-0.032445659,-0.063382196,71.79644566,0.391086307,0.423999942,1.511468733,1.551734589,9,6,183.8372901
13210,Plot1167,2020,7062020,65.719,98.684,60.221,76.77692287,0.22092865,0.200513373,0.316417423,0.610240769,71.428,-0.02972701,-0.063994052,71.45772701,0.385526419,0.422078368,1.50160532,1.545933512,9,7,172.3048465
13211,Plot1168,2020,7062020,65.592,98.92,60.385,76.88481664,0.221924729,0.202587045,0.320070683,0.610442782,71.863,-0.031530879,-0.063944828,71.89453088,0.389200706,0.423717386,1.508110745,1.550226636,9,8,179.9749789
13212,Plot1169,2020,7062020,64.963,97.371,59.323,75.76393456,0.220845819,0.199637784,0.314607178,0.609247106,70.456,-0.028976301,-0.064598907,70.4849763,0.383972259,0.421998415,1.498868587,1.544891792,9,9,181.1377276
13214,Plot1170,2020,7062020,65.671,98.595,59.331,76.49362027,0.224052739,0.200431008,0.313756135,0.601764795,72.188,-0.029766052,-0.06946247,72.21776605,0.385380292,0.427738823,1.501347627,1.552972928,9,10,181.4140972
13215,Plot1171,2020,7062020,66.431,97.867,60.186,76.62328203,0.214415342,0.191335257,0.30194406,0.614977469,69.117,-0.021665687,-0.060612783,69.13866569,0.369156014,0.410994797,1.473212807,1.522449738,9,11,183.1636155
13216,Plot1172,2020,7062020,64.843,96.796,59.334,75.48643106,0.218444845,0.197681253,0.312330776,0.612979875,69.415,-0.027224141,-0.062127047,69.44222414,0.380493622,0.41780506,1.492774856,1.537569005,9,12,182.7158309
13217,Plot1173,2020,7062020,65.211,97.724,59.158,75.94323244,0.222248974,0.199545831,0.313296781,0.605357947,71.079,-0.028945532,-0.06710162,71.10794553,0.383808951,0.424548135,1.498581528,1.54799207,9,13,186.0880426
13218,Plot1174,2020,7062020,64.42,96.626,59.156,75.2461574,0.219917432,0.19998013,0.316085975,0.612216174,69.676,-0.029236792,-0.062704244,69.70523679,0.384580112,0.420292128,1.499937907,1.543126681,9,14,183.1465614
13219,Plot1175,2020,7062020,64.906,98.077,59.964,76.21803824,0.222051934,0.203524294,0.321989148,0.611397168,71.284,-0.032333245,-0.06336663,71.31633325,0.390858397,0.423878553,1.511062151,1.551442245,9,15,184.6704463
13220,Plot1176,2020,7062020,64.663,97.204,59.47,75.64522916,0.220615243,0.201035418,0.317792513,0.611806099,70.275,-0.030161247,-0.063007992,70.30516125,0.386452275,0.421472529,1.503239874,1.545736533,9,16,177.392967
13221,Plot1177,2020,7062020,65.631,97.565,60.148,76.25426609,0.216107993,0.195678816,0.309894418,0.61649157,69.351,-0.025438785,-0.059808188,69.37643879,0.376925094,0.413719582,1.486568847,1.530388434,9,17,176.364513
13222,Plot1178,2020,7062020,65.296,97.853,59.957,76.2312689,0.219507788,0.199553782,0.315499264,0.61272521,70.453,-0.028858928,-0.062361389,70.48185893,0.383823072,0.419584093,1.498606346,1.541786054,9,18,179.9971944
13223,Plot1179,2020,7062020,63.939,97.029,58.749,75.17594377,0.225322498,0.205568809,0.323716726,0.605478774,71.37,-0.034200358,-0.06727017,71.40420036,0.394467978,0.429601662,1.517524516,1.560912581,9,19,178.7191279
13225,Plot1180,2020,7062020,63.287,96.034,58.293,74.44426858,0.22473601,0.205541015,0.324137863,0.607003769,70.488,-0.034153134,-0.066281581,70.52215313,0.394418968,0.428551798,1.51743644,1.55954524,9,20,186.8659159
13226,Plot1181,2020,7062020,85.277,109.86,72.076,90.43660045,0.165397682,0.125978159,0.199762719,0.656071364,62.367,0.035656199,-0.033507352,62.3313438,0.248020115,0.325148775,1.288272336,1.362480869,8,1,149.7813278
13227,Plot1182,2020,7062020,70.91,101.84,61.68,80.0084081,0.2114075,0.179044863,0.278473035,0.605655931,71.09,-0.010945698,-0.06606663,71.1009457,0.346966983,0.406755528,1.436186716,1.504452306,8,2,135.7987868
13228,Plot1183,2020,7062020,67.266,99.223,60.854,77.61685341,0.215350036,0.191946615,0.302522838,0.613305383,70.326,-0.022215771,-0.061701482,70.34821577,0.370251855,0.412652267,1.475083995,1.525121369,8,3,157.5283109
13229,Plot1184,2020,7062020,63.526,95.822,56.91,74.0633883,0.228172264,0.202675904,0.315273629,0.593913715,71.208,-0.031839747,-0.07467007,71.23983975,0.389357949,0.434987784,1.508390265,1.564655658,8,4,164.0035181
13230,Plot1185,2020,7062020,66.129,99.362,59.673,77.04266916,0.224703105,0.200814546,0.3140581,0.600561583,72.922,-0.030117603,-0.070259011,72.9521176,0.386060625,0.428882286,1.50254805,1.554836972,8,5,160.2308901
13231,Plot1186,2020,7062020,66.822,99.866,61.023,77.80789199,0.219450694,0.198238625,0.312724175,0.611048805,71.887,-0.027733399,-0.063386486,71.9147334,0.381485426,0.419584537,1.494507797,1.540376963,8,6,166.3741351
13232,Plot1187,2020,7062020,66.886,99.395,60.352,77.44991269,0.219465813,0.195506402,0.30689424,0.607193521,71.552,-0.025391713,-0.065754767,71.57739171,0.376617448,0.419850015,1.486035942,1.537784993,8,7,173.6336285
13233,Plot1188,2020,7062020,68.275,100.81,62.154,78.92454506,0.21439908,0.192418015,0.304261627,0.616545978,71.191,-0.022595669,-0.059654297,71.21359567,0.371096303,0.410870552,1.476528744,1.523441739,8,8,176.1877022
13234,Plot1189,2020,7062020,66.34,97.876,59.953,76.53990067,0.215681038,0.192039753,0.30246588,0.612540357,69.459,-0.022304601,-0.062193256,69.4813046,0.370418734,0.413250135,1.47536931,1.525952234,8,9,180.0787468
13236,Plot1190,2020,7062020,65.76,97.355,59.04,75.91243909,0.218803793,0.193697698,0.30357915,0.606440347,69.91,-0.023816705,-0.066165515,69.9338167,0.373386387,0.418812147,1.480459246,1.534567525,8,10,181.4119621
13237,Plot1191,2020,7062020,66.337,97.986,59.25,76.40335129,0.218886736,0.192602375,0.301209635,0.604678219,70.385,-0.022874855,-0.067253201,70.40787486,0.371426435,0.419073666,1.477094231,1.533725613,8,11,180.1666773
13238,Plot1192,2020,7062020,66.893,98.062,59.711,76.71643199,0.215413599,0.188954563,0.296159401,0.608910689,69.52,-0.01963715,-0.064391586,69.53963715,0.364881462,0.413059599,1.465953089,1.522459472,8,12,184.1896632
13239,Plot1193,2020,7062020,66.055,97.978,59.059,76.26907847,0.220643473,0.194613279,0.304103873,0.602778175,70.842,-0.024657989,-0.068560952,70.86665799,0.375022821,0.422088563,1.483279086,1.539618789,8,13,184.9140449
13240,Plot1194,2020,7062020,67.031,99.251,60.806,77.54844851,0.21653863,0.193767215,0.305472335,0.612648739,70.665,-0.023812795,-0.062189988,70.6888128,0.373510696,0.414663602,1.480673121,1.529518863,8,14,187.9065109
13241,Plot1195,2020,7062020,65.544,98.022,60.234,76.44706922,0.218338088,0.198562048,0.314307281,0.614494705,70.266,-0.02797319,-0.061190349,70.29397319,0.382060635,0.417543095,1.495514464,1.538185806,8,15,182.4575976
13242,Plot1196,2020,7062020,67.091,99.135,60.919,77.5458468,0.215336521,0.192773694,0.304291263,0.614505472,70.26,-0.022926325,-0.060967224,70.28292632,0.371733153,0.412553888,1.477619949,1.525876116,8,16,181.3803512
13243,Plot1197,2020,7062020,66.368,97.425,60.095,76.39317394,0.212836082,0.189611278,0.299494686,0.616833462,68.387,-0.020143107,-0.05936897,68.40714311,0.366061744,0.408252174,1.467951422,1.517297612,8,17,178.994166
13244,Plot1198,2020,7062020,65.399,98.338,59.623,76.38126641,0.222736853,0.201170169,0.316374359,0.606306819,71.654,-0.030351898,-0.066555337,71.6843519,0.386691165,0.425293137,1.503662136,1.550681619,8,18,177.2436996
13245,Plot1199,2020,7062020,65.461,97.867,59.878,76.26372465,0.219249205,0.19841056,0.313252779,0.611830341,70.395,-0.027873803,-0.062891679,70.4228738,0.38179124,0.419205348,1.49504285,1.540089116,8,19,181.6183971
13248,Plot1200,2020,7062020,64.186,97.049,57.956,75.04942579,0.227536049,0.20382051,0.318196342,0.597182866,71.956,-0.032796055,-0.072587834,71.98879605,0.39138192,0.433729622,1.511996386,1.56428762,8,20,189.0167546
13249,Plot1201,2020,7062020,80.772,107.39,68.871,87.17786937,0.17874009,0.141463207,0.223135023,0.641316696,65.137,0.022140348,-0.042681679,65.11485965,0.277375618,0.349201689,1.329544892,1.402021736,7,1,146.0656004
13250,Plot1202,2020,7062020,72.769,103.18,62.06,81.22578277,0.209652128,0.172839857,0.267023154,0.601473154,71.531,-0.005476264,-0.068467999,71.53647626,0.335652558,0.404300552,1.417911473,1.49510244,7,2,134.9620448
