,Plot
1078,1000
1079,1001
1080,1002
1081,1003
1082,1004
1083,1005
1084,1006
1085,1007
1086,1008
1087,1009
1088,1010
1089,1011
1090,1012
1091,1013
1092,1014
1093,1026
1094,1027
1095,1028
1096,1029
1097,1030
1098,1031
1099,1032
1100,1033
1101,1034
1102,1035
1103,1036
1104,1037
1105,1038
1106,1039
1107,1040
1108,1041
1109,1042
1110,1043
1111,1044
1112,1056
1113,1057
1114,1058
1115,1059
1116,106
1117,1060
1118,1061
1119,1062
1120,1063
1121,1064
1122,1065
1123,1066
1124,1067
1125,1068
1126,1069
1127,107
1128,1070
1129,1071
1130,1072
1131,1073
1132,1074
1133,1075
1134,108
1135,1089
1136,109
1137,1090
1138,1091
1139,1092
1140,1093
1141,1094
1142,1095
1143,1096
1144,1097
1145,1098
1146,1099
1147,110
1148,1100
1149,1101
1150,1102
1151,1103
1152,1104
1153,1105
1154,111
1155,112
1156,1121
1157,1122
1158,1123
1159,1124
1160,1125
1161,1126
1162,1127
1163,1128
1164,1129
1165,113
1166,1130
1167,1131
1168,1132
1169,1133
1170,1134
1171,1135
1172,1136
1173,114
1174,115
1175,116
1176,117
1177,118
1178,119
1179,120
1180,121
1181,122
1182,123
1183,124
1184,137
1185,138
1186,139
1187,140
1188,141
1189,142
1190,143
1191,144
1192,145
1193,146
1194,147
1195,148
1196,149
1197,15
1198,150
1199,151
1200,152
1201,153
1202,154
1203,155
1204,16
1205,166
1206,167
1207,168
1208,169
1209,17
1210,170
1211,171
1212,172
1213,173
1214,174
1215,175
1216,176
1217,177
1218,178
1219,179
1220,18
1221,180
1222,181
1223,182
1224,183
1225,184
1226,185
1227,186
1228,19
1229,196
1230,197
1231,198
1232,199
1233,20
1234,200
1235,201
1236,202
1237,203
1238,204
1239,205
1240,206
1241,207
1242,208
1243,209
1244,21
1245,210
1246,211
1247,212
1248,213
1249,214
1250,215
1251,216
1252,217
1253,22
1254,226
1255,227
1256,228
1257,229
1258,23
1259,230
1260,231
1261,232
1262,233
1263,234
1264,235
1265,236
1266,237
1267,238
1268,239
1269,24
1270,240
1271,241
1272,242
1273,243
1274,244
1275,245
1276,246
1277,247
1278,248
1279,25
1280,254
1281,255
1282,256
1283,257
1284,258
1285,259
1286,26
1287,260
1288,261
1289,262
1290,263
1291,264
1292,265
1293,266
1294,267
1295,268
1296,269
1297,27
1298,270
1299,271
1300,272
1301,273
1302,274
1303,275
1304,276
1305,277
1306,278
1307,279
1308,28
1309,282
1310,283
1311,284
1312,285
1313,286
1314,287
1315,288
1316,289
1317,29
1318,290
1319,291
1320,292
1321,293
1322,294
1323,295
1324,296
1325,297
1326,298
1327,299
1328,30
1329,300
1330,301
1331,302
1332,303
1333,304
1334,305
1335,306
1336,307
1337,308
1338,309
1339,31
1340,310
1341,311
1342,312
1343,313
1344,314
1345,315
1346,316
1347,317
1348,318
1349,319
1350,320
1351,321
1352,322
1353,323
1354,324
1355,325
1356,326
1357,327
1358,328
1359,329
1360,330
1361,331
1362,332
1363,333
1364,334
1365,335
1366,336
1367,337
1368,338
1369,339
1370,340
1371,341
1372,342
1373,343
1374,344
1375,345
1376,346
1377,347
1378,348
1379,349
1380,350
1381,351
1382,352
1383,353
1384,354
1385,355
1386,356
1387,357
1388,358
1389,359
1390,360
1391,361
1392,362
1393,363
1394,364
1395,365
1396,366
1397,367
1398,368
1399,369
1400,370
1401,371
1402,372
1403,373
1404,374
1405,375
1406,376
1407,377
1408,378
1409,379
1410,380
1411,381
1412,382
1413,383
1414,384
1415,385
1416,386
1417,387
1418,388
1419,389
1420,390
1421,391
1422,392
1423,393
1424,394
1425,395
1426,396
1427,397
1428,398
1429,399
1430,400
1431,401
1432,402
1433,403
1434,404
1435,405
1436,406
1437,407
1438,408
1439,409
1440,410
1441,411
1442,412
1443,413
1444,414
1445,415
1446,416
1447,417
1448,418
1449,419
1450,420
1451,421
1452,422
1453,423
1454,424
1455,425
1456,426
1457,427
1458,428
1459,429
1460,430
1461,431
1462,432
1463,433
1464,434
1465,435
1466,436
1467,437
1468,438
1469,439
1470,440
1471,441
1472,442
1473,443
1474,444
1475,445
1476,446
1477,447
1478,448
1479,449
1480,45
1481,450
1482,451
1483,452
1484,453
1485,454
1486,455
1487,456
1488,457
1489,458
1490,459
1491,46
1492,460
1493,461
1494,462
1495,463
1496,464
1497,465
1498,466
1499,467
1500,468
1501,469
1502,47
1503,470
1504,471
1505,472
1506,473
1507,474
1508,475
1509,476
1510,477
1511,478
1512,479
1513,48
1514,480
1515,481
1516,482
1517,483
1518,484
1519,485
1520,486
1521,487
1522,488
1523,489
1524,49
1525,490
1526,491
1527,492
1528,493
1529,494
1530,495
1531,496
1532,497
1533,498
1534,499
1535,50
1536,500
1537,501
1538,502
1539,503
1540,504
1541,505
1542,506
1543,507
1544,508
1545,509
1546,51
1547,510
1548,511
1549,512
1550,513
1551,514
1552,515
1553,516
1554,517
1555,518
1556,519
1557,52
1558,520
1559,521
1560,522
1561,523
1562,524
1563,525
1564,526
1565,527
1566,528
1567,529
1568,53
1569,530
1570,531
1571,532
1572,533
1573,534
1574,535
1575,536
1576,537
1577,538
1578,539
1579,54
1580,540
1581,541
1582,542
1583,543
1584,544
1585,545
1586,546
1587,547
1588,548
1589,549
1590,55
1591,550
1592,551
1593,552
1594,553
1595,554
1596,555
1597,556
1598,557
1599,558
1600,559
1601,56
1602,560
1603,561
1604,562
1605,563
1606,564
1607,565
1608,566
1609,567
1610,568
1611,569
1612,57
1613,570
1614,571
1615,572
1616,573
1617,574
1618,575
1619,576
1620,577
1621,578
1622,579
1623,58
1624,580
1625,581
1626,582
1627,583
1628,584
1629,585
1630,586
1631,587
1632,588
1633,589
1634,59
1635,590
1636,591
1637,592
1638,593
1639,594
1640,595
1641,596
1642,597
1643,598
1644,599
1645,60
1646,600
1647,601
1648,602
1649,603
1650,604
1651,605
1652,606
1653,607
1654,608
1655,609
1656,61
1657,610
1658,611
1659,612
1660,613
1661,614
1662,615
1663,616
1664,617
1665,618
1666,619
1667,62
1668,620
1669,621
1670,622
1671,623
1672,624
1673,625
1674,626
1675,627
1676,628
1677,629
1678,630
1679,631
1680,632
1681,633
1682,634
1683,635
1684,636
1685,637
1686,638
1687,639
1688,640
1689,641
1690,642
1691,643
1692,644
1693,645
1694,646
1695,647
1696,648
1697,649
1698,650
1699,651
1700,652
1701,653
1702,654
1703,655
1704,656
1705,657
1706,658
1707,659
1708,660
1709,661
1710,662
1711,663
1712,664
1713,665
1714,666
1715,667
1716,668
1717,669
1718,670
1719,671
1720,672
1721,673
1722,674
1723,675
1724,676
1725,677
1726,678
1727,679
1728,680
1729,681
1730,682
1731,683
1732,684
1733,685
1734,686
1735,687
1736,688
1737,689
1738,690
1739,691
1740,692
1741,693
1742,694
1743,695
1744,696
1745,697
1746,698
1747,699
1748,700
1749,701
1750,702
1751,703
1752,704
1753,705
1754,706
1755,707
1756,708
1757,709
1758,710
1759,711
1760,712
1761,713
1762,714
1763,715
1764,716
1765,717
1766,718
1767,719
1768,720
1769,721
1770,722
1771,723
1772,724
1773,725
1774,726
1775,727
1776,728
1777,729
1778,730
1779,731
1780,732
1781,733
1782,734
1783,735
1784,736
1785,737
1786,738
1787,739
1788,740
1789,741
1790,742
1791,743
1792,745
1793,746
1794,747
1795,748
1796,749
1797,75
1798,750
1799,751
1800,752
1801,753
1802,754
1803,755
1804,756
1805,757
1806,758
1807,759
1808,76
1809,760
1810,761
1811,762
1812,763
1813,764
1814,765
1815,766
1816,767
1817,768
1818,769
1819,77
1820,770
1821,771
1822,772
1823,773
1824,774
1825,777
1826,778
1827,779
1828,78
1829,780
1830,781
1831,782
1832,783
1833,784
1834,785
1835,786
1836,787
1837,788
1838,789
1839,79
1840,790
1841,791
1842,792
1843,793
1844,794
1845,795
1846,796
1847,797
1848,798
1849,799
1850,80
1851,800
1852,801
1853,802
1854,803
1855,804
1856,805
1857,807
1858,808
1859,809
1860,81
1861,810
1862,811
1863,812
1864,813
1865,814
1866,815
1867,816
1868,817
1869,818
1870,819
1871,82
1872,820
1873,821
1874,822
1875,823
1876,824
1877,825
1878,826
1879,827
1880,828
1881,829
1882,83
1883,830
1884,831
1885,832
1886,833
1887,834
1888,835
1889,838
1890,839
1891,84
1892,840
1893,841
1894,842
1895,843
1896,844
1897,845
1898,846
1899,847
1900,848
1901,849
1902,85
1903,850
1904,851
1905,852
1906,853
1907,854
1908,855
1909,856
1910,857
1911,858
1912,859
1913,86
1914,860
1915,861
1916,862
1917,863
1918,864
1919,865
1920,869
1921,87
1922,870
1923,871
1924,872
1925,873
1926,874
1927,875
1928,876
1929,877
1930,878
1931,879
1932,88
1933,880
1934,881
1935,882
1936,883
1937,884
1938,885
1939,886
1940,887
1941,888
1942,889
1943,89
1944,890
1945,891
1946,892
1947,893
1948,894
1949,895
1950,896
1951,90
1952,900
1953,901
1954,902
1955,903
1956,904
1957,905
1958,906
1959,907
1960,908
1961,909
1962,91
1963,910
1964,911
1965,912
1966,913
1967,914
1968,915
1969,916
1970,917
1971,918
1972,919
1973,92
1974,920
1975,921
1976,922
1977,923
1978,924
1979,925
1980,926
1981,927
1982,93
1983,931
1984,932
1985,933
1986,934
1987,935
1988,936
1989,937
1990,938
1991,939
1992,940
1993,941
1994,942
1995,943
1996,944
1997,945
1998,946
1999,947
2000,948
2001,949
2002,950
2003,951
2004,952
2005,953
2006,954
2007,955
2008,956
2009,957
2010,958
2011,995
2012,996
2013,997
2014,998
2015,999
2016,1000
2017,1001
2018,1002
2019,1003
2020,1004
2021,1005
2022,1006
2023,1007
2024,1008
2025,1009
2026,1010
2027,1011
2028,1012
2029,1013
2030,1014
2031,1026
2032,1027
2033,1028
2034,1029
2035,1030
2036,1031
2037,1032
2038,1033
2039,1034
2040,1035
2041,1036
2042,1037
2043,1038
2044,1039
2045,1040
2046,1041
2047,1042
2048,1043
2049,1044
2050,1056
2051,1057
2052,1058
2053,1059
2054,106
2055,1060
2056,1061
2057,1062
2058,1063
2059,1064
2060,1065
2061,1066
2062,1067
2063,1068
2064,1069
2065,107
2066,1070
2067,1071
2068,1072
2069,1073
2070,1074
2071,1075
2072,108
2073,1089
2074,109
2075,1090
2076,1091
2077,1092
2078,1093
2079,1094
2080,1095
2081,1096
2082,1097
2083,1098
2084,1099
2085,110
2086,1100
2087,1101
2088,1102
2089,1103
2090,1104
2091,1105
2092,111
2093,112
2094,1121
2095,1122
2096,1123
2097,1124
2098,1125
2099,1126
2100,1127
2101,1128
2102,1129
2103,113
2104,1130
2105,1131
2106,1132
2107,1133
2108,1134
2109,1135
2110,1136
2111,114
2112,115
2113,116
2114,117
2115,118
2116,119
2117,120
2118,121
2119,122
2120,123
2121,124
2122,137
2123,138
2124,139
2125,140
2126,141
2127,142
2128,143
2129,144
2130,145
2131,146
2132,147
2133,148
2134,149
2135,15
2136,150
2137,151
2138,152
2139,153
2140,154
2141,155
2142,16
2143,166
2144,167
2145,168
2146,169
2147,17
2148,170
2149,171
2150,172
2151,173
2152,174
2153,175
2154,176
2155,177
2156,178
2157,179
2158,18
2159,180
2160,181
2161,182
2162,183
2163,184
2164,185
2165,186
2166,19
2167,196
2168,197
2169,198
2170,199
2171,20
2172,200
2173,201
2174,202
2175,203
2176,204
2177,205
2178,206
2179,207
2180,208
2181,209
2182,21
2183,210
2184,211
2185,212
2186,213
2187,214
2188,215
2189,216
2190,217
2191,22
2192,226
2193,227
2194,228
2195,229
2196,23
2197,230
2198,231
2199,232
2200,233
2201,234
2202,235
2203,236
2204,237
2205,238
2206,239
2207,24
2208,240
2209,241
2210,242
2211,243
2212,244
2213,245
2214,246
2215,247
2216,248
2217,25
2218,254
2219,255
2220,256
2221,257
2222,258
2223,259
2224,26
2225,260
2226,261
2227,262
2228,263
2229,264
2230,265
2231,266
2232,267
2233,268
2234,269
2235,27
2236,270
2237,271
2238,272
2239,273
2240,274
2241,275
2242,276
2243,277
2244,278
2245,279
2246,28
2247,282
2248,283
2249,284
2250,285
2251,286
2252,287
2253,288
2254,289
2255,29
2256,290
2257,291
2258,292
2259,293
2260,294
2261,295
2262,296
2263,297
2264,298
2265,299
2266,30
2267,300
2268,301
2269,302
2270,303
2271,304
2272,305
2273,306
2274,307
2275,308
2276,309
2277,31
2278,310
2279,311
2280,312
2281,313
2282,314
2283,315
2284,316
2285,317
2286,318
2287,319
2288,320
2289,321
2290,322
2291,323
2292,324
2293,325
2294,326
2295,327
2296,328
2297,329
2298,330
2299,331
2300,332
2301,333
2302,334
2303,335
2304,336
2305,337
2306,338
2307,339
2308,340
2309,341
2310,342
2311,343
2312,344
2313,345
2314,346
2315,347
2316,348
2317,349
2318,350
2319,351
2320,352
2321,353
2322,354
2323,355
2324,356
2325,357
2326,358
2327,359
2328,360
2329,361
2330,362
2331,363
2332,364
2333,365
2334,366
2335,367
2336,368
2337,369
2338,370
2339,371
2340,372
2341,373
2342,374
2343,375
2344,376
2345,377
2346,378
2347,379
2348,380
2349,381
2350,382
2351,383
2352,384
2353,385
2354,386
2355,387
2356,388
2357,389
2358,390
2359,391
2360,392
2361,393
2362,394
2363,395
2364,396
2365,397
2366,398
2367,399
2368,400
2369,401
2370,402
2371,403
2372,404
2373,405
2374,406
2375,407
2376,408
2377,409
2378,410
2379,411
2380,412
2381,413
2382,414
2383,415
2384,416
2385,417
2386,418
2387,419
2388,420
2389,421
2390,422
2391,423
2392,424
2393,425
2394,426
2395,427
2396,428
2397,429
2398,430
2399,431
2400,432
2401,433
2402,434
2403,435
2404,436
2405,437
2406,438
2407,439
2408,440
2409,441
2410,442
2411,443
2412,444
2413,445
2414,446
2415,447
2416,448
2417,449
2418,45
2419,450
2420,451
2421,452
2422,453
2423,454
2424,455
2425,456
2426,457
2427,458
2428,459
2429,46
2430,460
2431,461
2432,462
2433,463
2434,464
2435,465
2436,466
2437,467
2438,468
2439,469
2440,47
2441,470
2442,471
2443,472
2444,473
2445,474
2446,475
2447,476
2448,477
2449,478
2450,479
2451,48
2452,480
2453,481
2454,482
2455,483
2456,484
2457,485
2458,486
2459,487
2460,488
2461,489
2462,49
2463,490
2464,491
2465,492
2466,493
2467,494
2468,495
2469,496
2470,497
2471,498
2472,499
2473,50
2474,500
2475,501
2476,502
2477,503
2478,504
2479,505
2480,506
2481,507
2482,508
2483,509
2484,51
2485,510
2486,511
2487,512
2488,513
2489,514
2490,515
2491,516
2492,517
2493,518
2494,519
2495,52
2496,520
2497,521
2498,522
2499,523
2500,524
2501,525
2502,526
2503,527
2504,528
2505,529
2506,53
2507,530
2508,531
2509,532
2510,533
2511,534
2512,535
2513,536
2514,537
2515,538
2516,539
2517,54
2518,540
2519,541
2520,542
2521,543
2522,544
2523,545
2524,546
2525,547
2526,548
2527,549
2528,55
2529,550
2530,551
2531,552
2532,553
2533,554
2534,555
2535,556
2536,557
2537,558
2538,559
2539,56
2540,560
2541,561
2542,562
2543,563
2544,564
2545,565
2546,566
2547,567
2548,568
2549,569
2550,57
2551,570
2552,571
2553,572
2554,573
2555,574
2556,575
2557,576
2558,577
2559,578
2560,579
2561,58
2562,580
2563,581
2564,582
2565,583
2566,584
2567,585
2568,586
2569,587
2570,588
2571,589
2572,59
2573,590
2574,591
2575,592
2576,593
2577,594
2578,595
2579,596
2580,597
2581,598
2582,599
2583,60
2584,600
2585,601
2586,602
2587,603
2588,604
2589,605
2590,606
2591,607
2592,608
2593,609
2594,61
2595,610
2596,611
2597,612
2598,613
2599,614
2600,615
2601,616
2602,617
2603,618
2604,619
2605,62
2606,620
2607,621
2608,622
2609,623
2610,624
2611,625
2612,626
2613,627
2614,628
2615,629
2616,630
2617,631
2618,632
2619,633
2620,634
2621,635
2622,636
2623,637
2624,638
2625,639
2626,640
2627,641
2628,642
2629,643
2630,644
2631,645
2632,646
2633,647
2634,648
2635,649
2636,650
2637,651
2638,652
2639,653
2640,654
2641,655
2642,656
2643,657
2644,658
2645,659
2646,660
2647,661
2648,662
2649,663
2650,664
2651,665
2652,666
2653,667
2654,668
2655,669
2656,670
2657,671
2658,672
2659,673
2660,674
2661,675
2662,676
2663,677
2664,678
2665,679
2666,680
2667,681
2668,682
2669,683
2670,684
2671,685
2672,686
2673,687
2674,688
2675,689
2676,690
2677,691
2678,692
2679,693
2680,694
2681,695
2682,696
2683,697
2684,698
2685,699
2686,700
2687,701
2688,702
2689,703
2690,704
2691,705
2692,706
2693,707
2694,708
2695,709
2696,710
2697,711
2698,712
2699,713
2700,714
2701,715
2702,716
2703,717
2704,718
2705,719
2706,720
2707,721
2708,722
2709,723
2710,724
2711,725
2712,726
2713,727
2714,728
2715,729
2716,730
2717,731
2718,732
2719,733
2720,734
2721,735
2722,736
2723,737
2724,738
2725,739
2726,740
2727,741
2728,742
2729,743
2730,745
2731,746
2732,747
2733,748
2734,749
2735,75
2736,750
2737,751
2738,752
2739,753
2740,754
2741,755
2742,756
2743,757
2744,758
2745,759
2746,76
2747,760
2748,761
2749,762
2750,763
2751,764
2752,765
2753,766
2754,767
2755,768
2756,769
2757,77
2758,770
2759,771
2760,772
2761,773
2762,774
2763,777
2764,778
2765,779
2766,78
2767,780
2768,781
2769,782
2770,783
2771,784
2772,785
2773,786
2774,787
2775,788
2776,789
2777,79
2778,790
2779,791
2780,792
2781,793
2782,794
2783,795
2784,796
2785,797
2786,798
2787,799
2788,80
2789,800
2790,801
2791,802
2792,803
2793,804
2794,805
2795,807
2796,808
2797,809
2798,81
2799,810
2800,811
2801,812
2802,813
2803,814
2804,815
2805,816
2806,817
2807,818
2808,819
2809,82
2810,820
2811,821
2812,822
2813,823
2814,824
2815,825
2816,826
2817,827
2818,828
2819,829
2820,83
2821,830
2822,831
2823,832
2824,833
2825,834
2826,835
2827,838
2828,839
2829,84
2830,840
2831,841
2832,842
2833,843
2834,844
2835,845
2836,846
2837,847
2838,848
2839,849
2840,85
2841,850
2842,851
2843,852
2844,853
2845,854
2846,855
2847,856
2848,857
2849,858
2850,859
2851,86
2852,860
2853,861
2854,862
2855,863
2856,864
2857,865
2858,869
2859,87
2860,870
2861,871
2862,872
2863,873
2864,874
2865,875
2866,876
2867,877
2868,878
2869,879
2870,88
2871,880
2872,881
2873,882
2874,883
2875,884
2876,885
2877,886
2878,887
2879,888
2880,889
2881,89
2882,890
2883,891
2884,892
2885,893
2886,894
2887,895
2888,896
2889,90
2890,900
2891,901
2892,902
2893,903
2894,904
2895,905
2896,906
2897,907
2898,908
2899,909
2900,91
2901,910
2902,911
2903,912
2904,913
2905,914
2906,915
2907,916
2908,917
2909,918
2910,919
2911,92
2912,920
2913,921
2914,922
2915,923
2916,924
2917,925
2918,926
2919,927
2920,93
2921,931
2922,932
2923,933
2924,934
2925,935
2926,936
2927,937
2928,938
2929,939
2930,940
2931,941
2932,942
2933,943
2934,944
2935,945
2936,946
2937,947
2938,948
2939,949
2940,950
2941,951
2942,952
2943,953
2944,954
2945,955
2946,956
2947,957
2948,958
2949,995
2950,996
2951,997
2952,998
2953,999
7790,1000
7791,1001
7792,1002
7793,1003
7794,1004
7795,1005
7796,1006
7797,1007
7798,1008
7799,1009
7800,1010
7801,1011
7802,1012
7803,1013
7804,1014
7805,1026
7806,1027
7807,1028
7808,1029
7809,1030
7810,1031
7811,1032
7812,1033
7813,1034
7814,1035
7815,1036
7816,1037
7817,1038
7818,1039
7819,1040
7820,1041
7821,1042
7822,1043
7823,1044
7824,1056
7825,1057
7826,1058
7827,1059
7828,106
7829,1060
7830,1061
7831,1062
7832,1063
7833,1064
7834,1065
7835,1066
7836,1067
7837,1068
7838,1069
7839,107
7840,1070
7841,1071
7842,1072
7843,1073
7844,1074
7845,1075
7846,108
7847,1089
7848,109
7849,1090
7850,1091
7851,1092
7852,1093
7853,1094
7854,1095
7855,1096
7856,1097
7857,1098
7858,1099
7859,110
7860,1100
7861,1101
7862,1102
7863,1103
7864,1104
7865,1105
7866,111
7867,112
7868,1121
7869,1122
7870,1123
7871,1124
7872,1125
7873,1126
7874,1127
7875,1128
7876,1129
7877,113
7878,1130
7879,1131
7880,1132
7881,1133
7882,1134
7883,1135
7884,1136
7885,114
7886,115
7887,116
7888,117
7889,118
7890,119
7891,120
7892,121
7893,122
7894,123
7895,124
7896,137
7897,138
7898,139
7899,140
7900,141
7901,142
7902,143
7903,144
7904,145
7905,146
7906,147
7907,148
7908,149
7909,15
7910,150
7911,151
7912,152
7913,153
7914,154
7915,155
7916,16
7917,166
7918,167
7919,168
7920,169
7921,17
7922,170
7923,171
7924,172
7925,173
7926,174
7927,175
7928,176
7929,177
7930,178
7931,179
7932,18
7933,180
7934,181
7935,182
7936,183
7937,184
7938,185
7939,186
7940,19
7941,196
7942,197
7943,198
7944,199
7945,20
7946,200
7947,201
7948,202
7949,203
7950,204
7951,205
7952,206
7953,207
7954,208
7955,209
7956,21
7957,210
7958,211
7959,212
7960,213
7961,214
7962,215
7963,216
7964,217
7965,22
7966,226
7967,227
7968,228
7969,229
7970,23
7971,230
7972,231
7973,232
7974,233
7975,234
7976,235
7977,236
7978,237
7979,238
7980,239
7981,24
7982,240
7983,241
7984,242
7985,243
7986,244
7987,245
7988,246
7989,247
7990,248
7991,25
7992,254
7993,255
7994,256
7995,257
7996,258
7997,259
7998,26
7999,260
8000,261
8001,262
8002,263
8003,264
8004,265
8005,266
8006,267
8007,268
8008,269
8009,27
8010,270
8011,271
8012,272
8013,273
8014,274
8015,275
8016,276
8017,277
8018,278
8019,279
8020,28
8021,282
8022,283
8023,284
8024,285
8025,286
8026,287
8027,288
8028,289
8029,29
8030,290
8031,291
8032,292
8033,293
8034,294
8035,295
8036,296
8037,297
8038,298
8039,299
8040,30
8041,300
8042,301
8043,302
8044,303
8045,304
8046,305
8047,306
8048,307
8049,308
8050,309
8051,31
8052,310
8053,311
8054,312
8055,313
8056,314
8057,315
8058,316
8059,317
8060,318
8061,319
8062,320
8063,321
8064,322
8065,323
8066,324
8067,325
8068,326
8069,327
8070,328
8071,329
8072,330
8073,331
8074,332
8075,333
8076,334
8077,335
8078,336
8079,337
8080,338
8081,339
8082,340
8083,341
8084,342
8085,343
8086,344
8087,345
8088,346
8089,347
8090,348
8091,349
8092,350
8093,351
8094,352
8095,353
8096,354
8097,355
8098,356
8099,357
8100,358
8101,359
8102,360
8103,361
8104,362
8105,363
8106,364
8107,365
8108,366
8109,367
8110,368
8111,369
8112,370
8113,371
8114,372
8115,373
8116,374
8117,375
8118,376
8119,377
8120,378
8121,379
8122,380
8123,381
8124,382
8125,383
8126,384
8127,385
8128,386
8129,387
8130,388
8131,389
8132,390
8133,391
8134,392
8135,393
8136,394
8137,395
8138,396
8139,397
8140,398
8141,399
8142,400
8143,401
8144,402
8145,403
8146,404
8147,405
8148,406
8149,407
8150,408
8151,409
8152,410
8153,411
8154,412
8155,413
8156,414
8157,415
8158,416
8159,417
8160,418
8161,419
8162,420
8163,421
8164,422
8165,423
8166,424
8167,425
8168,426
8169,427
8170,428
8171,429
8172,430
8173,431
8174,432
8175,433
8176,434
8177,435
8178,436
8179,437
8180,438
8181,439
8182,440
8183,441
8184,442
8185,443
8186,444
8187,445
8188,446
8189,447
8190,448
8191,449
8192,45
8193,450
8194,451
8195,452
8196,453
8197,454
8198,455
8199,456
8200,457
8201,458
8202,459
8203,46
8204,460
8205,461
8206,462
8207,463
8208,464
8209,465
8210,466
8211,467
8212,468
8213,469
8214,47
8215,470
8216,471
8217,472
8218,473
8219,474
8220,475
8221,476
8222,477
8223,478
8224,479
8225,48
8226,480
8227,481
8228,482
8229,483
8230,484
8231,485
8232,486
8233,487
8234,488
8235,489
8236,49
8237,490
8238,491
8239,492
8240,493
8241,494
8242,495
8243,496
8244,497
8245,498
8246,499
8247,50
8248,500
8249,501
8250,502
8251,503
8252,504
8253,505
8254,506
8255,507
8256,508
8257,509
8258,51
8259,510
8260,511
8261,512
8262,513
8263,514
8264,515
8265,516
8266,517
8267,518
8268,519
8269,52
8270,520
8271,521
8272,522
8273,523
8274,524
8275,525
8276,526
8277,527
8278,528
8279,529
8280,53
8281,530
8282,531
8283,532
8284,533
8285,534
8286,535
8287,536
8288,537
8289,538
8290,539
8291,54
8292,540
8293,541
8294,542
8295,543
8296,544
8297,545
8298,546
8299,547
8300,548
8301,549
8302,55
8303,550
8304,551
8305,552
8306,553
8307,554
8308,555
8309,556
8310,557
8311,558
8312,559
8313,56
8314,560
8315,561
8316,562
8317,563
8318,564
8319,565
8320,566
8321,567
8322,568
8323,569
8324,57
8325,570
8326,571
8327,572
8328,573
8329,574
8330,575
8331,576
8332,577
8333,578
8334,579
8335,58
8336,580
8337,581
8338,582
8339,583
8340,584
8341,585
8342,586
8343,587
8344,588
8345,589
8346,59
8347,590
8348,591
8349,592
8350,593
8351,594
8352,595
8353,596
8354,597
8355,598
8356,599
8357,60
8358,600
8359,601
8360,602
8361,603
8362,604
8363,605
8364,606
8365,607
8366,608
8367,609
8368,61
8369,610
8370,611
8371,612
8372,613
8373,614
8374,615
8375,616
8376,617
8377,618
8378,619
8379,62
8380,620
8381,621
8382,622
8383,623
8384,624
8385,625
8386,626
8387,627
8388,628
8389,629
8390,630
8391,631
8392,632
8393,633
8394,634
8395,635
8396,636
8397,637
8398,638
8399,639
8400,640
8401,641
8402,642
8403,643
8404,644
8405,645
8406,646
8407,647
8408,648
8409,649
8410,650
8411,651
8412,652
8413,653
8414,654
8415,655
8416,656
8417,657
8418,658
8419,659
8420,660
8421,661
8422,662
8423,663
8424,664
8425,665
8426,666
8427,667
8428,668
8429,669
8430,670
8431,671
8432,672
8433,673
8434,674
8435,675
8436,676
8437,677
8438,678
8439,679
8440,680
8441,681
8442,682
8443,683
8444,684
8445,685
8446,686
8447,687
8448,688
8449,689
8450,690
8451,691
8452,692
8453,693
8454,694
8455,695
8456,696
8457,697
8458,698
8459,699
8460,700
8461,701
8462,702
8463,703
8464,704
8465,705
8466,706
8467,707
8468,708
8469,709
8470,710
8471,711
8472,712
8473,713
8474,714
8475,715
8476,716
8477,717
8478,718
8479,719
8480,720
8481,721
8482,722
8483,723
8484,724
8485,725
8486,726
8487,727
8488,728
8489,729
8490,730
8491,731
8492,732
8493,733
8494,734
8495,735
8496,736
8497,737
8498,738
8499,739
8500,740
8501,741
8502,742
8503,743
8504,745
8505,746
8506,747
8507,748
8508,749
8509,75
8510,750
8511,751
8512,752
8513,753
8514,754
8515,755
8516,756
8517,757
8518,758
8519,759
8520,76
8521,760
8522,761
8523,762
8524,763
8525,764
8526,765
8527,766
8528,767
8529,768
8530,769
8531,77
8532,770
8533,771
8534,772
8535,773
8536,774
8537,777
8538,778
8539,779
8540,78
8541,780
8542,781
8543,782
8544,783
8545,784
8546,785
8547,786
8548,787
8549,788
8550,789
8551,79
8552,790
8553,791
8554,792
8555,793
8556,794
8557,795
8558,796
8559,797
8560,798
8561,799
8562,80
8563,800
8564,801
8565,802
8566,803
8567,804
8568,805
8569,807
8570,808
8571,809
8572,81
8573,810
8574,811
8575,812
8576,813
8577,814
8578,815
8579,816
8580,817
8581,818
8582,819
8583,82
8584,820
8585,821
8586,822
8587,823
8588,824
8589,825
8590,826
8591,827
8592,828
8593,829
8594,83
8595,830
8596,831
8597,832
8598,833
8599,834
8600,835
8601,838
8602,839
8603,84
8604,840
8605,841
8606,842
8607,843
8608,844
8609,845
8610,846
8611,847
8612,848
8613,849
8614,85
8615,850
8616,851
8617,852
8618,853
8619,854
8620,855
8621,856
8622,857
8623,858
8624,859
8625,86
8626,860
8627,861
8628,862
8629,863
8630,864
8631,865
8632,869
8633,87
8634,870
8635,871
8636,872
8637,873
8638,874
8639,875
8640,876
8641,877
8642,878
8643,879
8644,88
8645,880
8646,881
8647,882
8648,883
8649,884
8650,885
8651,886
8652,887
8653,888
8654,889
8655,89
8656,890
8657,891
8658,892
8659,893
8660,894
8661,895
8662,896
8663,90
8664,900
8665,901
8666,902
8667,903
8668,904
8669,905
8670,906
8671,907
8672,908
8673,909
8674,91
8675,910
8676,911
8677,912
8678,913
8679,914
8680,915
8681,916
8682,917
8683,918
8684,919
8685,92
8686,920
8687,921
8688,922
8689,923
8690,924
8691,925
8692,926
8693,927
8694,93
8695,931
8696,932
8697,933
8698,934
8699,935
8700,936
8701,937
8702,938
8703,939
8704,940
8705,941
8706,942
8707,943
8708,944
8709,945
8710,946
8711,947
8712,948
8713,949
8714,950
8715,951
8716,952
8717,953
8718,954
8719,955
8720,956
8721,957
8722,958
8723,995
8724,996
8725,997
8726,998
8727,999
8728,1000
8729,1001
8730,1002
8731,1003
8732,1004
8733,1005
8734,1006
8735,1007
8736,1008
8737,1009
8738,1010
8739,1011
8740,1012
8741,1013
8742,1014
8743,1026
8744,1027
8745,1028
8746,1029
8747,1030
8748,1031
8749,1032
8750,1033
8751,1034
8752,1035
8753,1036
8754,1037
8755,1038
8756,1039
8757,1040
8758,1041
8759,1042
8760,1043
8761,1044
8762,1056
8763,1057
8764,1058
8765,1059
8766,106
8767,1060
8768,1061
8769,1062
8770,1063
8771,1064
8772,1065
8773,1066
8774,1067
8775,1068
8776,1069
8777,107
8778,1070
8779,1071
8780,1072
8781,1073
8782,1074
8783,1075
8784,108
8785,1089
8786,109
8787,1090
8788,1091
8789,1092
8790,1093
8791,1094
8792,1095
8793,1096
8794,1097
8795,1098
8796,1099
8797,110
8798,1100
8799,1101
8800,1102
8801,1103
8802,1104
8803,1105
8804,111
8805,112
8806,1121
8807,1122
8808,1123
8809,1124
8810,1125
8811,1126
8812,1127
8813,1128
8814,1129
8815,113
8816,1130
8817,1131
8818,1132
8819,1133
8820,1134
8821,1135
8822,1136
8823,114
8824,115
8825,116
8826,117
8827,118
8828,119
8829,120
8830,121
8831,122
8832,123
8833,124
8834,137
8835,138
8836,139
8837,140
8838,141
8839,142
8840,143
8841,144
8842,145
8843,146
8844,147
8845,148
8846,149
8847,15
8848,150
8849,151
8850,152
8851,153
8852,154
8853,155
8854,16
8855,166
8856,167
8857,168
8858,169
8859,17
8860,170
8861,171
8862,172
8863,173
8864,174
8865,175
8866,176
8867,177
8868,178
8869,179
8870,18
8871,180
8872,181
8873,182
8874,183
8875,184
8876,185
8877,186
8878,19
8879,196
8880,197
8881,198
8882,199
8883,20
8884,200
8885,201
8886,202
8887,203
8888,204
8889,205
8890,206
8891,207
8892,208
8893,209
8894,21
8895,210
8896,211
8897,212
8898,213
8899,214
8900,215
8901,216
8902,217
8903,22
8904,226
8905,227
8906,228
8907,229
8908,23
8909,230
8910,231
8911,232
8912,233
8913,234
8914,235
8915,236
8916,237
8917,238
8918,239
8919,24
8920,240
8921,241
8922,242
8923,243
8924,244
8925,245
8926,246
8927,247
8928,248
8929,25
8930,254
8931,255
8932,256
8933,257
8934,258
8935,259
8936,26
8937,260
8938,261
8939,262
8940,263
8941,264
8942,265
8943,266
8944,267
8945,268
8946,269
8947,27
8948,270
8949,271
8950,272
8951,273
8952,274
8953,275
8954,276
8955,277
8956,278
8957,279
8958,28
8959,282
8960,283
8961,284
8962,285
8963,286
8964,287
8965,288
8966,289
8967,29
8968,290
8969,291
8970,292
8971,293
8972,294
8973,295
8974,296
8975,297
8976,298
8977,299
8978,30
8979,300
8980,301
8981,302
8982,303
8983,304
8984,305
8985,306
8986,307
8987,308
8988,309
8989,31
8990,310
8991,311
8992,312
8993,313
8994,314
8995,315
8996,316
8997,317
8998,318
8999,319
9000,320
9001,321
9002,322
9003,323
9004,324
9005,325
9006,326
9007,327
9008,328
9009,329
9010,330
9011,331
9012,332
9013,333
9014,334
9015,335
9016,336
9017,337
9018,338
9019,339
9020,340
9021,341
9022,342
9023,343
9024,344
9025,345
9026,346
9027,347
9028,348
9029,349
9030,350
9031,351
9032,352
9033,353
9034,354
9035,355
9036,356
9037,357
9038,358
9039,359
9040,360
9041,361
9042,362
9043,363
9044,364
9045,365
9046,366
9047,367
9048,368
9049,369
9050,370
9051,371
9052,372
9053,373
9054,374
9055,375
9056,376
9057,377
9058,378
9059,379
9060,380
9061,381
9062,382
9063,383
9064,384
9065,385
9066,386
9067,387
9068,388
9069,389
9070,390
9071,391
9072,392
9073,393
9074,394
9075,395
9076,396
9077,397
9078,398
9079,399
9080,400
9081,401
9082,402
9083,403
9084,404
9085,405
9086,406
9087,407
9088,408
9089,409
9090,410
9091,411
9092,412
9093,413
9094,414
9095,415
9096,416
9097,417
9098,418
9099,419
9100,420
9101,421
9102,422
9103,423
9104,424
9105,425
9106,426
9107,427
9108,428
9109,429
9110,430
9111,431
9112,432
9113,433
9114,434
9115,435
9116,436
9117,437
9118,438
9119,439
9120,440
9121,441
9122,442
9123,443
9124,444
9125,445
9126,446
9127,447
9128,448
9129,449
9130,45
9131,450
9132,451
9133,452
9134,453
9135,454
9136,455
9137,456
9138,457
9139,458
9140,459
9141,46
9142,460
9143,461
9144,462
9145,463
9146,464
9147,465
9148,466
9149,467
9150,468
9151,469
9152,47
9153,470
9154,471
9155,472
9156,473
9157,474
9158,475
9159,476
9160,477
9161,478
9162,479
9163,48
9164,480
9165,481
9166,482
9167,483
9168,484
9169,485
9170,486
9171,487
9172,488
9173,489
9174,49
9175,490
9176,491
9177,492
9178,493
9179,494
9180,495
9181,496
9182,497
9183,498
9184,499
9185,50
9186,500
9187,501
9188,502
9189,503
9190,504
9191,505
9192,506
9193,507
9194,508
9195,509
9196,51
9197,510
9198,511
9199,512
9200,513
9201,514
9202,515
9203,516
9204,517
9205,518
9206,519
9207,52
9208,520
9209,521
9210,522
9211,523
9212,524
9213,525
9214,526
9215,527
9216,528
9217,529
9218,53
9219,530
9220,531
9221,532
9222,533
9223,534
9224,535
9225,536
9226,537
9227,538
9228,539
9229,54
9230,540
9231,541
9232,542
9233,543
9234,544
9235,545
9236,546
9237,547
9238,548
9239,549
9240,55
9241,550
9242,551
9243,552
9244,553
9245,554
9246,555
9247,556
9248,557
9249,558
9250,559
9251,56
9252,560
9253,561
9254,562
9255,563
9256,564
9257,565
9258,566
9259,567
9260,568
9261,569
9262,57
9263,570
9264,571
9265,572
9266,573
9267,574
9268,575
9269,576
9270,577
9271,578
9272,579
9273,58
9274,580
9275,581
9276,582
9277,583
9278,584
9279,585
9280,586
9281,587
9282,588
9283,589
9284,59
9285,590
9286,591
9287,592
9288,593
9289,594
9290,595
9291,596
9292,597
9293,598
9294,599
9295,60
9296,600
9297,601
9298,602
9299,603
9300,604
9301,605
9302,606
9303,607
9304,608
9305,609
9306,61
9307,610
9308,611
9309,612
9310,613
9311,614
9312,615
9313,616
9314,617
9315,618
9316,619
9317,62
9318,620
9319,621
9320,622
9321,623
9322,624
9323,625
9324,626
9325,627
9326,628
9327,629
9328,630
9329,631
9330,632
9331,633
9332,634
9333,635
9334,636
9335,637
9336,638
9337,639
9338,640
9339,641
9340,642
9341,643
9342,644
9343,645
9344,646
9345,647
9346,648
9347,649
9348,650
9349,651
9350,652
9351,653
9352,654
9353,655
9354,656
9355,657
9356,658
9357,659
9358,660
9359,661
9360,662
9361,663
9362,664
9363,665
9364,666
9365,667
9366,668
9367,669
9368,670
9369,671
9370,672
9371,673
9372,674
9373,675
9374,676
9375,677
9376,678
9377,679
9378,680
9379,681
9380,682
9381,683
9382,684
9383,685
9384,686
9385,687
9386,688
9387,689
9388,690
9389,691
9390,692
9391,693
9392,694
9393,695
9394,696
9395,697
9396,698
9397,699
9398,700
9399,701
9400,702
9401,703
9402,704
9403,705
9404,706
9405,707
9406,708
9407,709
9408,710
9409,711
9410,712
9411,713
9412,714
9413,715
9414,716
9415,717
9416,718
9417,719
9418,720
9419,721
9420,722
9421,723
9422,724
9423,725
9424,726
9425,727
9426,728
9427,729
9428,730
9429,731
9430,732
9431,733
9432,734
9433,735
9434,736
9435,737
9436,738
9437,739
9438,740
9439,741
9440,742
9441,743
9442,745
9443,746
9444,747
9445,748
9446,749
9447,75
9448,750
9449,751
9450,752
9451,753
9452,754
9453,755
9454,756
9455,757
9456,758
9457,759
9458,76
9459,760
9460,761
9461,762
9462,763
9463,764
9464,765
9465,766
9466,767
9467,768
9468,769
9469,77
9470,770
9471,771
9472,772
9473,773
9474,774
9475,777
9476,778
9477,779
9478,78
9479,780
9480,781
9481,782
9482,783
9483,784
9484,785
9485,786
9486,787
9487,788
9488,789
9489,79
9490,790
9491,791
9492,792
9493,793
9494,794
9495,795
9496,796
9497,797
9498,798
9499,799
9500,80
9501,800
9502,801
9503,802
9504,803
9505,804
9506,805
9507,807
9508,808
9509,809
9510,81
9511,810
9512,811
9513,812
9514,813
9515,814
9516,815
9517,816
9518,817
9519,818
9520,819
9521,82
9522,820
9523,821
9524,822
9525,823
9526,824
9527,825
9528,826
9529,827
9530,828
9531,829
9532,83
9533,830
9534,831
9535,832
9536,833
9537,834
9538,835
9539,838
9540,839
9541,84
9542,840
9543,841
9544,842
9545,843
9546,844
9547,845
9548,846
9549,847
9550,848
9551,849
9552,85
9553,850
9554,851
9555,852
9556,853
9557,854
9558,855
9559,856
9560,857
9561,858
9562,859
9563,86
9564,860
9565,861
9566,862
9567,863
9568,864
9569,865
9570,869
9571,87
9572,870
9573,871
9574,872
9575,873
9576,874
9577,875
9578,876
9579,877
9580,878
9581,879
9582,88
9583,880
9584,881
9585,882
9586,883
9587,884
9588,885
9589,886
9590,887
9591,888
9592,889
9593,89
9594,890
9595,891
9596,892
9597,893
9598,894
9599,895
9600,896
9601,90
9602,900
9603,901
9604,902
9605,903
9606,904
9607,905
9608,906
9609,907
9610,908
9611,909
9612,91
9613,910
9614,911
9615,912
9616,913
9617,914
9618,915
9619,916
9620,917
9621,918
9622,919
9623,92
9624,920
9625,921
9626,922
9627,923
9628,924
9629,925
9630,926
9631,927
9632,93
9633,931
9634,932
9635,933
9636,934
9637,935
9638,936
9639,937
9640,938
9641,939
9642,940
9643,941
9644,942
9645,943
9646,944
9647,945
9648,946
9649,947
9650,948
9651,949
9652,950
9653,951
9654,952
9655,953
9656,954
9657,955
9658,956
9659,957
9660,958
9661,995
9662,996
9663,997
9664,998
9665,999
12084,1000
12085,1001
12086,1002
12087,1003
12088,1004
12089,1005
12090,1006
12091,1007
12092,1008
12093,1009
12094,1010
12095,1011
12096,1012
12097,1013
12098,1014
12099,1026
12100,1027
12101,1028
12102,1029
12103,1030
12104,1031
12105,1032
12106,1033
12107,1034
12108,1035
12109,1036
12110,1037
12111,1038
12112,1039
12113,1040
12114,1041
12115,1042
12116,1043
12117,1044
12118,1056
12119,1057
12120,1058
12121,1059
12122,106
12123,1060
12124,1061
12125,1062
12126,1063
12127,1064
12128,1065
12129,1066
12130,1067
12131,1068
12132,1069
12133,107
12134,1070
12135,1071
12136,1072
12137,1073
12138,1074
12139,1075
12140,108
12141,1089
12142,109
12143,1090
12144,1091
12145,1092
12146,1093
12147,1094
12148,1095
12149,1096
12150,1097
12151,1098
12152,1099
12153,110
12154,1100
12155,1101
12156,1102
12157,1103
12158,1104
12159,1105
12160,111
12161,112
12162,1121
12163,1122
12164,1123
12165,1124
12166,1125
12167,1126
12168,1127
12169,1128
12170,1129
12171,113
12172,1130
12173,1131
12174,1132
12175,1133
12176,1134
12177,1135
12178,1136
12179,114
12180,115
12181,116
12182,117
12183,118
12184,119
12185,120
12186,121
12187,122
12188,123
12189,124
12190,137
12191,138
12192,139
12193,140
12194,141
12195,142
12196,143
12197,144
12198,145
12199,146
12200,147
12201,148
12202,149
12203,15
12204,150
12205,151
12206,152
12207,153
12208,154
12209,155
12210,16
12211,166
12212,167
12213,168
12214,169
12215,17
12216,170
12217,171
12218,172
12219,173
12220,174
12221,175
12222,176
12223,177
12224,178
12225,179
12226,18
12227,180
12228,181
12229,182
12230,183
12231,184
12232,185
12233,186
12234,19
12235,196
12236,197
12237,198
12238,199
12239,20
12240,200
12241,201
12242,202
12243,203
12244,204
12245,205
12246,206
12247,207
12248,208
12249,209
12250,21
12251,210
12252,211
12253,212
12254,213
12255,214
12256,215
12257,216
12258,217
12259,22
12260,226
12261,227
12262,228
12263,229
12264,23
12265,230
12266,231
12267,232
12268,233
12269,234
12270,235
12271,236
12272,237
12273,238
12274,239
12275,24
12276,240
12277,241
12278,242
12279,243
12280,244
12281,245
12282,246
12283,247
12284,248
12285,25
12286,254
12287,255
12288,256
12289,257
12290,258
12291,259
12292,26
12293,260
12294,261
12295,262
12296,263
12297,264
12298,265
12299,266
12300,267
12301,268
12302,269
12303,27
12304,270
12305,271
12306,272
12307,273
12308,274
12309,275
12310,276
12311,277
12312,278
12313,279
12314,28
12315,282
12316,283
12317,284
12318,285
12319,286
12320,287
12321,288
12322,289
12323,29
12324,290
12325,291
12326,292
12327,293
12328,294
12329,295
12330,296
12331,297
12332,298
12333,299
12334,30
12335,300
12336,301
12337,302
12338,303
12339,304
12340,305
12341,306
12342,307
12343,308
12344,309
12345,31
12346,310
12347,311
12348,312
12349,313
12350,314
12351,315
12352,316
12353,317
12354,318
12355,319
12356,320
12357,321
12358,322
12359,323
12360,324
12361,325
12362,326
12363,327
12364,328
12365,329
12366,330
12367,331
12368,332
12369,333
12370,334
12371,335
12372,336
12373,337
12374,338
12375,339
12376,340
12377,341
12378,342
12379,343
12380,344
12381,345
12382,346
12383,347
12384,348
12385,349
12386,350
12387,351
12388,352
12389,353
12390,354
12391,355
12392,356
12393,357
12394,358
12395,359
12396,360
12397,361
12398,362
12399,363
12400,364
12401,365
12402,366
12403,367
12404,368
12405,369
12406,370
12407,371
12408,372
12409,373
12410,374
12411,375
12412,376
12413,377
12414,378
12415,379
12416,380
12417,381
12418,382
12419,383
12420,384
12421,385
12422,386
12423,387
12424,388
12425,389
12426,390
12427,391
12428,392
12429,393
12430,394
12431,395
12432,396
12433,397
12434,398
12435,399
12436,400
12437,401
12438,402
12439,403
12440,404
12441,405
12442,406
12443,407
12444,408
12445,409
12446,410
12447,411
12448,412
12449,413
12450,414
12451,415
12452,416
12453,417
12454,418
12455,419
12456,420
12457,421
12458,422
12459,423
12460,424
12461,425
12462,426
12463,427
12464,428
12465,429
12466,430
12467,431
12468,432
12469,433
12470,434
12471,435
12472,436
12473,437
12474,438
12475,439
12476,440
12477,441
12478,442
12479,443
12480,444
12481,445
12482,446
12483,447
12484,448
12485,449
12486,45
12487,450
12488,451
12489,452
12490,453
12491,454
12492,455
12493,456
12494,457
12495,458
12496,459
12497,46
12498,460
12499,461
12500,462
12501,463
12502,464
12503,465
12504,466
12505,467
12506,468
12507,469
12508,47
12509,470
12510,471
12511,472
12512,473
12513,474
12514,475
12515,476
12516,477
12517,478
12518,479
12519,48
12520,480
12521,481
12522,482
12523,483
12524,484
12525,485
12526,486
12527,487
12528,488
12529,489
12530,49
12531,490
12532,491
12533,492
12534,493
12535,494
12536,495
12537,496
12538,497
12539,498
12540,499
12541,50
12542,500
12543,501
12544,502
12545,503
12546,504
12547,505
12548,506
12549,507
12550,508
12551,509
12552,51
12553,510
12554,511
12555,512
12556,513
12557,514
12558,515
12559,516
12560,517
12561,518
12562,519
12563,52
12564,520
12565,521
12566,522
12567,523
12568,524
12569,525
12570,526
12571,527
12572,528
12573,529
12574,53
12575,530
12576,531
12577,532
12578,533
12579,534
12580,535
12581,536
12582,537
12583,538
12584,539
12585,54
12586,540
12587,541
12588,542
12589,543
12590,544
12591,545
12592,546
12593,547
12594,548
12595,549
12596,55
12597,550
12598,551
12599,552
12600,553
12601,554
12602,555
12603,556
12604,557
12605,558
12606,559
12607,56
12608,560
12609,561
12610,562
12611,563
12612,564
12613,565
12614,566
12615,567
12616,568
12617,569
12618,57
12619,570
12620,571
12621,572
12622,573
12623,574
12624,575
12625,576
12626,577
12627,578
12628,579
12629,58
12630,580
12631,581
12632,582
12633,583
12634,584
12635,585
12636,586
12637,587
12638,588
12639,589
12640,59
12641,590
12642,591
12643,592
12644,593
12645,594
12646,595
12647,596
12648,597
12649,598
12650,599
12651,60
12652,600
12653,601
12654,602
12655,603
12656,604
12657,605
12658,606
12659,607
12660,608
12661,609
12662,61
12663,610
12664,611
12665,612
12666,613
12667,614
12668,615
12669,616
12670,617
12671,618
12672,619
12673,62
12674,620
12675,621
12676,622
12677,623
12678,624
12679,625
12680,626
12681,627
12682,628
12683,629
12684,630
12685,631
12686,632
12687,633
12688,634
12689,635
12690,636
12691,637
12692,638
12693,639
12694,640
12695,641
12696,642
12697,643
12698,644
12699,645
12700,646
12701,647
12702,648
12703,649
12704,650
12705,651
12706,652
12707,653
12708,654
12709,655
12710,656
12711,657
12712,658
12713,659
12714,660
12715,661
12716,662
12717,663
12718,664
12719,665
12720,666
12721,667
12722,668
12723,669
12724,670
12725,671
12726,672
12727,673
12728,674
12729,675
12730,676
12731,677
12732,678
12733,679
12734,680
12735,681
12736,682
12737,683
12738,684
12739,685
12740,686
12741,687
12742,688
12743,689
12744,690
12745,691
12746,692
12747,693
12748,694
12749,695
12750,696
12751,697
12752,698
12753,699
12754,700
12755,701
12756,702
12757,703
12758,704
12759,705
12760,706
12761,707
12762,708
12763,709
12764,710
12765,711
12766,712
12767,713
12768,714
12769,715
12770,716
12771,717
12772,718
12773,719
12774,720
12775,721
12776,722
12777,723
12778,724
12779,725
12780,726
12781,727
12782,728
12783,729
12784,730
12785,731
12786,732
12787,733
12788,734
12789,735
12790,736
12791,737
12792,738
12793,739
12794,740
12795,741
12796,742
12797,743
12798,745
12799,746
12800,747
12801,748
12802,749
12803,75
12804,750
12805,751
12806,752
12807,753
12808,754
12809,755
12810,756
12811,757
12812,758
12813,759
12814,76
12815,760
12816,761
12817,762
12818,763
12819,764
12820,765
12821,766
12822,767
12823,768
12824,769
12825,77
12826,770
12827,771
12828,772
12829,773
12830,774
12831,777
12832,778
12833,779
12834,78
12835,780
12836,781
12837,782
12838,783
12839,784
12840,785
12841,786
12842,787
12843,788
12844,789
12845,79
12846,790
12847,791
12848,792
12849,793
12850,794
12851,795
12852,796
12853,797
12854,798
12855,799
12856,80
12857,800
12858,801
12859,802
12860,803
12861,804
12862,805
12863,807
12864,808
12865,809
12866,81
12867,810
12868,811
12869,812
12870,813
12871,814
12872,815
12873,816
12874,817
12875,818
12876,819
12877,82
12878,820
12879,821
12880,822
12881,823
12882,824
12883,825
12884,826
12885,827
12886,828
12887,829
12888,83
12889,830
12890,831
12891,832
12892,833
12893,834
12894,835
12895,838
12896,839
12897,84
12898,840
12899,841
12900,842
12901,843
12902,844
12903,845
12904,846
12905,847
12906,848
12907,849
12908,85
12909,850
12910,851
12911,852
12912,853
12913,854
12914,855
12915,856
12916,857
12917,858
12918,859
12919,86
12920,860
12921,861
12922,862
12923,863
12924,864
12925,865
12926,869
12927,87
12928,870
12929,871
12930,872
12931,873
12932,874
12933,875
12934,876
12935,877
12936,878
12937,879
12938,88
12939,880
12940,881
12941,882
12942,883
12943,884
12944,885
12945,886
12946,887
12947,888
12948,889
12949,89
12950,890
12951,891
12952,892
12953,893
12954,894
12955,895
12956,896
12957,90
12958,900
12959,901
12960,902
12961,903
12962,904
12963,905
12964,906
12965,907
12966,908
12967,909
12968,91
12969,910
12970,911
12971,912
12972,913
12973,914
12974,915
12975,916
12976,917
12977,918
12978,919
12979,92
12980,920
12981,921
12982,922
12983,923
12984,924
12985,925
12986,926
12987,927
12988,93
12989,931
12990,932
12991,933
12992,934
12993,935
12994,936
12995,937
12996,938
12997,939
12998,940
12999,941
13000,942
13001,943
13002,944
13003,945
13004,946
13005,947
13006,948
13007,949
13008,950
13009,951
13010,952
13011,953
13012,954
13013,955
13014,956
13015,957
13016,958
13017,995
13018,996
13019,997
13020,998
13021,999
15440,1000
15441,1001
15442,1002
15443,1003
15444,1004
15445,1005
15446,1006
15447,1007
15448,1008
15449,1009
15450,1010
15451,1011
15452,1012
15453,1013
15454,1014
15455,1026
15456,1027
15457,1028
15458,1029
15459,1030
15460,1031
15461,1032
15462,1033
15463,1034
15464,1035
15465,1036
15466,1037
15467,1038
15468,1039
15469,1040
15470,1041
15471,1042
15472,1043
15473,1044
15474,1056
15475,1057
15476,1058
15477,1059
15478,106
15479,1060
15480,1061
15481,1062
15482,1063
15483,1064
15484,1065
15485,1066
15486,1067
15487,1068
15488,1069
15489,107
15490,1070
15491,1071
15492,1072
15493,1073
15494,1074
15495,1075
15496,108
15497,1089
15498,109
15499,1090
15500,1091
15501,1092
15502,1093
15503,1094
15504,1095
15505,1096
15506,1097
15507,1098
15508,1099
15509,110
15510,1100
15511,1101
15512,1102
15513,1103
15514,1104
15515,1105
15516,111
15517,112
15518,1121
15519,1122
15520,1123
15521,1124
15522,1125
15523,1126
15524,1127
15525,1128
15526,1129
15527,113
15528,1130
15529,1131
15530,1132
15531,1133
15532,1134
15533,1135
15534,1136
15535,114
15536,115
15537,116
15538,117
15539,118
15540,119
15541,120
15542,121
15543,122
15544,123
15545,124
15546,137
15547,138
15548,139
15549,140
15550,141
15551,142
15552,143
15553,144
15554,145
15555,146
15556,147
15557,148
15558,149
15559,15
15560,150
15561,151
15562,152
15563,153
15564,154
15565,155
15566,16
15567,166
15568,167
15569,168
15570,169
15571,17
15572,170
15573,171
15574,172
15575,173
15576,174
15577,175
15578,176
15579,177
15580,178
15581,179
15582,18
15583,180
15584,181
15585,182
15586,183
15587,184
15588,185
15589,186
15590,19
15591,196
15592,197
15593,198
15594,199
15595,20
15596,200
15597,201
15598,202
15599,203
15600,204
15601,205
15602,206
15603,207
15604,208
15605,209
15606,21
15607,210
15608,211
15609,212
15610,213
15611,214
15612,215
15613,216
15614,217
15615,22
15616,226
15617,227
15618,228
15619,229
15620,23
15621,230
15622,231
15623,232
15624,233
15625,234
15626,235
15627,236
15628,237
15629,238
15630,239
15631,24
15632,240
15633,241
15634,242
15635,243
15636,244
15637,245
15638,246
15639,247
15640,248
15641,25
15642,254
15643,255
15644,256
15645,257
15646,258
15647,259
15648,26
15649,260
15650,261
15651,262
15652,263
15653,264
15654,265
15655,266
15656,267
15657,268
15658,269
15659,27
15660,270
15661,271
15662,272
15663,273
15664,274
15665,275
15666,276
15667,277
15668,278
15669,279
15670,28
15671,282
15672,283
15673,284
15674,285
15675,286
15676,287
15677,288
15678,289
15679,29
15680,290
15681,291
15682,292
15683,293
15684,294
15685,295
15686,296
15687,297
15688,298
15689,299
15690,30
15691,300
15692,301
15693,302
15694,303
15695,304
15696,305
15697,306
15698,307
15699,308
15700,309
15701,31
15702,310
15703,311
15704,312
15705,313
15706,314
15707,315
15708,316
15709,317
15710,318
15711,319
15712,320
15713,321
15714,322
15715,323
15716,324
15717,325
15718,326
15719,327
15720,328
15721,329
15722,330
15723,331
15724,332
15725,333
15726,334
15727,335
15728,336
15729,337
15730,338
15731,339
15732,340
15733,341
15734,342
15735,343
15736,344
15737,345
15738,346
15739,347
15740,348
15741,349
15742,350
15743,351
15744,352
15745,353
15746,354
15747,355
15748,356
15749,357
15750,358
15751,359
15752,360
15753,361
15754,362
15755,363
15756,364
15757,365
15758,366
15759,367
15760,368
15761,369
15762,370
15763,371
15764,372
15765,373
15766,374
15767,375
15768,376
15769,377
15770,378
15771,379
15772,380
15773,381
15774,382
15775,383
15776,384
15777,385
15778,386
15779,387
15780,388
15781,389
15782,390
15783,391
15784,392
15785,393
15786,394
15787,395
15788,396
15789,397
15790,398
15791,399
15792,400
15793,401
15794,402
15795,403
15796,404
15797,405
15798,406
15799,407
15800,408
15801,409
15802,410
15803,411
15804,412
15805,413
15806,414
15807,415
15808,416
15809,417
15810,418
15811,419
15812,420
15813,421
15814,422
15815,423
15816,424
15817,425
15818,426
15819,427
15820,428
15821,429
15822,430
15823,431
15824,432
15825,433
15826,434
15827,435
15828,436
15829,437
15830,438
15831,439
15832,440
15833,441
15834,442
15835,443
15836,444
15837,445
15838,446
15839,447
15840,448
15841,449
15842,45
15843,450
15844,451
15845,452
15846,453
15847,454
15848,455
15849,456
15850,457
15851,458
15852,459
15853,46
15854,460
15855,461
15856,462
15857,463
15858,464
15859,465
15860,466
15861,467
15862,468
15863,469
15864,47
15865,470
15866,471
15867,472
15868,473
15869,474
15870,475
15871,476
15872,477
15873,478
15874,479
15875,48
15876,480
15877,481
15878,482
15879,483
15880,484
15881,485
15882,486
15883,487
15884,488
15885,489
15886,49
15887,490
15888,491
15889,492
15890,493
15891,494
15892,495
15893,496
15894,497
15895,498
15896,499
15897,50
15898,500
15899,501
15900,502
15901,503
15902,504
15903,505
15904,506
15905,507
15906,508
15907,509
15908,51
15909,510
15910,511
15911,512
15912,513
15913,514
15914,515
15915,516
15916,517
15917,518
15918,519
15919,52
15920,520
15921,521
15922,522
15923,523
15924,524
15925,525
15926,526
15927,527
15928,528
15929,529
15930,53
15931,530
15932,531
15933,532
15934,533
15935,534
15936,535
15937,536
15938,537
15939,538
15940,539
15941,54
15942,540
15943,541
15944,542
15945,543
15946,544
15947,545
15948,546
15949,547
15950,548
15951,549
15952,55
15953,550
15954,551
15955,552
15956,553
15957,554
15958,555
15959,556
15960,557
15961,558
15962,559
15963,56
15964,560
15965,561
15966,562
15967,563
15968,564
15969,565
15970,566
15971,567
15972,568
15973,569
15974,57
15975,570
15976,571
15977,572
15978,573
15979,574
15980,575
15981,576
15982,577
15983,578
15984,579
15985,58
15986,580
15987,581
15988,582
15989,583
15990,584
15991,585
15992,586
15993,587
15994,588
15995,589
15996,59
15997,590
15998,591
15999,592
16000,593
16001,594
16002,595
16003,596
16004,597
16005,598
16006,599
16007,60
16008,600
16009,601
16010,602
16011,603
16012,604
16013,605
16014,606
16015,607
16016,608
16017,609
16018,61
16019,610
16020,611
16021,612
16022,613
16023,614
16024,615
16025,616
16026,617
16027,618
16028,619
16029,62
16030,620
16031,621
16032,622
16033,623
16034,624
16035,625
16036,626
16037,627
16038,628
16039,629
16040,630
16041,631
16042,632
16043,633
16044,634
16045,635
16046,636
16047,637
16048,638
16049,639
16050,640
16051,641
16052,642
16053,643
16054,644
16055,645
16056,646
16057,647
16058,648
16059,649
16060,650
16061,651
16062,652
16063,653
16064,654
16065,655
16066,656
16067,657
16068,658
16069,659
16070,660
16071,661
16072,662
16073,663
16074,664
16075,665
16076,666
16077,667
16078,668
16079,669
16080,670
16081,671
16082,672
16083,673
16084,674
16085,675
16086,676
16087,677
16088,678
16089,679
16090,680
16091,681
16092,682
16093,683
16094,684
16095,685
16096,686
16097,687
16098,688
16099,689
16100,690
16101,691
16102,692
16103,693
16104,694
16105,695
16106,696
16107,697
16108,698
16109,699
16110,700
16111,701
16112,702
16113,703
16114,704
16115,705
16116,706
16117,707
16118,708
16119,709
16120,710
16121,711
16122,712
16123,713
16124,714
16125,715
16126,716
16127,717
16128,718
16129,719
16130,720
16131,721
16132,722
16133,723
16134,724
16135,725
16136,726
16137,727
16138,728
16139,729
16140,730
16141,731
16142,732
16143,733
16144,734
16145,735
16146,736
16147,737
16148,738
16149,739
16150,740
16151,741
16152,742
16153,743
16154,745
16155,746
16156,747
16157,748
16158,749
16159,75
16160,750
16161,751
16162,752
16163,753
16164,754
16165,755
16166,756
16167,757
16168,758
16169,759
16170,76
16171,760
16172,761
16173,762
16174,763
16175,764
16176,765
16177,766
16178,767
16179,768
16180,769
16181,77
16182,770
16183,771
16184,772
16185,773
16186,774
16187,777
16188,778
16189,779
16190,78
16191,780
16192,781
16193,782
16194,783
16195,784
16196,785
16197,786
16198,787
16199,788
16200,789
16201,79
16202,790
16203,791
16204,792
16205,793
16206,794
16207,795
16208,796
16209,797
16210,798
16211,799
16212,80
16213,800
16214,801
16215,802
16216,803
16217,804
16218,805
16219,807
16220,808
16221,809
16222,81
16223,810
16224,811
16225,812
16226,813
16227,814
16228,815
16229,816
16230,817
16231,818
16232,819
16233,82
16234,820
16235,821
16236,822
16237,823
16238,824
16239,825
16240,826
16241,827
16242,828
16243,829
16244,83
16245,830
16246,831
16247,832
16248,833
16249,834
16250,835
16251,838
16252,839
16253,84
16254,840
16255,841
16256,842
16257,843
16258,844
16259,845
16260,846
16261,847
16262,848
16263,849
16264,85
16265,850
16266,851
16267,852
16268,853
16269,854
16270,855
16271,856
16272,857
16273,858
16274,859
16275,86
16276,860
16277,861
16278,862
16279,863
16280,864
16281,865
16282,869
16283,87
16284,870
16285,871
16286,872
16287,873
16288,874
16289,875
16290,876
16291,877
16292,878
16293,879
16294,88
16295,880
16296,881
16297,882
16298,883
16299,884
16300,885
16301,886
16302,887
16303,888
16304,889
16305,89
16306,890
16307,891
16308,892
16309,893
16310,894
16311,895
16312,896
16313,90
16314,900
16315,901
16316,902
16317,903
16318,904
16319,905
16320,906
16321,907
16322,908
16323,909
16324,91
16325,910
16326,911
16327,912
16328,913
16329,914
16330,915
16331,916
16332,917
16333,918
16334,919
16335,92
16336,920
16337,921
16338,922
16339,923
16340,924
16341,925
16342,926
16343,927
16344,93
16345,931
16346,932
16347,933
16348,934
16349,935
16350,936
16351,937
16352,938
16353,939
16354,940
16355,941
16356,942
16357,943
16358,944
16359,945
16360,946
16361,947
16362,948
16363,949
16364,950
16365,951
16366,952
16367,953
16368,954
16369,955
16370,956
16371,957
16372,958
16373,995
16374,996
16375,997
16376,998
16377,999
16378,1000
16379,1001
16380,1002
16381,1003
16382,1004
16383,1005
16384,1006
16385,1007
16386,1008
16387,1009
16388,1010
16389,1011
16390,1012
16391,1013
16392,1014
16393,1026
16394,1027
16395,1028
16396,1029
16397,1030
16398,1031
16399,1032
16400,1033
16401,1034
16402,1035
16403,1036
16404,1037
16405,1038
16406,1039
16407,1040
16408,1041
16409,1042
16410,1043
16411,1044
16412,1056
16413,1057
16414,1058
16415,1059
16416,106
16417,1060
16418,1061
16419,1062
16420,1063
16421,1064
16422,1065
16423,1066
16424,1067
16425,1068
16426,1069
16427,107
16428,1070
16429,1071
16430,1072
16431,1073
16432,1074
16433,1075
16434,108
16435,1089
16436,109
16437,1090
16438,1091
16439,1092
16440,1093
16441,1094
16442,1095
16443,1096
16444,1097
16445,1098
16446,1099
16447,110
16448,1100
16449,1101
16450,1102
16451,1103
16452,1104
16453,1105
16454,111
16455,112
16456,1121
16457,1122
16458,1123
16459,1124
16460,1125
16461,1126
16462,1127
16463,1128
16464,1129
16465,113
16466,1130
16467,1131
16468,1132
16469,1133
16470,1134
16471,1135
16472,1136
16473,114
16474,115
16475,116
16476,117
16477,118
16478,119
16479,120
16480,121
16481,122
16482,123
16483,124
16484,137
16485,138
16486,139
16487,140
16488,141
16489,142
16490,143
16491,144
16492,145
16493,146
16494,147
16495,148
16496,149
16497,15
16498,150
16499,151
16500,152
16501,153
16502,154
16503,155
16504,16
16505,166
16506,167
16507,168
16508,169
16509,17
16510,170
16511,171
16512,172
16513,173
16514,174
16515,175
16516,176
16517,177
16518,178
16519,179
16520,18
16521,180
16522,181
16523,182
16524,183
16525,184
16526,185
16527,186
16528,19
16529,196
16530,197
16531,198
16532,199
16533,20
16534,200
16535,201
16536,202
16537,203
16538,204
16539,205
16540,206
16541,207
16542,208
16543,209
16544,21
16545,210
16546,211
16547,212
16548,213
16549,214
16550,215
16551,216
16552,217
16553,22
16554,226
16555,227
16556,228
16557,229
16558,23
16559,230
16560,231
16561,232
16562,233
16563,234
16564,235
16565,236
16566,237
16567,238
16568,239
16569,24
16570,240
16571,241
16572,242
16573,243
16574,244
16575,245
16576,246
16577,247
16578,248
16579,25
16580,254
16581,255
16582,256
16583,257
16584,258
16585,259
16586,26
16587,260
16588,261
16589,262
16590,263
16591,264
16592,265
16593,266
16594,267
16595,268
16596,269
16597,27
16598,270
16599,271
16600,272
16601,273
16602,274
16603,275
16604,276
16605,277
16606,278
16607,279
16608,28
16609,282
16610,283
16611,284
16612,285
16613,286
16614,287
16615,288
16616,289
16617,29
16618,290
16619,291
16620,292
16621,293
16622,294
16623,295
16624,296
16625,297
16626,298
16627,299
16628,30
16629,300
16630,301
16631,302
16632,303
16633,304
16634,305
16635,306
16636,307
16637,308
16638,309
16639,31
16640,310
16641,311
16642,312
16643,313
16644,314
16645,315
16646,316
16647,317
16648,318
16649,319
16650,320
16651,321
16652,322
16653,323
16654,324
16655,325
16656,326
16657,327
16658,328
16659,329
16660,330
16661,331
16662,332
16663,333
16664,334
16665,335
16666,336
16667,337
16668,338
16669,339
16670,340
16671,341
16672,342
16673,343
16674,344
16675,345
16676,346
16677,347
16678,348
16679,349
16680,350
16681,351
16682,352
16683,353
16684,354
16685,355
16686,356
16687,357
16688,358
16689,359
16690,360
16691,361
16692,362
16693,363
16694,364
16695,365
16696,366
16697,367
16698,368
16699,369
16700,370
16701,371
16702,372
16703,373
16704,374
16705,375
16706,376
16707,377
16708,378
16709,379
16710,380
16711,381
16712,382
16713,383
16714,384
16715,385
16716,386
16717,387
16718,388
16719,389
16720,390
16721,391
16722,392
16723,393
16724,394
16725,395
16726,396
16727,397
16728,398
16729,399
16730,400
16731,401
16732,402
16733,403
16734,404
16735,405
16736,406
16737,407
16738,408
16739,409
16740,410
16741,411
16742,412
16743,413
16744,414
16745,415
16746,416
16747,417
16748,418
16749,419
16750,420
16751,421
16752,422
16753,423
16754,424
16755,425
16756,426
16757,427
16758,428
16759,429
16760,430
16761,431
16762,432
16763,433
16764,434
16765,435
16766,436
16767,437
16768,438
16769,439
16770,440
16771,441
16772,442
16773,443
16774,444
16775,445
16776,446
16777,447
16778,448
16779,449
16780,45
16781,450
16782,451
16783,452
16784,453
16785,454
16786,455
16787,456
16788,457
16789,458
16790,459
16791,46
16792,460
16793,461
16794,462
16795,463
16796,464
16797,465
16798,466
16799,467
16800,468
16801,469
16802,47
16803,470
16804,471
16805,472
16806,473
16807,474
16808,475
16809,476
16810,477
16811,478
16812,479
16813,48
16814,480
16815,481
16816,482
16817,483
16818,484
16819,485
16820,486
16821,487
16822,488
16823,489
16824,49
16825,490
16826,491
16827,492
16828,493
16829,494
16830,495
16831,496
16832,497
16833,498
16834,499
16835,50
16836,500
16837,501
16838,502
16839,503
16840,504
16841,505
16842,506
16843,507
16844,508
16845,509
16846,51
16847,510
16848,511
16849,512
16850,513
16851,514
16852,515
16853,516
16854,517
16855,518
16856,519
16857,52
16858,520
16859,521
16860,522
16861,523
16862,524
16863,525
16864,526
16865,527
16866,528
16867,529
16868,53
16869,530
16870,531
16871,532
16872,533
16873,534
16874,535
16875,536
16876,537
16877,538
16878,539
16879,54
16880,540
16881,541
16882,542
16883,543
16884,544
16885,545
16886,546
16887,547
16888,548
16889,549
16890,55
16891,550
16892,551
16893,552
16894,553
16895,554
16896,555
16897,556
16898,557
16899,558
16900,559
16901,56
16902,560
16903,561
16904,562
16905,563
16906,564
16907,565
16908,566
16909,567
16910,568
16911,569
16912,57
16913,570
16914,571
16915,572
16916,573
16917,574
16918,575
16919,576
16920,577
16921,578
16922,579
16923,58
16924,580
16925,581
16926,582
16927,583
16928,584
16929,585
16930,586
16931,587
16932,588
16933,589
16934,59
16935,590
16936,591
16937,592
16938,593
16939,594
16940,595
16941,596
16942,597
16943,598
16944,599
16945,60
16946,600
16947,601
16948,602
16949,603
16950,604
16951,605
16952,606
16953,607
16954,608
16955,609
16956,61
16957,610
16958,611
16959,612
16960,613
16961,614
16962,615
16963,616
16964,617
16965,618
16966,619
16967,62
16968,620
16969,621
16970,622
16971,623
16972,624
16973,625
16974,626
16975,627
16976,628
16977,629
16978,630
16979,631
16980,632
16981,633
16982,634
16983,635
16984,636
16985,637
16986,638
16987,639
16988,640
16989,641
16990,642
16991,643
16992,644
16993,645
16994,646
16995,647
16996,648
16997,649
16998,650
16999,651
17000,652
17001,653
17002,654
17003,655
17004,656
17005,657
17006,658
17007,659
17008,660
17009,661
17010,662
17011,663
17012,664
17013,665
17014,666
17015,667
17016,668
17017,669
17018,670
17019,671
17020,672
17021,673
17022,674
17023,675
17024,676
17025,677
17026,678
17027,679
17028,680
17029,681
17030,682
17031,683
17032,684
17033,685
17034,686
17035,687
17036,688
17037,689
17038,690
17039,691
17040,692
17041,693
17042,694
17043,695
17044,696
17045,697
17046,698
17047,699
17048,700
17049,701
17050,702
17051,703
17052,704
17053,705
17054,706
17055,707
17056,708
17057,709
17058,710
17059,711
17060,712
17061,713
17062,714
17063,715
17064,716
17065,717
17066,718
17067,719
17068,720
17069,721
17070,722
17071,723
17072,724
17073,725
17074,726
17075,727
17076,728
17077,729
17078,730
17079,731
17080,732
17081,733
17082,734
17083,735
17084,736
17085,737
17086,738
17087,739
17088,740
17089,741
17090,742
17091,743
17092,745
17093,746
17094,747
17095,748
17096,749
17097,75
17098,750
17099,751
17100,752
17101,753
17102,754
17103,755
17104,756
17105,757
17106,758
17107,759
17108,76
17109,760
17110,761
17111,762
17112,763
17113,764
17114,765
17115,766
17116,767
17117,768
17118,769
17119,77
17120,770
17121,771
17122,772
17123,773
17124,774
17125,777
17126,778
17127,779
17128,78
17129,780
17130,781
17131,782
17132,783
17133,784
17134,785
17135,786
17136,787
17137,788
17138,789
17139,79
17140,790
17141,791
17142,792
17143,793
17144,794
17145,795
17146,796
17147,797
17148,798
17149,799
17150,80
17151,800
17152,801
17153,802
17154,803
17155,804
17156,805
17157,807
17158,808
17159,809
17160,81
17161,810
17162,811
17163,812
17164,813
17165,814
17166,815
17167,816
17168,817
17169,818
17170,819
17171,82
17172,820
17173,821
17174,822
17175,823
17176,824
17177,825
17178,826
17179,827
17180,828
17181,829
17182,83
17183,830
17184,831
17185,832
17186,833
17187,834
17188,835
17189,838
17190,839
17191,84
17192,840
17193,841
17194,842
17195,843
17196,844
17197,845
17198,846
17199,847
17200,848
17201,849
17202,85
17203,850
17204,851
17205,852
17206,853
17207,854
17208,855
17209,856
17210,857
17211,858
17212,859
17213,86
17214,860
17215,861
17216,862
17217,863
17218,864
17219,865
17220,869
17221,87
17222,870
17223,871
17224,872
17225,873
17226,874
17227,875
17228,876
17229,877
17230,878
17231,879
17232,88
17233,880
17234,881
17235,882
17236,883
17237,884
17238,885
17239,886
17240,887
17241,888
17242,889
17243,89
17244,890
17245,891
17246,892
17247,893
17248,894
17249,895
17250,896
17251,90
17252,900
17253,901
17254,902
17255,903
17256,904
17257,905
17258,906
17259,907
17260,908
17261,909
17262,91
17263,910
17264,911
17265,912
17266,913
17267,914
17268,915
17269,916
17270,917
17271,918
17272,919
17273,92
17274,920
17275,921
17276,922
17277,923
17278,924
17279,925
17280,926
17281,927
17282,93
17283,931
17284,932
17285,933
17286,934
17287,935
17288,936
17289,937
17290,938
17291,939
17292,940
17293,941
17294,942
17295,943
17296,944
17297,945
17298,946
17299,947
17300,948
17301,949
17302,950
17303,951
17304,952
17305,953
17306,954
17307,955
17308,956
17309,957
17310,958
17311,995
17312,996
17313,997
17314,998
17315,999
