OID_,FID,X,Y,Extract_GALa_Ele
1,0,-93.531098436763500,44.078019660989192,1154.166720919999989
2,1,-93.531098436763500,44.077980660989198,1153.244493272999989
3,2,-93.531098436763500,44.077941660989190,1152.080661349999900
4,3,-93.531098436763500,44.077902660989189,1151.011216905000083
5,4,-93.531098436763500,44.077863660989195,1150.519816081000045
6,5,-93.531098436763500,44.077824660989201,1150.154418945000089
7,6,-93.531098436763500,44.077785660989193,1149.960103353000022
8,7,-93.531098436763500,44.077746660989192,1149.789482963999944
9,8,-93.531098436763500,44.077707660989184,1149.704562717000044
10,9,-93.531098436763500,44.077668660989190,1149.698459201000105
11,10,-93.531098436763500,44.077629660989189,1149.671847872999933
12,11,-93.531098436763500,44.077590660989195,1149.435343423999939
13,12,-93.531098436763500,44.077551660989187,1149.075113932000022
14,13,-93.531098436763500,44.077512660989193,1148.584106445000089
15,14,-93.531098436763500,44.077473660989192,1148.023885091000011
16,15,-93.531098436763500,44.077434660989191,1147.553263345999994
17,16,-93.531098436763500,44.077395660989190,1146.959662542999922
18,17,-93.531098436763500,44.077356660989189,1146.221638996999900
19,18,-93.531098436763500,44.077317660989195,1145.545559353000044
20,19,-93.531098436763500,44.077278660989194,1145.233520508000083
21,20,-93.531098436763500,44.077239660989193,1145.175347222000028
22,21,-93.531098436763500,44.077200660989192,1145.189181857999984
23,22,-93.531098436763500,44.077161660989191,1145.469129774000066
24,23,-93.531098436763500,44.077122660989197,1145.959187826000061
25,24,-93.531098436763500,44.077083660989189,1146.176554361999933
26,25,-93.531098436763500,44.077044660989195,1146.074910481999950
27,26,-93.531098436763500,44.077005660989194,1146.028428819000055
28,27,-93.531098436763500,44.076966660989186,1147.230075411999906
29,28,-93.531098436763500,44.076927660989192,1148.036322700000028
30,29,-93.531098436763500,44.076888660989191,1147.528618707000078
31,30,-93.531098436763500,44.076849660989190,1145.576999240000077
32,31,-93.531098436763500,44.076810660989189,1144.733235677000039
33,32,-93.531059436763513,44.078019660989192,1153.413574219000111
34,33,-93.531059436763513,44.077980660989198,1152.516601562000005
35,34,-93.531059436763513,44.077941660989190,1151.393608940999911
36,35,-93.531059436763513,44.077902660989189,1150.316080729000078
37,36,-93.531059436763513,44.077863660989195,1149.808756509999967
38,37,-93.531059436763513,44.077824660989201,1149.455240884999967
39,38,-93.531059436763513,44.077785660989193,1149.302266439000050
40,39,-93.531059436763513,44.077746660989192,1149.140882703999978
41,40,-93.531059436763513,44.077707660989184,1149.077935112999967
42,41,-93.531059436763513,44.077668660989190,1149.139268662999939
43,42,-93.531059436763513,44.077629660989189,1149.117011176000005
44,43,-93.531059436763513,44.077590660989195,1148.937038844999961
45,44,-93.531059436763513,44.077551660989187,1148.592325845999994
46,45,-93.531059436763513,44.077512660989193,1148.144137911999906
47,46,-93.531059436763513,44.077473660989192,1147.663180881000017
48,47,-93.531059436763513,44.077434660989191,1147.257934570000089
49,48,-93.531059436763513,44.077395660989190,1146.673597548000089
50,49,-93.531059436763513,44.077356660989189,1145.991034614000000
51,50,-93.531059436763513,44.077317660989195,1145.356228298999895
52,51,-93.531059436763513,44.077278660989194,1145.072489421000000
53,52,-93.531059436763513,44.077239660989193,1145.061347114000000
54,53,-93.531059436763513,44.077200660989192,1145.118503146999956
55,54,-93.531059436763513,44.077161660989191,1145.397827148000033
56,55,-93.531059436763513,44.077122660989197,1145.891954209999994
57,56,-93.531059436763513,44.077083660989189,1146.101331923000089
58,57,-93.531059436763513,44.077044660989195,1146.002034504999983
59,58,-93.531059436763513,44.077005660989194,1145.943535698999995
60,59,-93.531059436763513,44.076966660989186,1147.145643445999895
61,60,-93.531059436763513,44.076927660989192,1147.925686305999989
62,61,-93.531059436763513,44.076888660989191,1147.496514213999944
63,62,-93.531059436763513,44.076849660989190,1145.422512478000044
64,63,-93.531059436763513,44.076810660989189,1144.572564019000083
65,64,-93.531020436763498,44.078019660989192,1152.648749456999894
66,65,-93.531020436763498,44.077980660989198,1151.818942599999900
67,66,-93.531020436763498,44.077941660989190,1150.696899413999972
68,67,-93.531020436763498,44.077902660989189,1149.573703342000044
69,68,-93.531020436763498,44.077863660989195,1149.072197808000055
70,69,-93.531020436763498,44.077824660989201,1148.713473849999900
71,70,-93.531020436763498,44.077785660989193,1148.589884440000105
72,71,-93.531020436763498,44.077746660989192,1148.461005316999945
73,72,-93.531020436763498,44.077707660989184,1148.436279297000056
74,73,-93.531020436763498,44.077668660989190,1148.528361003000100
75,74,-93.531020436763498,44.077629660989189,1148.561537001000033
76,75,-93.531020436763498,44.077590660989195,1148.423339844000111
77,76,-93.531020436763498,44.077551660989187,1148.119791667000072
78,77,-93.531020436763498,44.077512660989193,1147.761813694000011
79,78,-93.531020436763498,44.077473660989192,1147.304294161999906
80,79,-93.531020436763498,44.077434660989191,1146.928846570999895
81,80,-93.531020436763498,44.077395660989190,1146.416571723000061
82,81,-93.531020436763498,44.077356660989189,1145.771077474000094
83,82,-93.531020436763498,44.077317660989195,1145.179578992999950
84,83,-93.531020436763498,44.077278660989194,1144.944173177000039
85,84,-93.531020436763498,44.077239660989193,1144.947509765999939
86,85,-93.531020436763498,44.077200660989192,1145.022243923999895
87,86,-93.531020436763498,44.077161660989191,1145.331068251000033
88,87,-93.531020436763498,44.077122660989197,1145.803222655999889
89,88,-93.531020436763498,44.077083660989189,1145.993570963999900
90,89,-93.531020436763498,44.077044660989195,1145.924051921000000
91,90,-93.531020436763498,44.077005660989194,1145.852186415000006
92,91,-93.531020436763498,44.076966660989186,1147.001831054999911
93,92,-93.531020436763498,44.076927660989192,1147.777289497000083
94,93,-93.531020436763498,44.076888660989191,1147.270046657999956
95,94,-93.531020436763498,44.076849660989190,1145.305745442999978
96,95,-93.531020436763498,44.076810660989189,1144.416965060999928
97,96,-93.530981436763511,44.078019660989192,1152.013387043999955
98,97,-93.530981436763511,44.077980660989198,1151.163859048999939
99,98,-93.530981436763511,44.077941660989190,1150.074971516999994
100,99,-93.530981436763511,44.077902660989189,1148.932088216000011
101,100,-93.530981436763511,44.077863660989195,1148.444824219000111
102,101,-93.530981436763511,44.077824660989201,1148.113586425999983
103,102,-93.530981436763511,44.077785660989193,1147.970703125000000
104,103,-93.530981436763511,44.077746660989192,1147.884318033999989
105,104,-93.530981436763511,44.077707660989184,1147.886576334999972
106,105,-93.530981436763511,44.077668660989190,1148.016113280999889
107,106,-93.530981436763511,44.077629660989189,1148.109944661000100
108,107,-93.530981436763511,44.077590660989195,1148.012674967000066
109,108,-93.530981436763511,44.077551660989187,1147.779357910000044
110,109,-93.530981436763511,44.077512660989193,1147.437825520999922
111,110,-93.530981436763511,44.077473660989192,1147.009623209999972
112,111,-93.530981436763511,44.077434660989191,1146.698160807000022
113,112,-93.530981436763511,44.077395660989190,1146.227640787999917
114,113,-93.530981436763511,44.077356660989189,1145.606445312000005
115,114,-93.530981436763511,44.077317660989195,1145.046162923000111
116,115,-93.530981436763511,44.077278660989194,1144.840301513999975
117,116,-93.530981436763511,44.077239660989193,1144.851542155000061
118,117,-93.530981436763511,44.077200660989192,1144.937357584999972
119,118,-93.530981436763511,44.077161660989191,1145.269246418999955
120,119,-93.530981436763511,44.077122660989197,1145.725891112999989
121,120,-93.530981436763511,44.077083660989189,1145.930664062000005
122,121,-93.530981436763511,44.077044660989195,1145.868713378999928
123,122,-93.530981436763511,44.077005660989194,1145.704040526999961
124,123,-93.530981436763511,44.076966660989186,1146.904907226999967
125,124,-93.530981436763511,44.076927660989192,1147.632263184000067
126,125,-93.530981436763511,44.076888660989191,1147.024698893000050
127,126,-93.530981436763511,44.076849660989190,1145.121134440000105
128,127,-93.530981436763511,44.076810660989189,1144.267049154000006
129,128,-93.530942436763510,44.078019660989192,1151.407050239000000
130,129,-93.530942436763510,44.077980660989198,1150.552205404000006
131,130,-93.530942436763510,44.077941660989190,1149.448866102000011
132,131,-93.530942436763510,44.077902660989189,1148.293687609000017
133,132,-93.530942436763510,44.077863660989195,1147.823242187999995
134,133,-93.530942436763510,44.077824660989201,1147.499118381000017
135,134,-93.530942436763510,44.077785660989193,1147.399719237999989
136,135,-93.530942436763510,44.077746660989192,1147.301595052000039
137,136,-93.530942436763510,44.077707660989184,1147.359442816999945
138,137,-93.530942436763510,44.077668660989190,1147.542032878000100
139,138,-93.530942436763510,44.077629660989189,1147.690185547000056
140,139,-93.530942436763510,44.077590660989195,1147.663967555999989
141,140,-93.530942436763510,44.077551660989187,1147.473693848000039
142,141,-93.530942436763510,44.077512660989193,1147.153157552000039
143,142,-93.530942436763510,44.077473660989192,1146.773234048999939
144,143,-93.530942436763510,44.077434660989191,1146.507785372999933
145,144,-93.530942436763510,44.077395660989190,1146.050279405000083
146,145,-93.530942436763510,44.077356660989189,1145.477620442999978
147,146,-93.530942436763510,44.077317660989195,1144.984754774000066
148,147,-93.530942436763510,44.077278660989194,1144.774454753000100
149,148,-93.530942436763510,44.077239660989193,1144.793497720999994
150,149,-93.530942436763510,44.077200660989192,1144.886284722000028
151,150,-93.530942436763510,44.077161660989191,1145.217651366999917
152,151,-93.530942436763510,44.077122660989197,1145.687079536000056
153,152,-93.530942436763510,44.077083660989189,1145.893541123999967
154,153,-93.530942436763510,44.077044660989195,1145.781677246000072
155,154,-93.530942436763510,44.077005660989194,1145.628648546000022
156,155,-93.530942436763510,44.076966660989186,1146.792331271999956
157,156,-93.530942436763510,44.076927660989192,1147.557603623999967
158,157,-93.530942436763510,44.076888660989191,1147.085422092000044
159,158,-93.530942436763510,44.076849660989190,1145.070448133999889
160,159,-93.530942436763510,44.076810660989189,1144.127482095999994
161,160,-93.530903436763509,44.078019660989192,1150.682996962000061
162,161,-93.530903436763509,44.077980660989198,1149.824083116000111
163,162,-93.530903436763509,44.077941660989190,1148.672770182000022
164,163,-93.530903436763509,44.077902660989189,1147.530721029000006
165,164,-93.530903436763509,44.077863660989195,1147.098890515999983
166,165,-93.530903436763509,44.077824660989201,1146.791246201999911
167,166,-93.530903436763509,44.077785660989193,1146.702311197999961
168,167,-93.530903436763509,44.077746660989192,1146.639268662999939
169,168,-93.530903436763509,44.077707660989184,1146.774400498999967
170,169,-93.530903436763509,44.077668660989190,1147.027180990000033
171,170,-93.530903436763509,44.077629660989189,1147.258124456999894
172,171,-93.530903436763509,44.077590660989195,1147.290106878999950
173,172,-93.530903436763509,44.077551660989187,1147.130187987999989
174,173,-93.530903436763509,44.077512660989193,1146.868272569000055
175,174,-93.530903436763509,44.077473660989192,1146.522745768000050
176,175,-93.530903436763509,44.077434660989191,1146.294840495000017
177,176,-93.530903436763509,44.077395660989190,1145.902954101999967
178,177,-93.530903436763509,44.077356660989189,1145.368787977000011
179,178,-93.530903436763509,44.077317660989195,1144.928426106999950
180,179,-93.530903436763509,44.077278660989194,1144.748270671000000
181,180,-93.530903436763509,44.077239660989193,1144.780449761000000
182,181,-93.530903436763509,44.077200660989192,1144.888726127999917
183,182,-93.530903436763509,44.077161660989191,1145.229302299999972
184,183,-93.530903436763509,44.077122660989197,1145.684977213999900
185,184,-93.530903436763509,44.077083660989189,1145.861246745000017
186,185,-93.530903436763509,44.077044660989195,1145.713480632000028
187,186,-93.530903436763509,44.077005660989194,1145.551784939000072
188,187,-93.530903436763509,44.076966660989186,1146.698879666000039
189,188,-93.530903436763509,44.076927660989192,1147.482449002000067
190,189,-93.530903436763509,44.076888660989191,1146.890652127000067
191,190,-93.530903436763509,44.076849660989190,1144.903822156999922
192,191,-93.530903436763509,44.076810660989189,1143.993665906999922
193,192,-93.530864436763494,44.078019660989192,1149.984347872999933
194,193,-93.530864436763494,44.077980660989198,1149.062649196999928
195,194,-93.530864436763494,44.077941660989190,1147.949842665000006
196,195,-93.530864436763494,44.077902660989189,1146.813666450000028
197,196,-93.530864436763494,44.077863660989195,1146.409830729000078
198,197,-93.530864436763494,44.077824660989201,1146.128051758000083
199,198,-93.530864436763494,44.077785660989193,1146.065775553000094
200,199,-93.530864436763494,44.077746660989192,1146.053046331999894
201,200,-93.530864436763494,44.077707660989184,1146.247545030000083
202,201,-93.530864436763494,44.077668660989190,1146.570041232999984
203,202,-93.530864436763494,44.077629660989189,1146.875610351999967
204,203,-93.530864436763494,44.077590660989195,1146.952650281999922
205,204,-93.530864436763494,44.077551660989187,1146.837524413999972
206,205,-93.530864436763494,44.077512660989193,1146.609361436999961
207,206,-93.530864436763494,44.077473660989192,1146.333414713999900
208,207,-93.530864436763494,44.077434660989191,1146.162977430999945
209,208,-93.530864436763494,44.077395660989190,1145.824069553000072
210,209,-93.530864436763494,44.077356660989189,1145.294704860999900
211,210,-93.530864436763494,44.077317660989195,1144.893893771999956
212,211,-93.530864436763494,44.077278660989194,1144.733744303000094
213,212,-93.530864436763494,44.077239660989193,1144.797865126000033
214,213,-93.530864436763494,44.077200660989192,1144.931532117999950
215,214,-93.530864436763494,44.077161660989191,1145.270643445999895
216,215,-93.530864436763494,44.077122660989197,1145.737331814000072
217,216,-93.530864436763494,44.077083660989189,1145.858900281999922
218,217,-93.530864436763494,44.077044660989195,1145.667826334999972
219,218,-93.530864436763494,44.077005660989194,1145.492580838000094
220,219,-93.530864436763494,44.076966660989186,1146.597262911999906
221,220,-93.530864436763494,44.076927660989192,1147.445841470999994
222,221,-93.530864436763494,44.076888660989191,1146.892266168000106
223,222,-93.530864436763494,44.076849660989190,1144.741346570999895
224,223,-93.530864436763494,44.076810660989189,1143.882866752999917
225,224,-93.530825436763507,44.078019660989192,1149.307495116999917
226,225,-93.530825436763507,44.077980660989198,1148.367146809999895
227,226,-93.530825436763507,44.077941660989190,1147.275716145999922
228,227,-93.530825436763507,44.077902660989189,1146.175170898000033
229,228,-93.530825436763507,44.077863660989195,1145.769829644000083
230,229,-93.530825436763507,44.077824660989201,1145.528225368999983
231,230,-93.530825436763507,44.077785660989193,1145.498657226999967
232,231,-93.530825436763507,44.077746660989192,1145.521945530000039
233,232,-93.530825436763507,44.077707660989184,1145.781765407999956
234,233,-93.530825436763507,44.077668660989190,1146.176378037999939
235,234,-93.530825436763507,44.077629660989189,1146.520412868999983
236,235,-93.530825436763507,44.077590660989195,1146.663886176000005
237,236,-93.530825436763507,44.077551660989187,1146.591003417999900
238,237,-93.530825436763507,44.077512660989193,1146.396185980999917
239,238,-93.530825436763507,44.077473660989192,1146.194986979000078
240,239,-93.530825436763507,44.077434660989191,1146.057766384999923
241,240,-93.530825436763507,44.077395660989190,1145.759724934999895
242,241,-93.530825436763507,44.077356660989189,1145.290635850999934
243,242,-93.530825436763507,44.077317660989195,1144.879977756000017
244,243,-93.530825436763507,44.077278660989194,1144.743855793999955
245,244,-93.530825436763507,44.077239660989193,1144.831570094999961
246,245,-93.530825436763507,44.077200660989192,1144.989298503000100
247,246,-93.530825436763507,44.077161660989191,1145.355088975999934
248,247,-93.530825436763507,44.077122660989197,1145.787055122000083
249,248,-93.530825436763507,44.077083660989189,1145.876180013000067
250,249,-93.530825436763507,44.077044660989195,1145.654683430999967
251,250,-93.530825436763507,44.077005660989194,1145.459431966000011
252,251,-93.530825436763507,44.076966660989186,1146.623752169999989
253,252,-93.530825436763507,44.076927660989192,1147.435126411000056
254,253,-93.530825436763507,44.076888660989191,1146.853013780000083
255,254,-93.530825436763507,44.076849660989190,1144.715250650999906
256,255,-93.530825436763507,44.076810660989189,1143.782416450000028
257,256,-93.530786436763520,44.078019660989192,1148.721856011000000
258,257,-93.530786436763520,44.077980660989198,1147.760145399000066
259,258,-93.530786436763520,44.077941660989190,1146.638699002000067
260,259,-93.530786436763520,44.077902660989189,1145.578016492999950
261,260,-93.530786436763520,44.077863660989195,1145.184678819000055
262,261,-93.530786436763520,44.077824660989201,1144.984334309999895
263,262,-93.530786436763520,44.077785660989193,1144.993733724000094
264,263,-93.530786436763520,44.077746660989192,1145.052327474000094
265,264,-93.530786436763520,44.077707660989184,1145.373874240000077
266,265,-93.530786436763520,44.077668660989190,1145.828667535000022
267,266,-93.530786436763520,44.077629660989189,1146.219712998999967
268,267,-93.530786436763520,44.077590660989195,1146.401652018000050
269,268,-93.530786436763520,44.077551660989187,1146.367472331000045
270,269,-93.530786436763520,44.077512660989193,1146.216498480999917
271,270,-93.530786436763520,44.077473660989192,1146.078776042000072
272,271,-93.530786436763520,44.077434660989191,1146.001925997999933
273,272,-93.530786436763520,44.077395660989190,1145.740261502000067
274,273,-93.530786436763520,44.077356660989189,1145.269626194000011
275,274,-93.530786436763520,44.077317660989195,1144.878133138000067
276,275,-93.530786436763520,44.077278660989194,1144.760518391999994
277,276,-93.530786436763520,44.077239660989193,1144.867268879999983
278,277,-93.530786436763520,44.077200660989192,1145.040825737999967
279,278,-93.530786436763520,44.077161660989191,1145.428466797000056
280,279,-93.530786436763520,44.077122660989197,1145.837076822999961
281,280,-93.530786436763520,44.077083660989189,1145.891994900000100
282,281,-93.530786436763520,44.077044660989195,1145.631347655999889
283,282,-93.530786436763520,44.077005660989194,1145.433865017000016
284,283,-93.530786436763520,44.076966660989186,1146.666598849999900
285,284,-93.530786436763520,44.076927660989192,1147.553643121000050
286,285,-93.530786436763520,44.076888660989191,1146.799045139000100
287,286,-93.530786436763520,44.076849660989190,1144.573065864000000
288,287,-93.530786436763520,44.076810660989189,1143.678534614000000
289,288,-93.530747436763519,44.078019660989192,1148.192599826000105
290,289,-93.530747436763519,44.077980660989198,1147.238376194000011
291,290,-93.530747436763519,44.077941660989190,1146.077663844999961
292,291,-93.530747436763519,44.077902660989189,1145.026991102000011
293,292,-93.530747436763519,44.077863660989195,1144.679945203999978
294,293,-93.530747436763519,44.077824660989201,1144.504313150999906
295,294,-93.530747436763519,44.077785660989193,1144.567891439000050
296,295,-93.530747436763519,44.077746660989192,1144.671861436999961
297,296,-93.530747436763519,44.077707660989184,1145.027072482999984
298,297,-93.530747436763519,44.077668660989190,1145.519802517000016
299,298,-93.530747436763519,44.077629660989189,1145.940388996999900
300,299,-93.530747436763519,44.077590660989195,1146.170315213000094
301,300,-93.530747436763519,44.077551660989187,1146.161315917999900
302,301,-93.530747436763519,44.077512660989193,1146.054999456999894
303,302,-93.530747436763519,44.077473660989192,1145.970350477000011
304,303,-93.530747436763519,44.077434660989191,1145.928995768000050
305,304,-93.530747436763519,44.077395660989190,1145.712768554999911
306,305,-93.530747436763519,44.077356660989189,1145.257663303000072
307,306,-93.530747436763519,44.077317660989195,1144.891533746000050
308,307,-93.530747436763519,44.077278660989194,1144.768534342000066
309,308,-93.530747436763519,44.077239660989193,1144.883951822999961
310,309,-93.530747436763519,44.077200660989192,1145.060438367999950
311,310,-93.530747436763519,44.077161660989191,1145.470092773000033
312,311,-93.530747436763519,44.077122660989197,1145.882324219000111
313,312,-93.530747436763519,44.077083660989189,1145.920464410000022
314,313,-93.530747436763519,44.077044660989195,1145.637430826999889
315,314,-93.530747436763519,44.077005660989194,1145.411838107999984
316,315,-93.530747436763519,44.076966660989186,1146.673651801000005
317,316,-93.530747436763519,44.076927660989192,1147.500420463999944
318,317,-93.530747436763519,44.076888660989191,1146.805419922000056
319,318,-93.530747436763519,44.076849660989190,1144.643459743999983
320,319,-93.530747436763519,44.076810660989189,1143.608520508000083
321,320,-93.530708436763518,44.078019660989192,1147.788472492999972
322,321,-93.530708436763518,44.077980660989198,1146.815287271999978
323,322,-93.530708436763518,44.077941660989190,1145.669942219999939
324,323,-93.530708436763518,44.077902660989189,1144.667521158999989
325,324,-93.530708436763518,44.077863660989195,1144.305664062000005
326,325,-93.530708436763518,44.077824660989201,1144.177164713999900
327,326,-93.530708436763518,44.077785660989193,1144.271667479999905
328,327,-93.530708436763518,44.077746660989192,1144.391072591000011
329,328,-93.530708436763518,44.077707660989184,1144.785135905000061
330,329,-93.530708436763518,44.077668660989190,1145.283284504999983
331,330,-93.530708436763518,44.077629660989189,1145.747416178000094
332,331,-93.530708436763518,44.077590660989195,1145.969624837000083
333,332,-93.530708436763518,44.077551660989187,1145.988983153999925
334,333,-93.530708436763518,44.077512660989193,1145.913330077999944
335,334,-93.530708436763518,44.077473660989192,1145.876566569000033
336,335,-93.530708436763518,44.077434660989191,1145.847473145000095
337,336,-93.530708436763518,44.077395660989190,1145.666666667000072
338,337,-93.530708436763518,44.077356660989189,1145.253295898000033
339,338,-93.530708436763518,44.077317660989195,1144.885721842000066
340,339,-93.530708436763518,44.077278660989194,1144.742919922000056
341,340,-93.530708436763518,44.077239660989193,1144.854654947999961
342,341,-93.530708436763518,44.077200660989192,1145.042521158999989
343,342,-93.530708436763518,44.077161660989191,1145.469177246000072
344,343,-93.530708436763518,44.077122660989197,1145.898457844999939
345,344,-93.530708436763518,44.077083660989189,1145.930928548000111
346,345,-93.530708436763518,44.077044660989195,1145.640747070000089
347,346,-93.530708436763518,44.077005660989194,1145.433207194000033
348,347,-93.530708436763518,44.076966660989186,1146.603108724000094
349,348,-93.530708436763518,44.076927660989192,1147.589904785000044
350,349,-93.530708436763518,44.076888660989191,1146.798217773000033
351,350,-93.530708436763518,44.076849660989190,1144.509643554999911
352,351,-93.530708436763518,44.076810660989189,1143.563557942999978
353,352,-93.530669436763503,44.078019660989192,1147.440483940999911
354,353,-93.530669436763503,44.077980660989198,1146.490709093000078
355,354,-93.530669436763503,44.077941660989190,1145.371256509999967
356,355,-93.530669436763503,44.077902660989189,1144.367743598000061
357,356,-93.530669436763503,44.077863660989195,1144.018107095999994
358,357,-93.530669436763503,44.077824660989201,1143.905314128000100
359,358,-93.530669436763503,44.077785660989193,1144.001953125000000
360,359,-93.530669436763503,44.077746660989192,1144.152221679999911
361,360,-93.530669436763503,44.077707660989184,1144.546291775000100
362,361,-93.530669436763503,44.077668660989190,1145.053534614000000
363,362,-93.530669436763503,44.077629660989189,1145.524983724000094
364,363,-93.530669436763503,44.077590660989195,1145.801296657999956
365,364,-93.530669436763503,44.077551660989187,1145.857706706000045
366,365,-93.530669436763503,44.077512660989193,1145.786824543999955
367,366,-93.530669436763503,44.077473660989192,1145.745130751000033
368,367,-93.530669436763503,44.077434660989191,1145.782891168000106
369,368,-93.530669436763503,44.077395660989190,1145.617106120000017
370,369,-93.530669436763503,44.077356660989189,1145.179999456999894
371,370,-93.530669436763503,44.077317660989195,1144.817884656999922
372,371,-93.530669436763503,44.077278660989194,1144.707214354999905
373,372,-93.530669436763503,44.077239660989193,1144.823825411999906
374,373,-93.530669436763503,44.077200660989192,1145.010077581999894
375,374,-93.530669436763503,44.077161660989191,1145.430419922000056
376,375,-93.530669436763503,44.077122660989197,1145.877197265999939
377,376,-93.530669436763503,44.077083660989189,1145.920423719999917
378,377,-93.530669436763503,44.077044660989195,1145.639628092000066
379,378,-93.530669436763503,44.077005660989194,1145.379096137000033
380,379,-93.530669436763503,44.076966660989186,1146.669474283999989
381,380,-93.530669436763503,44.076927660989192,1147.634399413999972
382,381,-93.530669436763503,44.076888660989191,1146.842678493999983
383,382,-93.530669436763503,44.076849660989190,1144.554389105999917
384,383,-93.530669436763503,44.076810660989189,1143.564331054999911
385,384,-93.530630436763516,44.078019660989192,1147.094631618999983
386,385,-93.530630436763516,44.077980660989198,1146.173461913999972
387,386,-93.530630436763516,44.077941660989190,1145.078572591000011
388,387,-93.530630436763516,44.077902660989189,1144.082641601999967
389,388,-93.530630436763516,44.077863660989195,1143.715576172000056
390,389,-93.530630436763516,44.077824660989201,1143.612155490000077
391,390,-93.530630436763516,44.077785660989193,1143.725850423000111
392,391,-93.530630436763516,44.077746660989192,1143.895738389999906
393,392,-93.530630436763516,44.077707660989184,1144.270887587000061
394,393,-93.530630436763516,44.077668660989190,1144.791612412999939
395,394,-93.530630436763516,44.077629660989189,1145.304131401999939
396,395,-93.530630436763516,44.077590660989195,1145.608439128000100
397,396,-93.530630436763516,44.077551660989187,1145.675374349000094
398,397,-93.530630436763516,44.077512660989193,1145.628499349000094
399,398,-93.530630436763516,44.077473660989192,1145.605495877000067
400,399,-93.530630436763516,44.077434660989191,1145.629828559000089
401,400,-93.530630436763516,44.077395660989190,1145.481743707000078
402,401,-93.530630436763516,44.077356660989189,1145.080118815000105
403,402,-93.530630436763516,44.077317660989195,1144.728352865000033
404,403,-93.530630436763516,44.077278660989194,1144.635131836000028
405,404,-93.530630436763516,44.077239660989193,1144.753472222000028
406,405,-93.530630436763516,44.077200660989192,1144.960869683000055
407,406,-93.530630436763516,44.077161660989191,1145.360921224000094
408,407,-93.530630436763516,44.077122660989197,1145.826863606999950
409,408,-93.530630436763516,44.077083660989189,1145.837632921000022
410,409,-93.530630436763516,44.077044660989195,1145.565511067999978
411,410,-93.530630436763516,44.077005660989194,1145.321872286999906
412,411,-93.530630436763516,44.076966660989186,1146.621107313000039
413,412,-93.530630436763516,44.076927660989192,1147.525241428000072
414,413,-93.530630436763516,44.076888660989191,1146.746961805999945
415,414,-93.530630436763516,44.076849660989190,1144.492987739000000
416,415,-93.530630436763516,44.076810660989189,1143.530368381000017
417,416,-93.530591436763501,44.078019660989192,1146.820827907999956
418,417,-93.530591436763501,44.077980660989198,1145.912204319000011
419,418,-93.530591436763501,44.077941660989190,1144.822618272999989
420,419,-93.530591436763501,44.077902660989189,1143.834255642000016
421,420,-93.530591436763501,44.077863660989195,1143.446641709999994
422,421,-93.530591436763501,44.077824660989201,1143.336914062000005
423,422,-93.530591436763501,44.077785660989193,1143.459391275999906
424,423,-93.530591436763501,44.077746660989192,1143.626166450000028
425,424,-93.530591436763501,44.077707660989184,1144.033365884999967
426,425,-93.530591436763501,44.077668660989190,1144.571682400000100
427,426,-93.530591436763501,44.077629660989189,1145.098971896999956
428,427,-93.530591436763501,44.077590660989195,1145.434990776999939
429,428,-93.530591436763501,44.077551660989187,1145.535766601999967
430,429,-93.530591436763501,44.077512660989193,1145.487250434000089
431,430,-93.530591436763501,44.077473660989192,1145.430636935999928
432,431,-93.530591436763501,44.077434660989191,1145.446506076000105
433,432,-93.530591436763501,44.077395660989190,1145.325303819000055
434,433,-93.530591436763501,44.077356660989189,1144.940049912999939
435,434,-93.530591436763501,44.077317660989195,1144.627224392000016
436,435,-93.530591436763501,44.077278660989194,1144.529378254999983
437,436,-93.530591436763501,44.077239660989193,1144.671332464999978
438,437,-93.530591436763501,44.077200660989192,1144.887234157999956
439,438,-93.530591436763501,44.077161660989191,1145.295898437999995
440,439,-93.530591436763501,44.077122660989197,1145.739447700000028
441,440,-93.530591436763501,44.077083660989189,1145.742987739000000
442,441,-93.530591436763501,44.077044660989195,1145.473999023000033
443,442,-93.530591436763501,44.077005660989194,1145.224216036999906
444,443,-93.530591436763501,44.076966660989186,1146.537746853000044
445,444,-93.530591436763501,44.076927660989192,1147.468899196999928
446,445,-93.530591436763501,44.076888660989191,1146.704508463999900
447,446,-93.530591436763501,44.076849660989190,1144.514716253999950
448,447,-93.530591436763501,44.076810660989189,1143.490342882000050
449,448,-93.530552436763514,44.078019660989192,1146.586629231999950
450,449,-93.530552436763514,44.077980660989198,1145.685221354000078
451,450,-93.530552436763514,44.077941660989190,1144.605170355999917
452,451,-93.530552436763514,44.077902660989189,1143.608344184000089
453,452,-93.530552436763514,44.077863660989195,1143.208645291000039
454,453,-93.530552436763514,44.077824660989201,1143.098158094999917
455,454,-93.530552436763514,44.077785660989193,1143.223937987999989
456,455,-93.530552436763514,44.077746660989192,1143.409098307000022
457,456,-93.530552436763514,44.077707660989184,1143.827894423000089
458,457,-93.530552436763514,44.077668660989190,1144.403306748999967
459,458,-93.530552436763514,44.077629660989189,1144.947577581999894
460,459,-93.530552436763514,44.077590660989195,1145.312934027999972
461,460,-93.530552436763514,44.077551660989187,1145.403299967000066
462,461,-93.530552436763514,44.077512660989193,1145.331285264999906
463,462,-93.530552436763514,44.077473660989192,1145.275010850999934
464,463,-93.530552436763514,44.077434660989191,1145.263576930999989
465,464,-93.530552436763514,44.077395660989190,1145.141764322999961
466,465,-93.530552436763514,44.077356660989189,1144.776516384999923
467,466,-93.530552436763514,44.077317660989195,1144.470255533999989
468,467,-93.530552436763514,44.077278660989194,1144.422749837000083
469,468,-93.530552436763514,44.077239660989193,1144.589463975999934
470,469,-93.530552436763514,44.077200660989192,1144.815524631000017
471,470,-93.530552436763514,44.077161660989191,1145.236083984000061
472,471,-93.530552436763514,44.077122660989197,1145.668524848000061
473,472,-93.530552436763514,44.077083660989189,1145.659057616999917
474,473,-93.530552436763514,44.077044660989195,1145.384623209999972
475,474,-93.530552436763514,44.077005660989194,1145.115953234000017
476,475,-93.530552436763514,44.076966660989186,1146.405856661999906
477,476,-93.530552436763514,44.076927660989192,1147.457411024000066
478,477,-93.530552436763514,44.076888660989191,1146.606716580000011
479,478,-93.530552436763514,44.076849660989190,1144.345798069000011
480,479,-93.530552436763514,44.076810660989189,1143.425523546000022
481,480,-93.530513436763485,44.078019660989192,1146.429158529000006
482,481,-93.530513436763485,44.077980660989198,1145.513387043999955
483,482,-93.530513436763485,44.077941660989190,1144.434841580000011
484,483,-93.530513436763485,44.077902660989189,1143.441040038999972
485,484,-93.530513436763485,44.077863660989195,1143.035712348000061
486,485,-93.530513436763485,44.077824660989201,1142.936957464999978
487,486,-93.530513436763485,44.077785660989193,1143.061299641999994
488,487,-93.530513436763485,44.077746660989192,1143.267713758999889
489,488,-93.530513436763485,44.077707660989184,1143.701117622000083
490,489,-93.530513436763485,44.077668660989190,1144.293863932000022
491,490,-93.530513436763485,44.077629660989189,1144.877143012000033
492,491,-93.530513436763485,44.077590660989195,1145.223782009999923
493,492,-93.530513436763485,44.077551660989187,1145.302836099999922
494,493,-93.530513436763485,44.077512660989193,1145.220798069000011
495,494,-93.530513436763485,44.077473660989192,1145.123630099999900
496,495,-93.530513436763485,44.077434660989191,1145.095987956000045
497,496,-93.530513436763485,44.077395660989190,1144.992662218000078
498,497,-93.530513436763485,44.077356660989189,1144.673977321999928
499,498,-93.530513436763485,44.077317660989195,1144.372612847000028
500,499,-93.530513436763485,44.077278660989194,1144.333780923999939
501,500,-93.530513436763485,44.077239660989193,1144.504530165000006
502,501,-93.530513436763485,44.077200660989192,1144.750895182000022
503,502,-93.530513436763485,44.077161660989191,1145.181410048000089
504,503,-93.530513436763485,44.077122660989197,1145.610744900000100
505,504,-93.530513436763485,44.077083660989189,1145.560031467000044
506,505,-93.530513436763485,44.077044660989195,1145.293619792000072
507,506,-93.530513436763485,44.077005660989194,1145.022352430999945
508,507,-93.530513436763485,44.076966660989186,1146.267469617999950
509,508,-93.530513436763485,44.076927660989192,1147.314697265999939
510,509,-93.530513436763485,44.076888660989191,1146.655558268000050
511,510,-93.530513436763485,44.076849660989190,1144.352769639999906
512,511,-93.530513436763485,44.076810660989189,1143.366034614000000
513,512,-93.530474436763512,44.078019660989192,1146.327270508000083
514,513,-93.530474436763512,44.077980660989198,1145.400553384999967
515,514,-93.530474436763512,44.077941660989190,1144.340332030999889
516,515,-93.530474436763512,44.077902660989189,1143.330383300999983
517,516,-93.530474436763512,44.077863660989195,1142.950520832999928
518,517,-93.530474436763512,44.077824660989201,1142.869873047000056
519,518,-93.530474436763512,44.077785660989193,1142.990783690999933
520,519,-93.530474436763512,44.077746660989192,1143.223307292000072
521,520,-93.530474436763512,44.077707660989184,1143.648356120000017
522,521,-93.530474436763512,44.077668660989190,1144.253295898000033
523,522,-93.530474436763512,44.077629660989189,1144.841817219999939
524,523,-93.530474436763512,44.077590660989195,1145.188720702999944
525,524,-93.530474436763512,44.077551660989187,1145.265655517999903
526,525,-93.530474436763512,44.077512660989193,1145.140401204000000
527,526,-93.530474436763512,44.077473660989192,1145.013387043999955
528,527,-93.530474436763512,44.077434660989191,1144.998433430999967
529,528,-93.530474436763512,44.077395660989190,1144.883015951000061
530,529,-93.530474436763512,44.077356660989189,1144.575520832999928
531,530,-93.530474436763512,44.077317660989195,1144.313130696999906
532,531,-93.530474436763512,44.077278660989194,1144.273223876999964
533,532,-93.530474436763512,44.077239660989193,1144.452128092000066
534,533,-93.530474436763512,44.077200660989192,1144.701354979999905
535,534,-93.530474436763512,44.077161660989191,1145.120524088999900
536,535,-93.530474436763512,44.077122660989197,1145.536682128999928
537,536,-93.530474436763512,44.077083660989189,1145.501790365000033
538,537,-93.530474436763512,44.077044660989195,1145.224945067999897
539,538,-93.530474436763512,44.077005660989194,1144.911804199000017
540,539,-93.530474436763512,44.076966660989186,1146.234171548999939
541,540,-93.530474436763512,44.076927660989192,1147.124552408999989
542,541,-93.530474436763512,44.076888660989191,1146.612202962000083
543,542,-93.530474436763512,44.076849660989190,1144.340718587000083
544,543,-93.530474436763512,44.076810660989189,1143.306376138999894
545,544,-93.530435436763497,44.078019660989192,1146.198757594999961
546,545,-93.530435436763497,44.077980660989198,1145.319675021999956
547,546,-93.530435436763497,44.077941660989190,1144.270643445999895
548,547,-93.530435436763497,44.077902660989189,1143.278184679000105
549,548,-93.530435436763497,44.077863660989195,1142.897623697999961
550,549,-93.530435436763497,44.077824660989201,1142.834296331999894
551,550,-93.530435436763497,44.077785660989193,1142.972778320000089
552,551,-93.530435436763497,44.077746660989192,1143.205471463000094
553,552,-93.530435436763497,44.077707660989184,1143.635701496999900
554,553,-93.530435436763497,44.077668660989190,1144.222941081000045
555,554,-93.530435436763497,44.077629660989189,1144.796929252999917
556,555,-93.530435436763497,44.077590660989195,1145.136135525000100
557,556,-93.530435436763497,44.077551660989187,1145.208740234000061
558,557,-93.530435436763497,44.077512660989193,1145.092868381000017
559,558,-93.530435436763497,44.077473660989192,1144.970309786999906
560,559,-93.530435436763497,44.077434660989191,1144.920016819000011
561,560,-93.530435436763497,44.077395660989190,1144.770087348000061
562,561,-93.530435436763497,44.077356660989189,1144.507826063000039
563,562,-93.530435436763497,44.077317660989195,1144.239122179000105
564,563,-93.530435436763497,44.077278660989194,1144.245096842000066
565,564,-93.530435436763497,44.077239660989193,1144.419420030000083
566,565,-93.530435436763497,44.077200660989192,1144.664835611999933
567,566,-93.530435436763497,44.077161660989191,1145.070081923000089
568,567,-93.530435436763497,44.077122660989197,1145.463311088999944
569,568,-93.530435436763497,44.077083660989189,1145.408081054999911
570,569,-93.530435436763497,44.077044660989195,1145.137186685999950
571,570,-93.530435436763497,44.077005660989194,1144.843953451000061
572,571,-93.530435436763497,44.076966660989186,1146.141601562000005
573,572,-93.530435436763497,44.076927660989192,1147.203613280999889
574,573,-93.530435436763497,44.076888660989191,1146.486667208999961
575,574,-93.530435436763497,44.076849660989190,1144.230319553000072
576,575,-93.530435436763497,44.076810660989189,1143.237277560999928
577,576,-93.530396436763510,44.078019660989192,1146.125311956999894
578,577,-93.530396436763510,44.077980660989198,1145.252956814000072
579,578,-93.530396436763510,44.077941660989190,1144.223714192999978
580,579,-93.530396436763510,44.077902660989189,1143.242865667999922
581,580,-93.530396436763510,44.077863660989195,1142.837754991000111
582,581,-93.530396436763510,44.077824660989201,1142.781806098000061
583,582,-93.530396436763510,44.077785660989193,1142.950358072999961
584,583,-93.530396436763510,44.077746660989192,1143.196750217000044
585,584,-93.530396436763510,44.077707660989184,1143.627929687999995
586,585,-93.530396436763510,44.077668660989190,1144.209106445000089
587,586,-93.530396436763510,44.077629660989189,1144.760877820999895
588,587,-93.530396436763510,44.077590660989195,1145.085788303000072
589,588,-93.530396436763510,44.077551660989187,1145.154968262000011
590,589,-93.530396436763510,44.077512660989193,1145.049872503999950
591,590,-93.530396436763510,44.077473660989192,1144.925360786000056
592,591,-93.530396436763510,44.077434660989191,1144.859768338000094
593,592,-93.530396436763510,44.077395660989190,1144.717190213000094
594,593,-93.530396436763510,44.077356660989189,1144.461263020999922
595,594,-93.530396436763510,44.077317660989195,1144.216512043999955
596,595,-93.530396436763510,44.077278660989194,1144.214457194000033
597,596,-93.530396436763510,44.077239660989193,1144.415337457000078
598,597,-93.530396436763510,44.077200660989192,1144.660739474999900
599,598,-93.530396436763510,44.077161660989191,1145.020168728000044
600,599,-93.530396436763510,44.077122660989197,1145.381958008000083
601,600,-93.530396436763510,44.077083660989189,1145.310451930999989
602,601,-93.530396436763510,44.077044660989195,1145.027709961000028
603,602,-93.530396436763510,44.077005660989194,1144.746907552000039
604,603,-93.530396436763510,44.076966660989186,1146.060709634999967
605,604,-93.530396436763510,44.076927660989192,1147.126803928000072
606,605,-93.530396436763510,44.076888660989191,1146.460367838999900
607,606,-93.530396436763510,44.076849660989190,1144.126736110999900
608,607,-93.530396436763510,44.076810660989189,1143.152601453999978
609,608,-93.530357436763495,44.078019660989192,1146.191853841000011
610,609,-93.530357436763495,44.077980660989198,1145.231811523000033
611,610,-93.530357436763495,44.077941660989190,1144.197129991000111
612,611,-93.530357436763495,44.077902660989189,1143.174343532999956
613,612,-93.530357436763495,44.077863660989195,1142.756008571999928
614,613,-93.530357436763495,44.077824660989201,1142.726643879999983
615,614,-93.530357436763495,44.077785660989193,1142.900431315000105
616,615,-93.530357436763495,44.077746660989192,1143.160834417999922
617,616,-93.530357436763495,44.077707660989184,1143.613796657999956
618,617,-93.530357436763495,44.077668660989190,1144.208889430999989
619,618,-93.530357436763495,44.077629660989189,1144.739474826000105
620,619,-93.530357436763495,44.077590660989195,1145.076782226999967
621,620,-93.530357436763495,44.077551660989187,1145.137044270999922
622,621,-93.530357436763495,44.077512660989193,1145.033799912999939
623,622,-93.530357436763495,44.077473660989192,1144.904934353000044
624,623,-93.530357436763495,44.077434660989191,1144.825670030000083
625,624,-93.530357436763495,44.077395660989190,1144.710313584999994
626,625,-93.530357436763495,44.077356660989189,1144.432020399000066
627,626,-93.530357436763495,44.077317660989195,1144.217285155999889
628,627,-93.530357436763495,44.077278660989194,1144.222635905000061
629,628,-93.530357436763495,44.077239660989193,1144.390909831000045
630,629,-93.530357436763495,44.077200660989192,1144.634223089999978
631,630,-93.530357436763495,44.077161660989191,1144.997517904000006
632,631,-93.530357436763495,44.077122660989197,1145.335381401999939
633,632,-93.530357436763495,44.077083660989189,1145.213121201999911
634,633,-93.530357436763495,44.077044660989195,1144.946614582999928
635,634,-93.530357436763495,44.077005660989194,1144.668294270999922
636,635,-93.530357436763495,44.076966660989186,1146.017483180999989
637,636,-93.530357436763495,44.076927660989192,1147.067125109000017
638,637,-93.530357436763495,44.076888660989191,1146.395385741999917
639,638,-93.530357436763495,44.076849660989190,1144.009996201999911
640,639,-93.530357436763495,44.076810660989189,1143.073377820999895
641,640,-93.530318436763523,44.078019660989192,1146.396280923999939
642,641,-93.530318436763523,44.077980660989198,1145.438910589999978
643,642,-93.530318436763523,44.077941660989190,1144.148708767000016
644,643,-93.530318436763523,44.077902660989189,1143.078735351999967
645,644,-93.530318436763523,44.077863660989195,1142.688083224999900
646,645,-93.530318436763523,44.077824660989201,1142.640855576999911
647,646,-93.530318436763523,44.077785660989193,1142.830383300999983
648,647,-93.530318436763523,44.077746660989192,1143.111735025999906
649,648,-93.530318436763523,44.077707660989184,1143.580186632000050
650,649,-93.530318436763523,44.077668660989190,1144.191569009999967
651,650,-93.530318436763523,44.077629660989189,1144.743245442999978
652,651,-93.530318436763523,44.077590660989195,1145.081081814000072
653,652,-93.530318436763523,44.077551660989187,1145.143005371000072
654,653,-93.530318436763523,44.077512660989193,1145.046888563000039
655,654,-93.530318436763523,44.077473660989192,1144.915540906999922
656,655,-93.530318436763523,44.077434660989191,1144.827121310999928
657,656,-93.530318436763523,44.077395660989190,1144.686238606999950
658,657,-93.530318436763523,44.077356660989189,1144.434800889999906
659,658,-93.530318436763523,44.077317660989195,1144.215942383000083
660,659,-93.530318436763523,44.077278660989194,1144.179728190000105
661,660,-93.530318436763523,44.077239660989193,1144.351833767000016
662,661,-93.530318436763523,44.077200660989192,1144.601630316999945
663,662,-93.530318436763523,44.077161660989191,1144.964138455000011
664,663,-93.530318436763523,44.077122660989197,1145.282701280000083
665,664,-93.530318436763523,44.077083660989189,1145.155910916000039
666,665,-93.530318436763523,44.077044660989195,1144.814819336000028
667,666,-93.530318436763523,44.077005660989194,1144.545789930999945
668,667,-93.530318436763523,44.076966660989186,1145.972262911999906
669,668,-93.530318436763523,44.076927660989192,1147.072035048000089
670,669,-93.530318436763523,44.076888660989191,1146.371907552000039
671,670,-93.530318436763523,44.076849660989190,1143.893025716000011
672,671,-93.530318436763523,44.076810660989189,1142.989542643000050
673,672,-93.530279436763493,44.078019660989192,1146.642876519000083
674,673,-93.530279436763493,44.077980660989198,1145.676255968000078
675,674,-93.530279436763493,44.077941660989190,1144.164862739000000
676,675,-93.530279436763493,44.077902660989189,1143.061143662999939
677,676,-93.530279436763493,44.077863660989195,1142.654215495000017
678,677,-93.530279436763493,44.077824660989201,1142.584052191999945
679,678,-93.530279436763493,44.077785660989193,1142.780497233000006
680,679,-93.530279436763493,44.077746660989192,1143.079535589999978
681,680,-93.530279436763493,44.077707660989184,1143.528930663999972
682,681,-93.530279436763493,44.077668660989190,1144.176459417999922
683,682,-93.530279436763493,44.077629660989189,1144.757107205000011
684,683,-93.530279436763493,44.077590660989195,1145.118625217000044
685,684,-93.530279436763493,44.077551660989187,1145.202596029000006
686,685,-93.530279436763493,44.077512660989193,1145.084540473000061
687,686,-93.530279436763493,44.077473660989192,1144.926500109000017
688,687,-93.530279436763493,44.077434660989191,1144.823418511000000
689,688,-93.530279436763493,44.077395660989190,1144.705118815000105
690,689,-93.530279436763493,44.077356660989189,1144.441975911000100
691,690,-93.530279436763493,44.077317660989195,1144.205186632000050
692,691,-93.530279436763493,44.077278660989194,1144.153544108000006
693,692,-93.530279436763493,44.077239660989193,1144.299248588999944
694,693,-93.530279436763493,44.077200660989192,1144.530436197999961
695,694,-93.530279436763493,44.077161660989191,1144.893934462000061
696,695,-93.530279436763493,44.077122660989197,1145.190402560999928
697,696,-93.530279436763493,44.077083660989189,1145.065551758000083
698,697,-93.530279436763493,44.077044660989195,1144.684387207000100
699,698,-93.530279436763493,44.077005660989194,1144.414347331000045
700,699,-93.530279436763493,44.076966660989186,1145.866672092000044
701,700,-93.530279436763493,44.076927660989192,1146.969645182000022
702,701,-93.530279436763493,44.076888660989191,1146.246039497000083
703,702,-93.530279436763493,44.076849660989190,1143.783921984000017
704,703,-93.530279436763493,44.076810660989189,1142.883761935999928
705,704,-93.530240436763506,44.078019660989192,1146.638034396999956
706,705,-93.530240436763506,44.077980660989198,1145.753702798999939
707,706,-93.530240436763506,44.077941660989190,1144.316921657999956
708,707,-93.530240436763506,44.077902660989189,1143.142103406999922
709,708,-93.530240436763506,44.077863660989195,1142.703748915000006
710,709,-93.530240436763506,44.077824660989201,1142.630330404000006
711,710,-93.530240436763506,44.077785660989193,1142.811177571999906
712,711,-93.530240436763506,44.077746660989192,1143.095865884999967
713,712,-93.530240436763506,44.077707660989184,1143.555297851999967
714,713,-93.530240436763506,44.077668660989190,1144.184176974999900
715,714,-93.530240436763506,44.077629660989189,1144.787570530000039
716,715,-93.530240436763506,44.077590660989195,1145.183648002999917
717,716,-93.530240436763506,44.077551660989187,1145.271138508999911
718,717,-93.530240436763506,44.077512660989193,1145.155246310999928
719,718,-93.530240436763506,44.077473660989192,1144.967692057000022
720,719,-93.530240436763506,44.077434660989191,1144.848592121999900
721,720,-93.530240436763506,44.077395660989190,1144.698147243999983
722,721,-93.530240436763506,44.077356660989189,1144.444173177000039
723,722,-93.530240436763506,44.077317660989195,1144.176934136000000
724,723,-93.530240436763506,44.077278660989194,1144.118408202999944
725,724,-93.530240436763506,44.077239660989193,1144.233493381000017
726,725,-93.530240436763506,44.077200660989192,1144.436604817999978
727,726,-93.530240436763506,44.077161660989191,1144.809299044999989
728,727,-93.530240436763506,44.077122660989197,1145.096815320999895
729,728,-93.530240436763506,44.077083660989189,1144.952460394999889
730,729,-93.530240436763506,44.077044660989195,1144.560607910000044
731,730,-93.530240436763506,44.077005660989194,1144.273003472000028
732,731,-93.530240436763506,44.076966660989186,1145.711113823999995
733,732,-93.530240436763506,44.076927660989192,1146.843031140999983
734,733,-93.530240436763506,44.076888660989191,1146.145141601999967
735,734,-93.530240436763506,44.076849660989190,1143.727091470999994
736,735,-93.530240436763506,44.076810660989189,1142.800726997000083
737,736,-93.530201436763519,44.078019660989192,1146.665283202999944
738,737,-93.530201436763519,44.077980660989198,1145.811889648000033
739,738,-93.530201436763519,44.077941660989190,1144.423238117999972
740,739,-93.530201436763519,44.077902660989189,1143.245605469000111
741,740,-93.530201436763519,44.077863660989195,1142.810099283999989
742,741,-93.530201436763519,44.077824660989201,1142.718180338999900
743,742,-93.530201436763519,44.077785660989193,1142.901306151999961
744,743,-93.530201436763519,44.077746660989192,1143.166402180999967
745,744,-93.530201436763519,44.077707660989184,1143.595072428000094
746,745,-93.530201436763519,44.077668660989190,1144.218933104999905
747,746,-93.530201436763519,44.077629660989189,1144.823954263999894
748,747,-93.530201436763519,44.077590660989195,1145.276733398000033
749,748,-93.530201436763519,44.077551660989187,1145.356903075999981
750,749,-93.530201436763519,44.077512660989193,1145.244649251000055
751,750,-93.530201436763519,44.077473660989192,1145.041361491000089
752,751,-93.530201436763519,44.077434660989191,1144.899129231999950
753,752,-93.530201436763519,44.077395660989190,1144.723225911000100
754,753,-93.530201436763519,44.077356660989189,1144.463338216000011
755,754,-93.530201436763519,44.077317660989195,1144.178975423000111
756,755,-93.530201436763519,44.077278660989194,1144.096496582000100
757,756,-93.530201436763519,44.077239660989193,1144.234985351999967
758,757,-93.530201436763519,44.077200660989192,1144.397928873999945
759,758,-93.530201436763519,44.077161660989191,1144.741963704000000
760,759,-93.530201436763519,44.077122660989197,1145.039489746000072
761,760,-93.530201436763519,44.077083660989189,1144.890930175999983
762,761,-93.530201436763519,44.077044660989195,1144.445648192999897
763,762,-93.530201436763519,44.077005660989194,1144.182454427000039
764,763,-93.530201436763519,44.076966660989186,1145.602701822999961
765,764,-93.530201436763519,44.076927660989192,1146.899149576999889
766,765,-93.530201436763519,44.076888660989191,1146.193176270000095
767,766,-93.530201436763519,44.076849660989190,1143.707275390999939
768,767,-93.530201436763519,44.076810660989189,1142.767456054999911
769,768,-93.530162436763504,44.078019660989192,1146.766126844999917
770,769,-93.530162436763504,44.077980660989198,1145.949842665000006
771,770,-93.530162436763504,44.077941660989190,1144.563869900000100
772,771,-93.530162436763504,44.077902660989189,1143.368638780000083
773,772,-93.530162436763504,44.077863660989195,1142.940592447999961
774,773,-93.530162436763504,44.077824660989201,1142.853515625000000
775,774,-93.530162436763504,44.077785660989193,1143.034138996999900
776,775,-93.530162436763504,44.077746660989192,1143.252400716000011
777,776,-93.530162436763504,44.077707660989184,1143.676527235000094
778,777,-93.530162436763504,44.077668660989190,1144.290228950000028
779,778,-93.530162436763504,44.077629660989189,1144.920355902999972
780,779,-93.530162436763504,44.077590660989195,1145.359754774000066
781,780,-93.530162436763504,44.077551660989187,1145.456787109000061
782,781,-93.530162436763504,44.077512660989193,1145.346896701000105
783,782,-93.530162436763504,44.077473660989192,1145.148017036000056
784,783,-93.530162436763504,44.077434660989191,1144.980482313000039
785,784,-93.530162436763504,44.077395660989190,1144.808756509999967
786,785,-93.530162436763504,44.077356660989189,1144.493503146999956
787,786,-93.530162436763504,44.077317660989195,1144.185831706000045
788,787,-93.530162436763504,44.077278660989194,1144.135823567999978
789,788,-93.530162436763504,44.077239660989193,1144.255221896999956
790,789,-93.530162436763504,44.077200660989192,1144.413411457999928
791,790,-93.530162436763504,44.077161660989191,1144.712565104000078
792,791,-93.530162436763504,44.077122660989197,1144.997477213999900
793,792,-93.530162436763504,44.077083660989189,1144.776896158999989
794,793,-93.530162436763504,44.077044660989195,1144.376302082999928
795,794,-93.530162436763504,44.077005660989194,1144.129652235000094
796,795,-93.530162436763504,44.076966660989186,1145.659762911999906
797,796,-93.530162436763504,44.076927660989192,1146.730862088000094
798,797,-93.530162436763504,44.076888660989191,1146.105794270999922
799,798,-93.530162436763504,44.076849660989190,1143.652940537999939
800,799,-93.530162436763504,44.076810660989189,1142.767428928000072
801,800,-93.530123436763532,44.078019660989192,1147.064548069000011
802,801,-93.530123436763532,44.077980660989198,1146.215630424999972
803,802,-93.530123436763532,44.077941660989190,1144.760701496999900
804,803,-93.530123436763532,44.077902660989189,1143.555555555999945
805,804,-93.530123436763532,44.077863660989195,1143.139811197999961
806,805,-93.530123436763532,44.077824660989201,1143.041097004999983
807,806,-93.530123436763532,44.077785660989193,1143.206319173000111
808,807,-93.530123436763532,44.077746660989192,1143.421983507000050
809,808,-93.530123436763532,44.077707660989184,1143.819986979000078
810,809,-93.530123436763532,44.077668660989190,1144.410088433000055
811,810,-93.530123436763532,44.077629660989189,1145.037421331999894
812,811,-93.530123436763532,44.077590660989195,1145.467108831999894
813,812,-93.530123436763532,44.077551660989187,1145.591573079000000
814,813,-93.530123436763532,44.077512660989193,1145.465115017000016
815,814,-93.530123436763532,44.077473660989192,1145.255208332999928
816,815,-93.530123436763532,44.077434660989191,1145.081814235999900
817,816,-93.530123436763532,44.077395660989190,1144.896430122000083
818,817,-93.530123436763532,44.077356660989189,1144.522108290000006
819,818,-93.530123436763532,44.077317660989195,1144.210557725999934
820,819,-93.530123436763532,44.077278660989194,1144.180114746000072
821,820,-93.530123436763532,44.077239660989193,1144.294094509999923
822,821,-93.530123436763532,44.077200660989192,1144.430840386000000
823,822,-93.530123436763532,44.077161660989191,1144.703233507000050
824,823,-93.530123436763532,44.077122660989197,1144.941935220999994
825,824,-93.530123436763532,44.077083660989189,1144.697387695000089
826,825,-93.530123436763532,44.077044660989195,1144.292602538999972
827,826,-93.530123436763532,44.077005660989194,1144.060004339999978
828,827,-93.530123436763532,44.076966660989186,1145.630194769999889
829,828,-93.530123436763532,44.076927660989192,1146.699978298999895
830,829,-93.530123436763532,44.076888660989191,1146.114217121999900
831,830,-93.530123436763532,44.076849660989190,1143.664713542000072
832,831,-93.530123436763532,44.076810660989189,1142.761027018000050
833,832,-93.530084436763502,44.078019660989192,1147.407579209999994
834,833,-93.530084436763502,44.077980660989198,1146.484551323999995
835,834,-93.530084436763502,44.077941660989190,1144.979058160000022
836,835,-93.530084436763502,44.077902660989189,1143.775851780000039
837,836,-93.530084436763502,44.077863660989195,1143.346394856999950
838,837,-93.530084436763502,44.077824660989201,1143.257921007000050
839,838,-93.530084436763502,44.077785660989193,1143.419738770000095
840,839,-93.530084436763502,44.077746660989192,1143.616861979000078
841,840,-93.530084436763502,44.077707660989184,1143.983439128000100
842,841,-93.530084436763502,44.077668660989190,1144.550998264000100
843,842,-93.530084436763502,44.077629660989189,1145.188273111999933
844,843,-93.530084436763502,44.077590660989195,1145.595540365000033
845,844,-93.530084436763502,44.077551660989187,1145.681172689000050
846,845,-93.530084436763502,44.077512660989193,1145.546495225999934
847,846,-93.530084436763502,44.077473660989192,1145.312771267000016
848,847,-93.530084436763502,44.077434660989191,1145.133504231999950
849,848,-93.530084436763502,44.077395660989190,1144.892550997999933
850,849,-93.530084436763502,44.077356660989189,1144.545166015999939
851,850,-93.530084436763502,44.077317660989195,1144.220187717000044
852,851,-93.530084436763502,44.077278660989194,1144.162516275999906
853,852,-93.530084436763502,44.077239660989193,1144.280883788999972
854,853,-93.530084436763502,44.077200660989192,1144.411797418000106
855,854,-93.530084436763502,44.077161660989191,1144.638156467000044
856,855,-93.530084436763502,44.077122660989197,1144.861328125000000
857,856,-93.530084436763502,44.077083660989189,1144.612304687999995
858,857,-93.530084436763502,44.077044660989195,1144.236897786000100
859,858,-93.530084436763502,44.077005660989194,1144.018310547000056
860,859,-93.530084436763502,44.076966660989186,1145.584771049999972
861,860,-93.530084436763502,44.076927660989192,1146.816134982999984
862,861,-93.530084436763502,44.076888660989191,1146.141574435999928
863,862,-93.530084436763502,44.076849660989190,1143.623074002000067
864,863,-93.530084436763502,44.076810660989189,1142.741251628000100
865,864,-93.530045436763515,44.078019660989192,1147.721449110000094
866,865,-93.530045436763515,44.077980660989198,1146.805501302000039
867,866,-93.530045436763515,44.077941660989190,1145.302408854000078
868,867,-93.530045436763515,44.077902660989189,1144.032674154000006
869,868,-93.530045436763515,44.077863660989195,1143.564561632000050
870,869,-93.530045436763515,44.077824660989201,1143.478719076000061
871,870,-93.530045436763515,44.077785660989193,1143.627298991000089
872,871,-93.530045436763515,44.077746660989192,1143.808702257000050
873,872,-93.530045436763515,44.077707660989184,1144.164279514000100
874,873,-93.530045436763515,44.077668660989190,1144.725721570999895
875,874,-93.530045436763515,44.077629660989189,1145.315958658999989
876,875,-93.530045436763515,44.077590660989195,1145.703599718000078
877,876,-93.530045436763515,44.077551660989187,1145.777384440000105
878,877,-93.530045436763515,44.077512660989193,1145.617594400999906
879,878,-93.530045436763515,44.077473660989192,1145.342664930999945
880,879,-93.530045436763515,44.077434660989191,1145.136257594999961
881,880,-93.530045436763515,44.077395660989190,1144.899631076000105
882,881,-93.530045436763515,44.077356660989189,1144.510403103000044
883,882,-93.530045436763515,44.077317660989195,1144.158040365000033
884,883,-93.530045436763515,44.077278660989194,1144.091186523000033
885,884,-93.530045436763515,44.077239660989193,1144.184326172000056
886,885,-93.530045436763515,44.077200660989192,1144.284735786000056
887,886,-93.530045436763515,44.077161660989191,1144.501641168000106
888,887,-93.530045436763515,44.077122660989197,1144.729098849999900
889,888,-93.530045436763515,44.077083660989189,1144.509616428000072
890,889,-93.530045436763515,44.077044660989195,1144.142110189000050
891,890,-93.530045436763515,44.077005660989194,1143.928412542999922
892,891,-93.530045436763515,44.076966660989186,1145.670722114000000
893,892,-93.530045436763515,44.076927660989192,1146.879028320000089
894,893,-93.530045436763515,44.076888660989191,1146.086914062000005
895,894,-93.530045436763515,44.076849660989190,1143.676323785000022
896,895,-93.530045436763515,44.076810660989189,1142.802585178000072
897,896,-93.530006436763500,44.078019660989192,1148.115898980000111
898,897,-93.530006436763500,44.077980660989198,1147.101291232999984
899,898,-93.530006436763500,44.077941660989190,1145.625325520999922
900,899,-93.530006436763500,44.077902660989189,1144.302381727000011
901,900,-93.530006436763500,44.077863660989195,1143.792453342000044
902,901,-93.530006436763500,44.077824660989201,1143.688273111999933
903,902,-93.530006436763500,44.077785660989193,1143.822672525999906
904,903,-93.530006436763500,44.077746660989192,1143.992201063000039
905,904,-93.530006436763500,44.077707660989184,1144.326470269000083
906,905,-93.530006436763500,44.077668660989190,1144.872124565999911
907,906,-93.530006436763500,44.077629660989189,1145.483629014999906
908,907,-93.530006436763500,44.077590660989195,1145.844563802000039
909,908,-93.530006436763500,44.077551660989187,1145.887430826999889
910,909,-93.530006436763500,44.077512660989193,1145.719807942999978
911,910,-93.530006436763500,44.077473660989192,1145.422024196999928
912,911,-93.530006436763500,44.077434660989191,1145.176283094999917
913,912,-93.530006436763500,44.077395660989190,1144.874484592000044
914,913,-93.530006436763500,44.077356660989189,1144.428887261000000
915,914,-93.530006436763500,44.077317660989195,1144.067423503000100
916,915,-93.530006436763500,44.077278660989194,1144.002705891999994
917,916,-93.530006436763500,44.077239660989193,1144.065185547000056
918,917,-93.530006436763500,44.077200660989192,1144.121622720999994
919,918,-93.530006436763500,44.077161660989191,1144.303629557000022
920,919,-93.530006436763500,44.077122660989197,1144.548136393000050
921,920,-93.530006436763500,44.077083660989189,1144.344170463999944
922,921,-93.530006436763500,44.077044660989195,1143.979553223000039
923,922,-93.530006436763500,44.077005660989194,1143.779242622000083
924,923,-93.530006436763500,44.076966660989186,1145.489162868999983
925,924,-93.530006436763500,44.076927660989192,1146.818861219999917
926,925,-93.530006436763500,44.076888660989191,1146.177218967000044
927,926,-93.530006436763500,44.076849660989190,1143.817979600999934
928,927,-93.530006436763500,44.076810660989189,1143.181450737999967
929,928,-93.529967436763513,44.078019660989192,1148.416178384999967
930,929,-93.529967436763513,44.077980660989198,1147.349772134999967
931,930,-93.529967436763513,44.077941660989190,1145.844726562000005
932,931,-93.529967436763513,44.077902660989189,1144.660624185999950
933,932,-93.529967436763513,44.077863660989195,1144.150044758999911
934,933,-93.529967436763513,44.077824660989201,1143.995218912999917
935,934,-93.529967436763513,44.077785660989193,1144.053771973000039
936,935,-93.529967436763513,44.077746660989192,1144.336832682000022
937,936,-93.529967436763513,44.077707660989184,1144.532287598000039
938,937,-93.529967436763513,44.077668660989190,1145.058980305999967
939,938,-93.529967436763513,44.077629660989189,1145.599080404000006
940,939,-93.529967436763513,44.077590660989195,1145.983500162999917
941,940,-93.529967436763513,44.077551660989187,1146.025909424000019
942,941,-93.529967436763513,44.077512660989193,1145.831339518000050
943,942,-93.529967436763513,44.077473660989192,1145.507527668999955
944,943,-93.529967436763513,44.077434660989191,1145.241068521999978
945,944,-93.529967436763513,44.077395660989190,1144.885375976999967
946,945,-93.529967436763513,44.077356660989189,1144.375386555999967
947,946,-93.529967436763513,44.077317660989195,1144.001932780000061
948,947,-93.529967436763513,44.077278660989194,1143.944244385000047
949,948,-93.529967436763513,44.077239660989193,1144.032938638999894
950,949,-93.529967436763513,44.077200660989192,1144.047770182000022
951,950,-93.529967436763513,44.077161660989191,1144.198221842000066
952,951,-93.529967436763513,44.077122660989197,1144.394673665000028
953,952,-93.529967436763513,44.077083660989189,1144.222574870000017
954,953,-93.529967436763513,44.077044660989195,1143.865814209000064
955,954,-93.529967436763513,44.077005660989194,1143.689717611000106
956,955,-93.529967436763513,44.076966660989186,1145.619445800999983
957,956,-93.529967436763513,44.076927660989192,1146.901550292999900
958,957,-93.529967436763513,44.076888660989191,1146.294901530000061
959,958,-93.529967436763513,44.076849660989190,1144.170389810999950
960,959,-93.529967436763513,44.076810660989189,1143.491475423000111
961,960,-93.529928436763498,44.078019660989192,1148.674546984000017
962,961,-93.529928436763498,44.077980660989198,1147.825588650000100
963,962,-93.529928436763498,44.077941660989190,1146.653374565999911
964,963,-93.529928436763498,44.077902660989189,1145.617458767000016
965,964,-93.529928436763498,44.077863660989195,1145.177910698999995
966,965,-93.529928436763498,44.077824660989201,1145.058987088000094
967,966,-93.529928436763498,44.077785660989193,1145.053731282999934
968,967,-93.529928436763498,44.077746660989192,1145.153795030000083
969,968,-93.529928436763498,44.077707660989184,1145.281751844999917
970,969,-93.529928436763498,44.077668660989190,1145.601765951000061
971,970,-93.529928436763498,44.077629660989189,1145.985527886000000
972,971,-93.529928436763498,44.077590660989195,1146.245564779000006
973,972,-93.529928436763498,44.077551660989187,1146.310180663999972
974,973,-93.529928436763498,44.077512660989193,1146.115424262000033
975,974,-93.529928436763498,44.077473660989192,1145.837226019999889
976,975,-93.529928436763498,44.077434660989191,1145.536865234000061
977,976,-93.529928436763498,44.077395660989190,1145.096150716000011
978,977,-93.529928436763498,44.077356660989189,1144.739976671000022
979,978,-93.529928436763498,44.077317660989195,1144.397121853000044
980,979,-93.529928436763498,44.077278660989194,1144.290018717000066
981,980,-93.529928436763498,44.077239660989193,1144.391153970999994
982,981,-93.529928436763498,44.077200660989192,1144.369181315000105
983,982,-93.529928436763498,44.077161660989191,1144.386528862999967
984,983,-93.529928436763498,44.077122660989197,1144.477579753000100
985,984,-93.529928436763498,44.077083660989189,1144.307779947999961
986,985,-93.529928436763498,44.077044660989195,1143.959920246999900
987,986,-93.529928436763498,44.077005660989194,1143.996215820000089
988,987,-93.529928436763498,44.076966660989186,1145.690606011000000
989,988,-93.529928436763498,44.076927660989192,1146.457194009999967
990,989,-93.529928436763498,44.076888660989191,1146.326538086000028
991,990,-93.529928436763498,44.076849660989190,1144.436211480000111
992,991,-93.529928436763498,44.076810660989189,1143.735758463999900
993,992,-93.529889436763497,44.078019660989192,1149.128662109000061
994,993,-93.529889436763497,44.077980660989198,1148.739990234000061
995,994,-93.529889436763497,44.077941660989190,1147.915907117999950
996,995,-93.529889436763497,44.077902660989189,1147.438530815999911
997,996,-93.529889436763497,44.077863660989195,1146.914862739000000
998,997,-93.529889436763497,44.077824660989201,1146.906887478000044
999,998,-93.529889436763497,44.077785660989193,1146.552469888999894
1000,999,-93.529889436763497,44.077746660989192,1146.668877496000050
1001,1000,-93.529889436763497,44.077707660989184,1146.556016709999994
1002,1001,-93.529889436763497,44.077668660989190,1146.621893989000000
1003,1002,-93.529889436763497,44.077629660989189,1146.769599066999945
1004,1003,-93.529889436763497,44.077590660989195,1146.911349826000105
1005,1004,-93.529889436763497,44.077551660989187,1146.763814290000028
1006,1005,-93.529889436763497,44.077512660989193,1146.677802191999945
1007,1006,-93.529889436763497,44.077473660989192,1146.430107963999944
1008,1007,-93.529889436763497,44.077434660989191,1146.188693576000105
1009,1008,-93.529889436763497,44.077395660989190,1145.875610351999967
1010,1009,-93.529889436763497,44.077356660989189,1145.509087457000078
1011,1010,-93.529889436763497,44.077317660989195,1145.289740667999922
1012,1011,-93.529889436763497,44.077278660989194,1145.223470052000039
1013,1012,-93.529889436763497,44.077239660989193,1145.254597981999950
1014,1013,-93.529889436763497,44.077200660989192,1145.055447048999895
1015,1014,-93.529889436763497,44.077161660989191,1144.979871962000061
1016,1015,-93.529889436763497,44.077122660989197,1144.932142469999917
1017,1016,-93.529889436763497,44.077083660989189,1144.746120877000067
1018,1017,-93.529889436763497,44.077044660989195,1144.404825845999994
1019,1018,-93.529889436763497,44.077005660989194,1144.330227321999928
1020,1019,-93.529889436763497,44.076966660989186,1145.304850259999967
1021,1020,-93.529889436763497,44.076927660989192,1146.075005424999972
1022,1021,-93.529889436763497,44.076888660989191,1146.065606011000000
1023,1022,-93.529889436763497,44.076849660989190,1144.541937934000089
1024,1023,-93.529889436763497,44.076810660989189,1144.117743598000061
1025,1024,-93.529850436763496,44.078019660989192,1149.582085502999917
1026,1025,-93.529850436763496,44.077980660989198,1149.474283854000078
1027,1026,-93.529850436763496,44.077941660989190,1149.227552626000033
1028,1027,-93.529850436763496,44.077902660989189,1148.934977213999900
1029,1028,-93.529850436763496,44.077863660989195,1148.661987304999911
1030,1029,-93.529850436763496,44.077824660989201,1148.254760741999917
1031,1030,-93.529850436763496,44.077785660989193,1147.949869792000072
1032,1031,-93.529850436763496,44.077746660989192,1147.843790690000105
1033,1032,-93.529850436763496,44.077707660989184,1147.786024305999945
1034,1033,-93.529850436763496,44.077668660989190,1147.699978298999895
1035,1034,-93.529850436763496,44.077629660989189,1147.522176106999950
1036,1035,-93.529850436763496,44.077590660989195,1147.474894206000045
1037,1036,-93.529850436763496,44.077551660989187,1147.315409342000066
1038,1037,-93.529850436763496,44.077512660989193,1147.178670246999900
1039,1038,-93.529850436763496,44.077473660989192,1146.996527777999972
1040,1039,-93.529850436763496,44.077434660989191,1146.803805881000017
1041,1040,-93.529850436763496,44.077395660989190,1146.637112088000094
1042,1041,-93.529850436763496,44.077356660989189,1146.391791450000028
1043,1042,-93.529850436763496,44.077317660989195,1146.216986762000033
1044,1043,-93.529850436763496,44.077278660989194,1146.069396973000039
1045,1044,-93.529850436763496,44.077239660989193,1145.985894097000028
1046,1045,-93.529850436763496,44.077200660989192,1145.722262911999906
1047,1046,-93.529850436763496,44.077161660989191,1145.572102865000033
1048,1047,-93.529850436763496,44.077122660989197,1145.344414605000111
1049,1048,-93.529850436763496,44.077083660989189,1145.176554361999933
1050,1049,-93.529850436763496,44.077044660989195,1144.858846029000006
1051,1050,-93.529850436763496,44.077005660989194,1144.731133355000111
1052,1051,-93.529850436763496,44.076966660989186,1144.924275716000011
1053,1052,-93.529850436763496,44.076927660989192,1145.484931098000061
1054,1053,-93.529850436763496,44.076888660989191,1145.152248805999989
1055,1054,-93.529850436763496,44.076849660989190,1144.429782444000011
1056,1055,-93.529850436763496,44.076810660989189,1144.266357422000056
1057,1056,-93.529811436763509,44.078019660989192,1149.888142904000006
1058,1057,-93.529811436763509,44.077980660989198,1149.847913953999978
1059,1058,-93.529811436763509,44.077941660989190,1149.688842773000033
1060,1059,-93.529811436763509,44.077902660989189,1149.387179905000039
1061,1060,-93.529811436763509,44.077863660989195,1149.074707030999889
1062,1061,-93.529811436763509,44.077824660989201,1148.576687282999956
1063,1062,-93.529811436763509,44.077785660989193,1148.366861979000078
1064,1063,-93.529811436763509,44.077746660989192,1148.153171115000077
1065,1064,-93.529811436763509,44.077707660989184,1148.127265081999894
1066,1065,-93.529811436763509,44.077668660989190,1148.015611436999961
1067,1066,-93.529811436763509,44.077629660989189,1147.833984375000000
1068,1067,-93.529811436763509,44.077590660989195,1147.646972655999889
1069,1068,-93.529811436763509,44.077551660989187,1147.504048665000028
1070,1069,-93.529811436763509,44.077512660989193,1147.331787109000061
1071,1070,-93.529811436763509,44.077473660989192,1147.153266059000089
1072,1071,-93.529811436763509,44.077434660989191,1146.994954427000039
1073,1072,-93.529811436763509,44.077395660989190,1146.834147134999967
1074,1073,-93.529811436763509,44.077356660989189,1146.700507269999889
1075,1074,-93.529811436763509,44.077317660989195,1146.547471787999939
1076,1075,-93.529811436763509,44.077278660989194,1146.402282714999956
1077,1076,-93.529811436763509,44.077239660989193,1146.238023546000022
1078,1077,-93.529811436763509,44.077200660989192,1145.995469834999994
1079,1078,-93.529811436763509,44.077161660989191,1145.709540473000061
1080,1079,-93.529811436763509,44.077122660989197,1145.469509548999895
1081,1080,-93.529811436763509,44.077083660989189,1145.250908746000050
1082,1081,-93.529811436763509,44.077044660989195,1145.093282064000050
1083,1082,-93.529811436763509,44.077005660989194,1144.946465386000000
1084,1083,-93.529811436763509,44.076966660989186,1144.793009440000105
1085,1084,-93.529811436763509,44.076927660989192,1144.662312826000061
1086,1085,-93.529811436763509,44.076888660989191,1144.545708549999972
1087,1086,-93.529811436763509,44.076849660989190,1144.460381401999939
1088,1087,-93.529811436763509,44.076810660989189,1144.335883247000083
1089,1088,-93.529772436763508,44.078019660989192,1150.428507486999933
1090,1089,-93.529772436763508,44.077980660989198,1150.236002604000078
1091,1090,-93.529772436763508,44.077941660989190,1150.069525825000028
1092,1091,-93.529772436763508,44.077902660989189,1149.620035807000022
1093,1092,-93.529772436763508,44.077863660989195,1149.195353190000105
1094,1093,-93.529772436763508,44.077824660989201,1148.715291341000011
1095,1094,-93.529772436763508,44.077785660989193,1148.429484048999939
1096,1095,-93.529772436763508,44.077746660989192,1148.294297959999994
1097,1096,-93.529772436763508,44.077707660989184,1148.266832139999906
1098,1097,-93.529772436763508,44.077668660989190,1148.076700845999994
1099,1098,-93.529772436763508,44.077629660989189,1147.877387152999972
1100,1099,-93.529772436763508,44.077590660989195,1147.670328775999906
1101,1100,-93.529772436763508,44.077551660989187,1147.488952637000011
1102,1101,-93.529772436763508,44.077512660989193,1147.335069444000055
1103,1102,-93.529772436763508,44.077473660989192,1147.096896701000105
1104,1103,-93.529772436763508,44.077434660989191,1146.937757703999978
1105,1104,-93.529772436763508,44.077395660989190,1146.804524740000033
1106,1105,-93.529772436763508,44.077356660989189,1146.654744466000011
1107,1106,-93.529772436763508,44.077317660989195,1146.466430663999972
1108,1107,-93.529772436763508,44.077278660989194,1146.307128905999889
1109,1108,-93.529772436763508,44.077239660989193,1146.143853082000078
1110,1109,-93.529772436763508,44.077200660989192,1145.900282117999950
1111,1110,-93.529772436763508,44.077161660989191,1145.626451280000083
1112,1111,-93.529772436763508,44.077122660989197,1145.387844509999923
1113,1112,-93.529772436763508,44.077083660989189,1145.174221463000094
1114,1113,-93.529772436763508,44.077044660989195,1145.015340168999955
1115,1114,-93.529772436763508,44.077005660989194,1144.873548719999917
1116,1115,-93.529772436763508,44.076966660989186,1144.697089301000005
1117,1116,-93.529772436763508,44.076927660989192,1144.547444661000100
1118,1117,-93.529772436763508,44.076888660989191,1144.435072156999922
1119,1118,-93.529772436763508,44.076849660989190,1144.376478406999922
1120,1119,-93.529772436763508,44.076810660989189,1144.191392686999961
