OID_,FID,X,Y,Extract_GALa_Yld_Mass_D
1,0,-93.531098436763500,44.078019660989192,10910.787217881999823
2,1,-93.531098436763500,44.077980660989198,12271.978081597000710
3,2,-93.531098436763500,44.077941660989190,12697.088758681000400
4,3,-93.531098436763500,44.077902660989189,12553.625542534999113
5,4,-93.531098436763500,44.077863660989195,12601.529730902999290
6,5,-93.531098436763500,44.077824660989201,13042.383680556000400
7,6,-93.531098436763500,44.077785660989193,12248.351725259999512
8,7,-93.531098436763500,44.077746660989192,11875.012044270999468
9,8,-93.531098436763500,44.077707660989184,12331.735351561999778
10,9,-93.531098436763500,44.077668660989190,11941.481228299000577
11,10,-93.531098436763500,44.077629660989189,11849.194118924000577
12,11,-93.531098436763500,44.077590660989195,12141.508246527999290
13,12,-93.531098436763500,44.077551660989187,11593.393717447999734
14,13,-93.531098436763500,44.077512660989193,10941.406250000000000
15,14,-93.531098436763500,44.077473660989192,11236.354275174000577
16,15,-93.531098436763500,44.077434660989191,12675.735243056000400
17,16,-93.531098436763500,44.077395660989190,13822.750976561999778
18,17,-93.531098436763500,44.077356660989189,13395.972005207999246
19,18,-93.531098436763500,44.077317660989195,12916.350802950999423
20,19,-93.531098436763500,44.077278660989194,12592.773600259999512
21,20,-93.531098436763500,44.077239660989193,11754.793185763999645
22,21,-93.531098436763500,44.077200660989192,12168.411675347000710
23,22,-93.531098436763500,44.077161660989191,11987.422417534999113
24,23,-93.531098436763500,44.077122660989197,9891.924913193999600
25,24,-93.531098436763500,44.077083660989189,10616.802300347000710
26,25,-93.531098436763500,44.077044660989195,11185.455566406000798
27,26,-93.531098436763500,44.077005660989194,11097.007161457999246
28,27,-93.531098436763500,44.076966660989186,9953.888563368000177
29,28,-93.531098436763500,44.076927660989192,10605.999891493000177
30,29,-93.531098436763500,44.076888660989191,10785.249240450999423
31,30,-93.531098436763500,44.076849660989190,10974.358398438000222
32,31,-93.531098436763500,44.076810660989189,10384.642144097000710
33,32,-93.531059436763513,44.078019660989192,11488.883789061999778
34,33,-93.531059436763513,44.077980660989198,12883.382703993000177
35,34,-93.531059436763513,44.077941660989190,12974.163302950999423
36,35,-93.531059436763513,44.077902660989189,12562.632161457999246
37,36,-93.531059436763513,44.077863660989195,12093.495117188000222
38,37,-93.531059436763513,44.077824660989201,13057.361436631999823
39,38,-93.531059436763513,44.077785660989193,12212.728352865000488
40,39,-93.531059436763513,44.077746660989192,11470.430772568999600
41,40,-93.531059436763513,44.077707660989184,11803.213975693999600
42,41,-93.531059436763513,44.077668660989190,11887.502929686999778
43,42,-93.531059436763513,44.077629660989189,11646.440863715000887
44,43,-93.531059436763513,44.077590660989195,11037.078776042000754
45,44,-93.531059436763513,44.077551660989187,10533.061197917000754
46,45,-93.531059436763513,44.077512660989193,10545.922743056000400
47,46,-93.531059436763513,44.077473660989192,11553.976671006999823
48,47,-93.531059436763513,44.077434660989191,13026.860351561999778
49,48,-93.531059436763513,44.077395660989190,14053.420138888999645
50,49,-93.531059436763513,44.077356660989189,13795.503038193999600
51,50,-93.531059436763513,44.077317660989195,13191.734375000000000
52,51,-93.531059436763513,44.077278660989194,12495.796223957999246
53,52,-93.531059436763513,44.077239660989193,11588.560004340000887
54,53,-93.531059436763513,44.077200660989192,12295.476128472000710
55,54,-93.531059436763513,44.077161660989191,11637.147677950999423
56,55,-93.531059436763513,44.077122660989197,9674.463433159999113
57,56,-93.531059436763513,44.077083660989189,10751.653645832999246
58,57,-93.531059436763513,44.077044660989195,10814.136881509999512
59,58,-93.531059436763513,44.077005660989194,10680.036566840000887
60,59,-93.531059436763513,44.076966660989186,9810.647677950999423
61,60,-93.531059436763513,44.076927660989192,10324.602756075999423
62,61,-93.531059436763513,44.076888660989191,10618.797309027999290
63,62,-93.531059436763513,44.076849660989190,10816.031792534999113
64,63,-93.531059436763513,44.076810660989189,10279.544813368000177
65,64,-93.531020436763498,44.078019660989192,12142.011610243000177
66,65,-93.531020436763498,44.077980660989198,12960.359266493000177
67,66,-93.531020436763498,44.077941660989190,12873.728949652999290
68,67,-93.531020436763498,44.077902660989189,12801.409505207999246
69,68,-93.531020436763498,44.077863660989195,11976.037651909999113
70,69,-93.531020436763498,44.077824660989201,12747.606553818999600
71,70,-93.531020436763498,44.077785660989193,12195.621093750000000
72,71,-93.531020436763498,44.077746660989192,11430.809353299000577
73,72,-93.531020436763498,44.077707660989184,11349.224392361000355
74,73,-93.531020436763498,44.077668660989190,11572.914171006999823
75,74,-93.531020436763498,44.077629660989189,11142.848090277999290
76,75,-93.531020436763498,44.077590660989195,10193.872938368000177
77,76,-93.531020436763498,44.077551660989187,9869.395833332999246
78,77,-93.531020436763498,44.077512660989193,10287.279079861000355
79,78,-93.531020436763498,44.077473660989192,11887.315646700999423
80,79,-93.531020436763498,44.077434660989191,13411.623697917000754
81,80,-93.531020436763498,44.077395660989190,14239.609157986000355
82,81,-93.531020436763498,44.077356660989189,13957.403320311999778
83,82,-93.531020436763498,44.077317660989195,12974.155273438000222
84,83,-93.531020436763498,44.077278660989194,12100.123046875000000
85,84,-93.531020436763498,44.077239660989193,11364.523220486000355
86,85,-93.531020436763498,44.077200660989192,11953.218207465000887
87,86,-93.531020436763498,44.077161660989191,11609.714626736000355
88,87,-93.531020436763498,44.077122660989197,10127.210177950999423
89,88,-93.531020436763498,44.077083660989189,10754.973849825999423
90,89,-93.531020436763498,44.077044660989195,10402.568522134999512
91,90,-93.531020436763498,44.077005660989194,10192.332031250000000
92,91,-93.531020436763498,44.076966660989186,9526.718315972000710
93,92,-93.531020436763498,44.076927660989192,10228.792534722000710
94,93,-93.531020436763498,44.076888660989191,10621.721679686999778
95,94,-93.531020436763498,44.076849660989190,10647.159613715000887
96,95,-93.531020436763498,44.076810660989189,9984.837782118000177
97,96,-93.530981436763511,44.078019660989192,12502.081542968999202
98,97,-93.530981436763511,44.077980660989198,13172.216796875000000
99,98,-93.530981436763511,44.077941660989190,12804.768554688000222
100,99,-93.530981436763511,44.077902660989189,12985.621256509999512
101,100,-93.530981436763511,44.077863660989195,12140.631347656000798
102,101,-93.530981436763511,44.077824660989201,12335.915852865000488
103,102,-93.530981436763511,44.077785660989193,11909.743408202999490
104,103,-93.530981436763511,44.077746660989192,11318.764811197999734
105,104,-93.530981436763511,44.077707660989184,11302.549153645999468
106,105,-93.530981436763511,44.077668660989190,11539.677734375000000
107,106,-93.530981436763511,44.077629660989189,10913.277669270999468
108,107,-93.530981436763511,44.077590660989195,9750.518229167000754
109,108,-93.530981436763511,44.077551660989187,9681.161376952999490
110,109,-93.530981436763511,44.077512660989193,10660.912760417000754
111,110,-93.530981436763511,44.077473660989192,12312.637369792000754
112,111,-93.530981436763511,44.077434660989191,13534.258951822999734
113,112,-93.530981436763511,44.077395660989190,14219.951334634999512
114,113,-93.530981436763511,44.077356660989189,13841.792480468999202
115,114,-93.530981436763511,44.077317660989195,12613.943847656000798
116,115,-93.530981436763511,44.077278660989194,11594.517822265999712
117,116,-93.530981436763511,44.077239660989193,11156.075683593999202
118,117,-93.530981436763511,44.077200660989192,11572.620279947999734
119,118,-93.530981436763511,44.077161660989191,11874.819173177000266
120,119,-93.530981436763511,44.077122660989197,10770.841959634999512
121,120,-93.530981436763511,44.077083660989189,10409.104980468999202
122,121,-93.530981436763511,44.077044660989195,10065.607910156000798
123,122,-93.530981436763511,44.077005660989194,9984.139485677000266
124,123,-93.530981436763511,44.076966660989186,9253.257161457999246
125,124,-93.530981436763511,44.076927660989192,10345.256347656000798
126,125,-93.530981436763511,44.076888660989191,10747.606933593999202
127,126,-93.530981436763511,44.076849660989190,10514.416666667000754
128,127,-93.530981436763511,44.076810660989189,9314.436035156000798
129,128,-93.530942436763510,44.078019660989192,12725.886393229000532
130,129,-93.530942436763510,44.077980660989198,13506.023437500000000
131,130,-93.530942436763510,44.077941660989190,12805.031901042000754
132,131,-93.530942436763510,44.077902660989189,13169.741753472000710
133,132,-93.530942436763510,44.077863660989195,12312.103624131999823
134,133,-93.530942436763510,44.077824660989201,12137.244683159999113
135,134,-93.530942436763510,44.077785660989193,11632.125976561999778
136,135,-93.530942436763510,44.077746660989192,11154.192708332999246
137,136,-93.530942436763510,44.077707660989184,11353.232096354000532
138,137,-93.530942436763510,44.077668660989190,11531.719075520999468
139,138,-93.530942436763510,44.077629660989189,10955.784830729000532
140,139,-93.530942436763510,44.077590660989195,10135.796549479000532
141,140,-93.530942436763510,44.077551660989187,10210.416503906000798
142,141,-93.530942436763510,44.077512660989193,11628.508572049000577
143,142,-93.530942436763510,44.077473660989192,13125.375217013999645
144,143,-93.530942436763510,44.077434660989191,13677.469401042000754
145,144,-93.530942436763510,44.077395660989190,13952.264865450999423
146,145,-93.530942436763510,44.077356660989189,13400.922092013999645
147,146,-93.530942436763510,44.077317660989195,12448.717447917000754
148,147,-93.530942436763510,44.077278660989194,11303.918619792000754
149,148,-93.530942436763510,44.077239660989193,11097.899197049000577
150,149,-93.530942436763510,44.077200660989192,11688.723741318999600
151,150,-93.530942436763510,44.077161660989191,12184.657335068999600
152,151,-93.530942436763510,44.077122660989197,10921.772569443999600
153,152,-93.530942436763510,44.077083660989189,9990.375868056000400
154,153,-93.530942436763510,44.077044660989195,10136.604492188000222
155,154,-93.530942436763510,44.077005660989194,10111.219943575999423
156,155,-93.530942436763510,44.076966660989186,9443.714843750000000
157,156,-93.530942436763510,44.076927660989192,10659.170898438000222
158,157,-93.530942436763510,44.076888660989191,10752.225043402999290
159,158,-93.530942436763510,44.076849660989190,10082.358832465000887
160,159,-93.530942436763510,44.076810660989189,8334.419162325999423
161,160,-93.530903436763509,44.078019660989192,12931.806966145999468
162,161,-93.530903436763509,44.077980660989198,13724.320855034999113
163,162,-93.530903436763509,44.077941660989190,12937.261610243000177
164,163,-93.530903436763509,44.077902660989189,13276.996527777999290
165,164,-93.530903436763509,44.077863660989195,12398.159722222000710
166,165,-93.530903436763509,44.077824660989201,12049.870876736000355
167,166,-93.530903436763509,44.077785660989193,11652.760091145999468
168,167,-93.530903436763509,44.077746660989192,11360.864691840000887
169,168,-93.530903436763509,44.077707660989184,11737.107313368000177
170,169,-93.530903436763509,44.077668660989190,11885.749348957999246
171,170,-93.530903436763509,44.077629660989189,11609.939344618000177
172,171,-93.530903436763509,44.077590660989195,12288.261393229000532
173,172,-93.530903436763509,44.077551660989187,12095.146809895999468
174,173,-93.530903436763509,44.077512660989193,12725.045572917000754
175,174,-93.530903436763509,44.077473660989192,14067.378363715000887
176,175,-93.530903436763509,44.077434660989191,13799.505750868000177
177,176,-93.530903436763509,44.077395660989190,13508.058919270999468
178,177,-93.530903436763509,44.077356660989189,12940.595486111000355
179,178,-93.530903436763509,44.077317660989195,12777.537977431000400
180,179,-93.530903436763509,44.077278660989194,11796.354980468999202
181,180,-93.530903436763509,44.077239660989193,11665.759765625000000
182,181,-93.530903436763509,44.077200660989192,12044.275933159999113
183,182,-93.530903436763509,44.077161660989191,11944.701171875000000
184,183,-93.530903436763509,44.077122660989197,10693.221896700999423
185,184,-93.530903436763509,44.077083660989189,9629.910373263999645
186,185,-93.530903436763509,44.077044660989195,10254.753417968999202
187,186,-93.530903436763509,44.077005660989194,10620.265299479000532
188,187,-93.530903436763509,44.076966660989186,10161.150282118000177
189,188,-93.530903436763509,44.076927660989192,10849.857855902999290
190,189,-93.530903436763509,44.076888660989191,10630.770941840000887
191,190,-93.530903436763509,44.076849660989190,9308.991210938000222
192,191,-93.530903436763509,44.076810660989189,7324.572102864999579
193,192,-93.530864436763494,44.078019660989192,12869.445312500000000
194,193,-93.530864436763494,44.077980660989198,13399.277886284999113
195,194,-93.530864436763494,44.077941660989190,13120.987413193999600
196,195,-93.530864436763494,44.077902660989189,13317.465060763999645
197,196,-93.530864436763494,44.077863660989195,12242.737847222000710
198,197,-93.530864436763494,44.077824660989201,11955.381401909999113
199,198,-93.530864436763494,44.077785660989193,11965.906087240000488
200,199,-93.530864436763494,44.077746660989192,11658.120008681000400
201,200,-93.530864436763494,44.077707660989184,11967.014105902999290
202,201,-93.530864436763494,44.077668660989190,12405.157552082999246
203,202,-93.530864436763494,44.077629660989189,12545.594509549000577
204,203,-93.530864436763494,44.077590660989195,12783.094401042000754
205,204,-93.530864436763494,44.077551660989187,13008.423014322999734
206,205,-93.530864436763494,44.077512660989193,13753.825520832999246
207,206,-93.530864436763494,44.077473660989192,14355.088107638999645
208,207,-93.530864436763494,44.077434660989191,13602.694878472000710
209,208,-93.530864436763494,44.077395660989190,13242.178710938000222
210,209,-93.530864436763494,44.077356660989189,12935.018337674000577
211,210,-93.530864436763494,44.077317660989195,13171.110677082999246
212,211,-93.530864436763494,44.077278660989194,12429.389973957999246
213,212,-93.530864436763494,44.077239660989193,12402.626410590000887
214,213,-93.530864436763494,44.077200660989192,12469.099826388999645
215,214,-93.530864436763494,44.077161660989191,11694.863172743000177
216,215,-93.530864436763494,44.077122660989197,10609.251302082999246
217,216,-93.530864436763494,44.077083660989189,9487.312934027999290
218,217,-93.530864436763494,44.077044660989195,10590.606770832999246
219,218,-93.530864436763494,44.077005660989194,11412.969509549000577
220,219,-93.530864436763494,44.076966660989186,10858.626953125000000
221,220,-93.530864436763494,44.076927660989192,10611.753255207999246
222,221,-93.530864436763494,44.076888660989191,10598.417968750000000
223,222,-93.530864436763494,44.076849660989190,8815.982042101000843
224,223,-93.530864436763494,44.076810660989189,6873.458170572999734
225,224,-93.530825436763507,44.078019660989192,12892.021809895999468
226,225,-93.530825436763507,44.077980660989198,12807.816514756999823
227,226,-93.530825436763507,44.077941660989190,12834.841905381999823
228,227,-93.530825436763507,44.077902660989189,13094.011393229000532
229,228,-93.530825436763507,44.077863660989195,12169.574435763999645
230,229,-93.530825436763507,44.077824660989201,11844.894205729000532
231,230,-93.530825436763507,44.077785660989193,12071.062011718999202
232,231,-93.530825436763507,44.077746660989192,11619.163628472000710
233,232,-93.530825436763507,44.077707660989184,12023.546549479000532
234,233,-93.530825436763507,44.077668660989190,12669.230577256999823
235,234,-93.530825436763507,44.077629660989189,13079.335177950999423
236,235,-93.530825436763507,44.077590660989195,13031.247721354000532
237,236,-93.530825436763507,44.077551660989187,13456.443196615000488
238,237,-93.530825436763507,44.077512660989193,14180.639648438000222
239,238,-93.530825436763507,44.077473660989192,14013.410373263999645
240,239,-93.530825436763507,44.077434660989191,13365.921440972000710
241,240,-93.530825436763507,44.077395660989190,13268.555881075999423
242,241,-93.530825436763507,44.077356660989189,13276.747287325999423
243,242,-93.530825436763507,44.077317660989195,13238.393337674000577
244,243,-93.530825436763507,44.077278660989194,12784.537434895999468
245,244,-93.530825436763507,44.077239660989193,12504.634548611000355
246,245,-93.530825436763507,44.077200660989192,12388.309895832999246
247,246,-93.530825436763507,44.077161660989191,11642.393120659999113
248,247,-93.530825436763507,44.077122660989197,11048.516384549000577
249,248,-93.530825436763507,44.077083660989189,9487.629448784999113
250,249,-93.530825436763507,44.077044660989195,10713.930664061999778
251,250,-93.530825436763507,44.077005660989194,11795.079969618000177
252,251,-93.530825436763507,44.076966660989186,11337.837022568999600
253,252,-93.530825436763507,44.076927660989192,10501.158854167000754
254,253,-93.530825436763507,44.076888660989191,10398.892035590000887
255,254,-93.530825436763507,44.076849660989190,8580.148763020999468
256,255,-93.530825436763507,44.076810660989189,6665.467447916999845
257,256,-93.530786436763520,44.078019660989192,12963.831271700999423
258,257,-93.530786436763520,44.077980660989198,12425.061848957999246
259,258,-93.530786436763520,44.077941660989190,12213.321614582999246
260,259,-93.530786436763520,44.077902660989189,12659.319769965000887
261,260,-93.530786436763520,44.077863660989195,11950.992404513999645
262,261,-93.530786436763520,44.077824660989201,12038.232964409999113
263,262,-93.530786436763520,44.077785660989193,12292.014973957999246
264,263,-93.530786436763520,44.077746660989192,12058.968207465000887
265,264,-93.530786436763520,44.077707660989184,12435.505750868000177
266,265,-93.530786436763520,44.077668660989190,12949.293294270999468
267,266,-93.530786436763520,44.077629660989189,13258.242947049000577
268,267,-93.530786436763520,44.077590660989195,12882.855034722000710
269,268,-93.530786436763520,44.077551660989187,13467.383300781000798
270,269,-93.530786436763520,44.077512660989193,14027.155707465000887
271,270,-93.530786436763520,44.077473660989192,13454.838541667000754
272,271,-93.530786436763520,44.077434660989191,13155.690321181000400
273,272,-93.530786436763520,44.077395660989190,13178.306532118000177
274,273,-93.530786436763520,44.077356660989189,12950.418945311999778
275,274,-93.530786436763520,44.077317660989195,12994.719075520999468
276,275,-93.530786436763520,44.077278660989194,12992.492513020999468
277,276,-93.530786436763520,44.077239660989193,12321.738498263999645
278,277,-93.530786436763520,44.077200660989192,12414.359157986000355
279,278,-93.530786436763520,44.077161660989191,11463.518988715000887
280,279,-93.530786436763520,44.077122660989197,11669.948893229000532
281,280,-93.530786436763520,44.077083660989189,9614.109700520999468
282,281,-93.530786436763520,44.077044660989195,10473.970540365000488
283,282,-93.530786436763520,44.077005660989194,11021.269748263999645
284,283,-93.530786436763520,44.076966660989186,10978.094075520999468
285,284,-93.530786436763520,44.076927660989192,10251.060763888999645
286,285,-93.530786436763520,44.076888660989191,10061.553385417000754
287,286,-93.530786436763520,44.076849660989190,8416.160970052000266
288,287,-93.530786436763520,44.076810660989189,6419.666503905999889
289,288,-93.530747436763519,44.078019660989192,12891.410156250000000
290,289,-93.530747436763519,44.077980660989198,12324.134114582999246
291,290,-93.530747436763519,44.077941660989190,12271.065104167000754
292,291,-93.530747436763519,44.077902660989189,12889.291232638999645
293,292,-93.530747436763519,44.077863660989195,12366.139105902999290
294,293,-93.530747436763519,44.077824660989201,12893.635091145999468
295,294,-93.530747436763519,44.077785660989193,12918.606933593999202
296,295,-93.530747436763519,44.077746660989192,12780.050998263999645
297,296,-93.530747436763519,44.077707660989184,13001.850911457999246
298,297,-93.530747436763519,44.077668660989190,13514.868706597000710
299,298,-93.530747436763519,44.077629660989189,13416.853190104000532
300,299,-93.530747436763519,44.077590660989195,12998.052951388999645
301,300,-93.530747436763519,44.077551660989187,13554.350097656000798
302,301,-93.530747436763519,44.077512660989193,13776.363932292000754
303,302,-93.530747436763519,44.077473660989192,12985.831271700999423
304,303,-93.530747436763519,44.077434660989191,12721.304470486000355
305,304,-93.530747436763519,44.077395660989190,12747.267144097000710
306,305,-93.530747436763519,44.077356660989189,12460.873046875000000
307,306,-93.530747436763519,44.077317660989195,12736.148111979000532
308,307,-93.530747436763519,44.077278660989194,12879.447591145999468
309,308,-93.530747436763519,44.077239660989193,11881.971028645999468
310,309,-93.530747436763519,44.077200660989192,12285.083767361000355
311,310,-93.530747436763519,44.077161660989191,11008.776367188000222
312,311,-93.530747436763519,44.077122660989197,11011.076931424000577
313,312,-93.530747436763519,44.077083660989189,9403.619032118000177
314,313,-93.530747436763519,44.077044660989195,10076.035156250000000
315,314,-93.530747436763519,44.077005660989194,10029.212022568999600
316,315,-93.530747436763519,44.076966660989186,9893.818684895999468
317,316,-93.530747436763519,44.076927660989192,9514.863389756999823
318,317,-93.530747436763519,44.076888660989191,9398.628797743000177
319,318,-93.530747436763519,44.076849660989190,8051.974500868000177
320,319,-93.530747436763519,44.076810660989189,6248.246799045000444
321,320,-93.530708436763518,44.078019660989192,12896.213053384999512
322,321,-93.530708436763518,44.077980660989198,12616.545572917000754
323,322,-93.530708436763518,44.077941660989190,12599.817708332999246
324,323,-93.530708436763518,44.077902660989189,13427.444498697999734
325,324,-93.530708436763518,44.077863660989195,13067.282389322999734
326,325,-93.530708436763518,44.077824660989201,13574.673014322999734
327,326,-93.530708436763518,44.077785660989193,13320.449462890999712
328,327,-93.530708436763518,44.077746660989192,13064.734863281000798
329,328,-93.530708436763518,44.077707660989184,13456.515299479000532
330,329,-93.530708436763518,44.077668660989190,13935.071126302000266
331,330,-93.530708436763518,44.077629660989189,13469.611002604000532
332,331,-93.530708436763518,44.077590660989195,13396.988118490000488
333,332,-93.530708436763518,44.077551660989187,13666.187011718999202
334,333,-93.530708436763518,44.077512660989193,13515.390625000000000
335,334,-93.530708436763518,44.077473660989192,12928.288736979000532
336,335,-93.530708436763518,44.077434660989191,12563.297688802000266
337,336,-93.530708436763518,44.077395660989190,12445.527669270999468
338,337,-93.530708436763518,44.077356660989189,12611.783203125000000
339,338,-93.530708436763518,44.077317660989195,12804.575195311999778
340,339,-93.530708436763518,44.077278660989194,12298.111083984000288
341,340,-93.530708436763518,44.077239660989193,11395.222005207999246
342,341,-93.530708436763518,44.077200660989192,11488.326334634999512
343,342,-93.530708436763518,44.077161660989191,10592.023600259999512
344,343,-93.530708436763518,44.077122660989197,10356.061848957999246
345,344,-93.530708436763518,44.077083660989189,9189.567871093999202
346,345,-93.530708436763518,44.077044660989195,9759.031494140999712
347,346,-93.530708436763518,44.077005660989194,9697.976725259999512
348,347,-93.530708436763518,44.076966660989186,9360.895507811999778
349,348,-93.530708436763518,44.076927660989192,9076.226888020999468
350,349,-93.530708436763518,44.076888660989191,8676.804199218999202
351,350,-93.530708436763518,44.076849660989190,7564.105305989999579
352,351,-93.530708436763518,44.076810660989189,6228.197021484000288
353,352,-93.530669436763503,44.078019660989192,12802.876193575999423
354,353,-93.530669436763503,44.077980660989198,13023.618055556000400
355,354,-93.530669436763503,44.077941660989190,12954.609375000000000
356,355,-93.530669436763503,44.077902660989189,13889.701280381999823
357,356,-93.530669436763503,44.077863660989195,13732.421332465000887
358,357,-93.530669436763503,44.077824660989201,14079.160264756999823
359,358,-93.530669436763503,44.077785660989193,13606.909993490000488
360,359,-93.530669436763503,44.077746660989192,13289.299696181000400
361,360,-93.530669436763503,44.077707660989184,13839.043185763999645
362,361,-93.530669436763503,44.077668660989190,13995.173285590000887
363,362,-93.530669436763503,44.077629660989189,13383.782552082999246
364,363,-93.530669436763503,44.077590660989195,13594.101019965000887
365,364,-93.530669436763503,44.077551660989187,13617.131673177000266
366,365,-93.530669436763503,44.077512660989193,13177.285264756999823
367,366,-93.530669436763503,44.077473660989192,12868.956054688000222
368,367,-93.530669436763503,44.077434660989191,12726.103841145999468
369,368,-93.530669436763503,44.077395660989190,12305.485243056000400
370,369,-93.530669436763503,44.077356660989189,12566.343207465000887
371,370,-93.530669436763503,44.077317660989195,12695.532660590000887
372,371,-93.530669436763503,44.077278660989194,11468.289388020999468
373,372,-93.530669436763503,44.077239660989193,11190.193901909999113
374,373,-93.530669436763503,44.077200660989192,10494.474283854000532
375,374,-93.530669436763503,44.077161660989191,10330.768771700999423
376,375,-93.530669436763503,44.077122660989197,9831.824978299000577
377,376,-93.530669436763503,44.077083660989189,9155.995334200999423
378,377,-93.530669436763503,44.077044660989195,9734.257486979000532
379,378,-93.530669436763503,44.077005660989194,10149.439778645999468
380,379,-93.530669436763503,44.076966660989186,9424.585937500000000
381,380,-93.530669436763503,44.076927660989192,9078.101888020999468
382,381,-93.530669436763503,44.076888660989191,8430.692599825999423
383,382,-93.530669436763503,44.076849660989190,7334.727484809000089
384,383,-93.530669436763503,44.076810660989189,6522.396050346999800
385,384,-93.530630436763516,44.078019660989192,12964.080295138999645
386,385,-93.530630436763516,44.077980660989198,13203.773220486000355
387,386,-93.530630436763516,44.077941660989190,13371.696614582999246
388,387,-93.530630436763516,44.077902660989189,13923.591471354000532
389,388,-93.530630436763516,44.077863660989195,14188.274739582999246
390,389,-93.530630436763516,44.077824660989201,14276.143120659999113
391,390,-93.530630436763516,44.077785660989193,13626.571126302000266
392,391,-93.530630436763516,44.077746660989192,13488.958658854000532
393,392,-93.530630436763516,44.077707660989184,14142.257921006999823
394,393,-93.530630436763516,44.077668660989190,13759.272677950999423
395,394,-93.530630436763516,44.077629660989189,13222.948242188000222
396,395,-93.530630436763516,44.077590660989195,13908.851345486000355
397,396,-93.530630436763516,44.077551660989187,13794.423990884999512
398,397,-93.530630436763516,44.077512660989193,13001.462239582999246
399,398,-93.530630436763516,44.077473660989192,12661.006184895999468
400,399,-93.530630436763516,44.077434660989191,12796.068359375000000
401,400,-93.530630436763516,44.077395660989190,11940.892144097000710
402,401,-93.530630436763516,44.077356660989189,11308.481011284999113
403,402,-93.530630436763516,44.077317660989195,11609.366753472000710
404,403,-93.530630436763516,44.077278660989194,11112.400878906000798
405,404,-93.530630436763516,44.077239660989193,11777.701822917000754
406,405,-93.530630436763516,44.077200660989192,10642.440863715000887
407,406,-93.530630436763516,44.077161660989191,10435.706271700999423
408,407,-93.530630436763516,44.077122660989197,9149.260308159999113
409,408,-93.530630436763516,44.077083660989189,9040.627712674000577
410,409,-93.530630436763516,44.077044660989195,9783.638834634999512
411,410,-93.530630436763516,44.077005660989194,10661.961914061999778
412,411,-93.530630436763516,44.076966660989186,9818.172960068999600
413,412,-93.530630436763516,44.076927660989192,9565.707139756999823
414,413,-93.530630436763516,44.076888660989191,8811.111599391999334
415,414,-93.530630436763516,44.076849660989190,7646.807617188000222
416,415,-93.530630436763516,44.076810660989189,7394.192816839999978
417,416,-93.530591436763501,44.078019660989192,13314.014214409999113
418,417,-93.530591436763501,44.077980660989198,13492.019205729000532
419,418,-93.530591436763501,44.077941660989190,13653.509982638999645
420,419,-93.530591436763501,44.077902660989189,13658.786132811999778
421,420,-93.530591436763501,44.077863660989195,14132.518337674000577
422,421,-93.530591436763501,44.077824660989201,13874.415690104000532
423,422,-93.530591436763501,44.077785660989193,13731.561197917000754
424,423,-93.530591436763501,44.077746660989192,13844.128906250000000
425,424,-93.530591436763501,44.077707660989184,14345.284505207999246
426,425,-93.530591436763501,44.077668660989190,13512.621202256999823
427,426,-93.530591436763501,44.077629660989189,13296.315646700999423
428,427,-93.530591436763501,44.077590660989195,13847.901584200999423
429,428,-93.530591436763501,44.077551660989187,13816.199218750000000
430,429,-93.530591436763501,44.077512660989193,13016.850151909999113
431,430,-93.530591436763501,44.077473660989192,12364.449652777999290
432,431,-93.530591436763501,44.077434660989191,12471.962782118000177
433,432,-93.530591436763501,44.077395660989190,11397.636501736000355
434,433,-93.530591436763501,44.077356660989189,9782.507921006999823
435,434,-93.530591436763501,44.077317660989195,10002.594835068999600
436,435,-93.530591436763501,44.077278660989194,11098.727539061999778
437,436,-93.530591436763501,44.077239660989193,12688.681532118000177
438,437,-93.530591436763501,44.077200660989192,12118.722873263999645
439,438,-93.530591436763501,44.077161660989191,11128.513020832999246
440,439,-93.530591436763501,44.077122660989197,9230.978949652999290
441,440,-93.530591436763501,44.077083660989189,8907.513997395999468
442,441,-93.530591436763501,44.077044660989195,9820.040364582999246
443,442,-93.530591436763501,44.077005660989194,10741.870768229000532
444,443,-93.530591436763501,44.076966660989186,10477.319769965000887
445,444,-93.530591436763501,44.076927660989192,10374.896809895999468
446,445,-93.530591436763501,44.076888660989191,9587.864691840000887
447,446,-93.530591436763501,44.076849660989190,8452.079806858000666
448,447,-93.530591436763501,44.076810660989189,8243.171278211999379
449,448,-93.530552436763514,44.078019660989192,13478.839301215000887
450,449,-93.530552436763514,44.077980660989198,13514.447265625000000
451,450,-93.530552436763514,44.077941660989190,13676.771267361000355
452,451,-93.530552436763514,44.077902660989189,13544.595594618000177
453,452,-93.530552436763514,44.077863660989195,13759.006727431000400
454,453,-93.530552436763514,44.077824660989201,13378.591362847000710
455,454,-93.530552436763514,44.077785660989193,13705.283691406000798
456,455,-93.530552436763514,44.077746660989192,14067.685221354000532
457,456,-93.530552436763514,44.077707660989184,14125.671657986000355
458,457,-93.530552436763514,44.077668660989190,13682.198242188000222
459,458,-93.530552436763514,44.077629660989189,13432.959092881999823
460,459,-93.530552436763514,44.077590660989195,13705.109592013999645
461,460,-93.530552436763514,44.077551660989187,13903.871093750000000
462,461,-93.530552436763514,44.077512660989193,13302.983615450999423
463,462,-93.530552436763514,44.077473660989192,12393.662000868000177
464,463,-93.530552436763514,44.077434660989191,12214.324761284999113
465,464,-93.530552436763514,44.077395660989190,11233.860460068999600
466,465,-93.530552436763514,44.077356660989189,9360.271701388999645
467,466,-93.530552436763514,44.077317660989195,9100.578559027999290
468,467,-93.530552436763514,44.077278660989194,10654.816569009999512
469,468,-93.530552436763514,44.077239660989193,12739.883029513999645
470,469,-93.530552436763514,44.077200660989192,12794.683268229000532
471,470,-93.530552436763514,44.077161660989191,12011.830078125000000
472,471,-93.530552436763514,44.077122660989197,9816.469509549000577
473,472,-93.530552436763514,44.077083660989189,8964.618815104000532
474,473,-93.530552436763514,44.077044660989195,9610.826660156000798
475,474,-93.530552436763514,44.077005660989194,10550.186523438000222
476,475,-93.530552436763514,44.076966660989186,10990.720052082999246
477,476,-93.530552436763514,44.076927660989192,10771.871527777999290
478,477,-93.530552436763514,44.076888660989191,10081.653862847000710
479,478,-93.530552436763514,44.076849660989190,8833.401909722000710
480,479,-93.530552436763514,44.076810660989189,9113.999674479000532
481,480,-93.530513436763485,44.078019660989192,13886.156358506999823
482,481,-93.530513436763485,44.077980660989198,13323.625868056000400
483,482,-93.530513436763485,44.077941660989190,13776.570638020999468
484,483,-93.530513436763485,44.077902660989189,13722.689561631999823
485,484,-93.530513436763485,44.077863660989195,13351.298502604000532
486,485,-93.530513436763485,44.077824660989201,13066.132921006999823
487,486,-93.530513436763485,44.077785660989193,13499.291992188000222
488,487,-93.530513436763485,44.077746660989192,13779.704861111000355
489,488,-93.530513436763485,44.077707660989184,13978.045464409999113
490,489,-93.530513436763485,44.077668660989190,14276.990993924000577
491,490,-93.530513436763485,44.077629660989189,13732.250217013999645
492,491,-93.530513436763485,44.077590660989195,13555.951280381999823
493,492,-93.530513436763485,44.077551660989187,13740.298014322999734
494,493,-93.530513436763485,44.077512660989193,13461.502929688000222
495,494,-93.530513436763485,44.077473660989192,12766.030598957999246
496,495,-93.530513436763485,44.077434660989191,12540.274631075999423
497,496,-93.530513436763485,44.077395660989190,11978.047851561999778
498,497,-93.530513436763485,44.077356660989189,9972.162543402999290
499,498,-93.530513436763485,44.077317660989195,9104.053602431000400
500,499,-93.530513436763485,44.077278660989194,9842.492513020999468
501,500,-93.530513436763485,44.077239660989193,11472.739800347000710
502,501,-93.530513436763485,44.077200660989192,12446.841471354000532
503,502,-93.530513436763485,44.077161660989191,12414.411458332999246
504,503,-93.530513436763485,44.077122660989197,10505.137478299000577
505,504,-93.530513436763485,44.077083660989189,9080.280815972000710
506,505,-93.530513436763485,44.077044660989195,8909.387207031000798
507,506,-93.530513436763485,44.077005660989194,10322.291558159999113
508,507,-93.530513436763485,44.076966660989186,11188.854166667000754
509,508,-93.530513436763485,44.076927660989192,10800.421766493000177
510,509,-93.530513436763485,44.076888660989191,9972.753038193999600
511,510,-93.530513436763485,44.076849660989190,8609.640950520999468
512,511,-93.530513436763485,44.076810660989189,9931.712673611000355
513,512,-93.530474436763512,44.078019660989192,14308.851725259999512
514,513,-93.530474436763512,44.077980660989198,13051.812662759999512
515,514,-93.530474436763512,44.077941660989190,13620.533203125000000
516,515,-93.530474436763512,44.077902660989189,13832.489420572999734
517,516,-93.530474436763512,44.077863660989195,13257.915364582999246
518,517,-93.530474436763512,44.077824660989201,13294.573079427000266
519,518,-93.530474436763512,44.077785660989193,13550.222167968999202
520,519,-93.530474436763512,44.077746660989192,13523.675781250000000
521,520,-93.530474436763512,44.077707660989184,13850.977539061999778
522,521,-93.530474436763512,44.077668660989190,14568.278808593999202
523,522,-93.530474436763512,44.077629660989189,13801.306966145999468
524,523,-93.530474436763512,44.077590660989195,13252.335937500000000
525,524,-93.530474436763512,44.077551660989187,13361.271484375000000
526,525,-93.530474436763512,44.077512660989193,13383.917805990000488
527,526,-93.530474436763512,44.077473660989192,13138.076497395999468
528,527,-93.530474436763512,44.077434660989191,13061.170247395999468
529,528,-93.530474436763512,44.077395660989190,12722.107584634999512
530,529,-93.530474436763512,44.077356660989189,11134.177083332999246
531,530,-93.530474436763512,44.077317660989195,9607.507812500000000
532,531,-93.530474436763512,44.077278660989194,9589.230957031000798
533,532,-93.530474436763512,44.077239660989193,10502.223795572999734
534,533,-93.530474436763512,44.077200660989192,11947.850097656000798
535,534,-93.530474436763512,44.077161660989191,12489.102539061999778
536,535,-93.530474436763512,44.077122660989197,10992.657063802000266
537,536,-93.530474436763512,44.077083660989189,9510.856282552000266
538,537,-93.530474436763512,44.077044660989195,8221.116333007999856
539,538,-93.530474436763512,44.077005660989194,10139.560058593999202
540,539,-93.530474436763512,44.076966660989186,11253.555338542000754
541,540,-93.530474436763512,44.076927660989192,10794.217285156000798
542,541,-93.530474436763512,44.076888660989191,9657.894856770999468
543,542,-93.530474436763512,44.076849660989190,8287.997314452999490
544,543,-93.530474436763512,44.076810660989189,10317.452636718999202
545,544,-93.530435436763497,44.078019660989192,14120.103732638999645
546,545,-93.530435436763497,44.077980660989198,12506.418077256999823
547,546,-93.530435436763497,44.077941660989190,13509.107747395999468
548,547,-93.530435436763497,44.077902660989189,13815.472656250000000
549,548,-93.530435436763497,44.077863660989195,13332.328667534999113
550,549,-93.530435436763497,44.077824660989201,13848.044270832999246
551,550,-93.530435436763497,44.077785660989193,13714.794759115000488
552,551,-93.530435436763497,44.077746660989192,13464.791666667000754
553,552,-93.530435436763497,44.077707660989184,13593.868489582999246
554,553,-93.530435436763497,44.077668660989190,14205.275173611000355
555,554,-93.530435436763497,44.077629660989189,13727.187934027999290
556,555,-93.530435436763497,44.077590660989195,13011.899956597000710
557,556,-93.530435436763497,44.077551660989187,13209.633951822999734
558,557,-93.530435436763497,44.077512660989193,13574.638020832999246
559,558,-93.530435436763497,44.077473660989192,13558.292209200999423
560,559,-93.530435436763497,44.077434660989191,13423.344075520999468
561,560,-93.530435436763497,44.077395660989190,13295.207790799000577
562,561,-93.530435436763497,44.077356660989189,12102.392035590000887
563,562,-93.530435436763497,44.077317660989195,9947.622504340000887
564,563,-93.530435436763497,44.077278660989194,9739.877115884999512
565,564,-93.530435436763497,44.077239660989193,9989.047092013999645
566,565,-93.530435436763497,44.077200660989192,11651.520941840000887
567,566,-93.530435436763497,44.077161660989191,12324.021267361000355
568,567,-93.530435436763497,44.077122660989197,11400.017686631999823
569,568,-93.530435436763497,44.077083660989189,9874.083333332999246
570,569,-93.530435436763497,44.077044660989195,7879.683105469000111
571,570,-93.530435436763497,44.077005660989194,9926.527126736000355
572,571,-93.530435436763497,44.076966660989186,11145.156358506999823
573,572,-93.530435436763497,44.076927660989192,10780.502604167000754
574,573,-93.530435436763497,44.076888660989191,9334.659071181000400
575,574,-93.530435436763497,44.076849660989190,8195.618272568999600
576,575,-93.530435436763497,44.076810660989189,10450.847656250000000
577,576,-93.530396436763510,44.078019660989192,12374.435872395999468
578,577,-93.530396436763510,44.077980660989198,11196.081597222000710
579,578,-93.530396436763510,44.077941660989190,13904.227213542000754
580,579,-93.530396436763510,44.077902660989189,14249.615668402999290
581,580,-93.530396436763510,44.077863660989195,13524.260416667000754
582,581,-93.530396436763510,44.077824660989201,14088.623263888999645
583,582,-93.530396436763510,44.077785660989193,14060.391276042000754
584,583,-93.530396436763510,44.077746660989192,13593.963975693999600
585,584,-93.530396436763510,44.077707660989184,13429.001193575999423
586,585,-93.530396436763510,44.077668660989190,13594.866427950999423
587,586,-93.530396436763510,44.077629660989189,13742.355577256999823
588,587,-93.530396436763510,44.077590660989195,13058.000108506999823
589,588,-93.530396436763510,44.077551660989187,13426.032877604000532
590,589,-93.530396436763510,44.077512660989193,14012.129123263999645
591,590,-93.530396436763510,44.077473660989192,13951.602322049000577
592,591,-93.530396436763510,44.077434660989191,13703.368164061999778
593,592,-93.530396436763510,44.077395660989190,13658.147569443999600
594,593,-93.530396436763510,44.077356660989189,12603.167317707999246
595,594,-93.530396436763510,44.077317660989195,9948.884982638999645
596,595,-93.530396436763510,44.077278660989194,10014.084147134999512
597,596,-93.530396436763510,44.077239660989193,10010.563910590000887
598,597,-93.530396436763510,44.077200660989192,11648.524305556000400
599,598,-93.530396436763510,44.077161660989191,12110.460720486000355
600,599,-93.530396436763510,44.077122660989197,11756.883789061999778
601,600,-93.530396436763510,44.077083660989189,9950.034396700999423
602,601,-93.530396436763510,44.077044660989195,8072.829508464000355
603,602,-93.530396436763510,44.077005660989194,9930.904947917000754
604,603,-93.530396436763510,44.076966660989186,11032.390516493000177
605,604,-93.530396436763510,44.076927660989192,10788.726888020999468
606,605,-93.530396436763510,44.076888660989191,9481.048611111000355
607,606,-93.530396436763510,44.076849660989190,8610.040201822999734
608,607,-93.530396436763510,44.076810660989189,10615.456814236000355
609,608,-93.530357436763495,44.078019660989192,11090.824869792000754
610,609,-93.530357436763495,44.077980660989198,9710.085232204999556
611,610,-93.530357436763495,44.077941660989190,14230.348198784999113
612,611,-93.530357436763495,44.077902660989189,14990.054796006999823
613,612,-93.530357436763495,44.077863660989195,13865.172309027999290
614,613,-93.530357436763495,44.077824660989201,13874.128146700999423
615,614,-93.530357436763495,44.077785660989193,14303.123046875000000
616,615,-93.530357436763495,44.077746660989192,13844.470052082999246
617,616,-93.530357436763495,44.077707660989184,13273.899956597000710
618,617,-93.530357436763495,44.077668660989190,13213.942708332999246
619,618,-93.530357436763495,44.077629660989189,13564.282660590000887
620,619,-93.530357436763495,44.077590660989195,13212.470052082999246
621,620,-93.530357436763495,44.077551660989187,13829.517903645999468
622,621,-93.530357436763495,44.077512660989193,14448.822699652999290
623,622,-93.530357436763495,44.077473660989192,14415.260308159999113
624,623,-93.530357436763495,44.077434660989191,13881.493706597000710
625,624,-93.530357436763495,44.077395660989190,13743.726345486000355
626,625,-93.530357436763495,44.077356660989189,13021.289713542000754
627,626,-93.530357436763495,44.077317660989195,9883.630859375000000
628,627,-93.530357436763495,44.077278660989194,10247.347330729000532
629,628,-93.530357436763495,44.077239660989193,10640.490125868000177
630,629,-93.530357436763495,44.077200660989192,11991.523980034999113
631,630,-93.530357436763495,44.077161660989191,12220.588433159999113
632,631,-93.530357436763495,44.077122660989197,11965.036241318999600
633,632,-93.530357436763495,44.077083660989189,10188.182291667000754
634,633,-93.530357436763495,44.077044660989195,8953.736490884999512
635,634,-93.530357436763495,44.077005660989194,10369.733289931000400
636,635,-93.530357436763495,44.076966660989186,10818.182074652999290
637,636,-93.530357436763495,44.076927660989192,10749.197916667000754
638,637,-93.530357436763495,44.076888660989191,10195.014322917000754
639,638,-93.530357436763495,44.076849660989190,9777.321506075999423
640,639,-93.530357436763495,44.076810660989189,11202.806857638999645
641,640,-93.530318436763523,44.078019660989192,13708.555013020999468
642,641,-93.530318436763523,44.077980660989198,10881.417860243000177
643,642,-93.530318436763523,44.077941660989190,14396.141601561999778
644,643,-93.530318436763523,44.077902660989189,15245.914822049000577
645,644,-93.530318436763523,44.077863660989195,13692.175347222000710
646,645,-93.530318436763523,44.077824660989201,13452.887478299000577
647,646,-93.530318436763523,44.077785660989193,14002.134114582999246
648,647,-93.530318436763523,44.077746660989192,13839.145616318999600
649,648,-93.530318436763523,44.077707660989184,13041.368598090000887
650,649,-93.530318436763523,44.077668660989190,12949.331922743000177
651,650,-93.530318436763523,44.077629660989189,13326.935112847000710
652,651,-93.530318436763523,44.077590660989195,13480.754882811999778
653,652,-93.530318436763523,44.077551660989187,14255.455729167000754
654,653,-93.530318436763523,44.077512660989193,14591.531792534999113
655,654,-93.530318436763523,44.077473660989192,14580.848415799000577
656,655,-93.530318436763523,44.077434660989191,14078.071072049000577
657,656,-93.530318436763523,44.077395660989190,14002.985026042000754
658,657,-93.530318436763523,44.077356660989189,13496.704861111000355
659,658,-93.530318436763523,44.077317660989195,10339.136610243000177
660,659,-93.530318436763523,44.077278660989194,10655.477701822999734
661,660,-93.530318436763523,44.077239660989193,10922.246202256999823
662,661,-93.530318436763523,44.077200660989192,11944.064887152999290
663,662,-93.530318436763523,44.077161660989191,12136.941189236000355
664,663,-93.530318436763523,44.077122660989197,12305.398871527999290
665,664,-93.530318436763523,44.077083660989189,10837.735894097000710
666,665,-93.530318436763523,44.077044660989195,10307.560872395999468
667,666,-93.530318436763523,44.077005660989194,10850.393988715000887
668,667,-93.530318436763523,44.076966660989186,10490.735243056000400
669,668,-93.530318436763523,44.076927660989192,10639.722873263999645
670,669,-93.530318436763523,44.076888660989191,10922.942708332999246
671,670,-93.530318436763523,44.076849660989190,11126.175238715000887
672,671,-93.530318436763523,44.076810660989189,12152.186414931000400
673,672,-93.530279436763493,44.078019660989192,12437.547309027999290
674,673,-93.530279436763493,44.077980660989198,12036.427951388999645
675,674,-93.530279436763493,44.077941660989190,13438.672851561999778
676,675,-93.530279436763493,44.077902660989189,15159.566189236000355
677,676,-93.530279436763493,44.077863660989195,13352.496310763999645
678,677,-93.530279436763493,44.077824660989201,13375.561414931000400
679,678,-93.530279436763493,44.077785660989193,13800.726236979000532
680,679,-93.530279436763493,44.077746660989192,13578.402886284999113
681,680,-93.530279436763493,44.077707660989184,12833.456814236000355
682,681,-93.530279436763493,44.077668660989190,13013.310221354000532
683,682,-93.530279436763493,44.077629660989189,13533.214843750000000
684,683,-93.530279436763493,44.077590660989195,13594.058268229000532
685,684,-93.530279436763493,44.077551660989187,14264.329915365000488
686,685,-93.530279436763493,44.077512660989193,14419.938476563000222
687,686,-93.530279436763493,44.077473660989192,14411.456922743000177
688,687,-93.530279436763493,44.077434660989191,14027.993923611000355
689,688,-93.530279436763493,44.077395660989190,13804.267903645999468
690,689,-93.530279436763493,44.077356660989189,13497.024631075999423
691,690,-93.530279436763493,44.077317660989195,11087.104492188000222
692,691,-93.530279436763493,44.077278660989194,11260.281738281000798
693,692,-93.530279436763493,44.077239660989193,11790.652560763999645
694,693,-93.530279436763493,44.077200660989192,12315.465603299000577
695,694,-93.530279436763493,44.077161660989191,12168.522677950999423
696,695,-93.530279436763493,44.077122660989197,12398.480902777999290
697,696,-93.530279436763493,44.077083660989189,11406.731119792000754
698,697,-93.530279436763493,44.077044660989195,11093.296712240000488
699,698,-93.530279436763493,44.077005660989194,10930.218641493000177
700,699,-93.530279436763493,44.076966660989186,10114.897786457999246
701,700,-93.530279436763493,44.076927660989192,10601.689127604000532
702,701,-93.530279436763493,44.076888660989191,11347.918619792000754
703,702,-93.530279436763493,44.076849660989190,11763.877604167000754
704,703,-93.530279436763493,44.076810660989189,12802.844401042000754
705,704,-93.530240436763506,44.078019660989192,13097.134657118000177
706,705,-93.530240436763506,44.077980660989198,12277.378472222000710
707,706,-93.530240436763506,44.077941660989190,13727.134765625000000
708,707,-93.530240436763506,44.077902660989189,14614.652560763999645
709,708,-93.530240436763506,44.077863660989195,13727.056857638999645
710,709,-93.530240436763506,44.077824660989201,13728.875651042000754
711,710,-93.530240436763506,44.077785660989193,13423.428873697999734
712,711,-93.530240436763506,44.077746660989192,13313.100477431000400
713,712,-93.530240436763506,44.077707660989184,13161.462131075999423
714,713,-93.530240436763506,44.077668660989190,13537.366536457999246
715,714,-93.530240436763506,44.077629660989189,13987.853298611000355
716,715,-93.530240436763506,44.077590660989195,13792.474609375000000
717,716,-93.530240436763506,44.077551660989187,13842.139648438000222
718,717,-93.530240436763506,44.077512660989193,13944.851996527999290
719,718,-93.530240436763506,44.077473660989192,14295.678602431000400
720,719,-93.530240436763506,44.077434660989191,14057.707248263999645
721,720,-93.530240436763506,44.077395660989190,13691.567816840000887
722,721,-93.530240436763506,44.077356660989189,13542.747938368000177
723,722,-93.530240436763506,44.077317660989195,12341.629774306000400
724,723,-93.530240436763506,44.077278660989194,12199.656901042000754
725,724,-93.530240436763506,44.077239660989193,12812.447591145999468
726,725,-93.530240436763506,44.077200660989192,12816.416341145999468
727,726,-93.530240436763506,44.077161660989191,12413.704535590000887
728,727,-93.530240436763506,44.077122660989197,12443.451280381999823
729,728,-93.530240436763506,44.077083660989189,11564.876193575999423
730,729,-93.530240436763506,44.077044660989195,11013.706542968999202
731,730,-93.530240436763506,44.077005660989194,10647.505967881999823
732,731,-93.530240436763506,44.076966660989186,9801.134114582999246
733,732,-93.530240436763506,44.076927660989192,10602.706705729000532
734,733,-93.530240436763506,44.076888660989191,11436.328233506999823
735,734,-93.530240436763506,44.076849660989190,11561.375217013999645
736,735,-93.530240436763506,44.076810660989189,12609.304144965000887
737,736,-93.530201436763519,44.078019660989192,12787.137695311999778
738,737,-93.530201436763519,44.077980660989198,12837.526041667000754
739,738,-93.530201436763519,44.077941660989190,14012.325195311999778
740,739,-93.530201436763519,44.077902660989189,13940.542805990000488
741,740,-93.530201436763519,44.077863660989195,13689.199544270999468
742,741,-93.530201436763519,44.077824660989201,13761.655110677000266
743,742,-93.530201436763519,44.077785660989193,12919.017089843999202
744,743,-93.530201436763519,44.077746660989192,13034.763834634999512
745,744,-93.530201436763519,44.077707660989184,13771.933919270999468
746,745,-93.530201436763519,44.077668660989190,13679.661783854000532
747,746,-93.530201436763519,44.077629660989189,14014.260904947999734
748,747,-93.530201436763519,44.077590660989195,14066.715983072999734
749,748,-93.530201436763519,44.077551660989187,13702.578857422000510
750,749,-93.530201436763519,44.077512660989193,13655.584798177000266
751,750,-93.530201436763519,44.077473660989192,14063.414713542000754
752,751,-93.530201436763519,44.077434660989191,14148.511881509999512
753,752,-93.530201436763519,44.077395660989190,13759.054687500000000
754,753,-93.530201436763519,44.077356660989189,13583.273925781000798
755,754,-93.530201436763519,44.077317660989195,13364.786621093999202
756,755,-93.530201436763519,44.077278660989194,12956.583007811999778
757,756,-93.530201436763519,44.077239660989193,12721.506673177000266
758,757,-93.530201436763519,44.077200660989192,12838.314453125000000
759,758,-93.530201436763519,44.077161660989191,12630.280436197999734
760,759,-93.530201436763519,44.077122660989197,12689.611490884999512
761,760,-93.530201436763519,44.077083660989189,11543.602050781000798
762,761,-93.530201436763519,44.077044660989195,11093.863525390999712
763,762,-93.530201436763519,44.077005660989194,10712.832031250000000
764,763,-93.530201436763519,44.076966660989186,9993.183593750000000
765,764,-93.530201436763519,44.076927660989192,10819.295410156000798
766,765,-93.530201436763519,44.076888660989191,12074.211425781000798
767,766,-93.530201436763519,44.076849660989190,11603.952311197999734
768,767,-93.530201436763519,44.076810660989189,12138.324707031000798
769,768,-93.530162436763504,44.078019660989192,13718.249782986000355
770,769,-93.530162436763504,44.077980660989198,13822.675564236000355
771,770,-93.530162436763504,44.077941660989190,14057.489474825999423
772,771,-93.530162436763504,44.077902660989189,13380.525499131999823
773,772,-93.530162436763504,44.077863660989195,13672.538628472000710
774,773,-93.530162436763504,44.077824660989201,13671.444335938000222
775,774,-93.530162436763504,44.077785660989193,12941.122721354000532
776,775,-93.530162436763504,44.077746660989192,12743.387695311999778
777,776,-93.530162436763504,44.077707660989184,13902.720811631999823
778,777,-93.530162436763504,44.077668660989190,13321.800889756999823
779,778,-93.530162436763504,44.077629660989189,13662.502061631999823
780,779,-93.530162436763504,44.077590660989195,13976.922417534999113
781,780,-93.530162436763504,44.077551660989187,13485.492513020999468
782,781,-93.530162436763504,44.077512660989193,13349.202365450999423
783,782,-93.530162436763504,44.077473660989192,13751.472439236000355
784,783,-93.530162436763504,44.077434660989191,14123.021484375000000
785,784,-93.530162436763504,44.077395660989190,13628.945963542000754
786,785,-93.530162436763504,44.077356660989189,13286.174587674000577
787,786,-93.530162436763504,44.077317660989195,13861.890625000000000
788,787,-93.530162436763504,44.077278660989194,13404.465983072999734
789,788,-93.530162436763504,44.077239660989193,12411.024631075999423
790,789,-93.530162436763504,44.077200660989192,12658.481662325999423
791,790,-93.530162436763504,44.077161660989191,12611.723198784999113
792,791,-93.530162436763504,44.077122660989197,12948.249240450999423
793,792,-93.530162436763504,44.077083660989189,11689.680772568999600
794,793,-93.530162436763504,44.077044660989195,11605.437337240000488
795,794,-93.530162436763504,44.077005660989194,11069.949001736000355
796,795,-93.530162436763504,44.076966660989186,10571.931966145999468
797,796,-93.530162436763504,44.076927660989192,11244.347547743000177
798,797,-93.530162436763504,44.076888660989191,12898.777886284999113
799,798,-93.530162436763504,44.076849660989190,11799.618815104000532
800,799,-93.530162436763504,44.076810660989189,11443.112196181000400
801,800,-93.530123436763532,44.078019660989192,12717.833116318999600
802,801,-93.530123436763532,44.077980660989198,13545.699761284999113
803,802,-93.530123436763532,44.077941660989190,13674.363932292000754
804,803,-93.530123436763532,44.077902660989189,12880.614800347000710
805,804,-93.530123436763532,44.077863660989195,13756.617404513999645
806,805,-93.530123436763532,44.077824660989201,13677.111870659999113
807,806,-93.530123436763532,44.077785660989193,13312.419433593999202
808,807,-93.530123436763532,44.077746660989192,12660.609809027999290
809,808,-93.530123436763532,44.077707660989184,13546.838867188000222
810,809,-93.530123436763532,44.077668660989190,13298.385091145999468
811,810,-93.530123436763532,44.077629660989189,13686.128363715000887
812,811,-93.530123436763532,44.077590660989195,13808.788736979000532
813,812,-93.530123436763532,44.077551660989187,13182.084309895999468
814,813,-93.530123436763532,44.077512660989193,12997.160481770999468
815,814,-93.530123436763532,44.077473660989192,13522.468532986000355
816,815,-93.530123436763532,44.077434660989191,14080.286241318999600
817,816,-93.530123436763532,44.077395660989190,13775.993055556000400
818,817,-93.530123436763532,44.077356660989189,13170.299045138999645
819,818,-93.530123436763532,44.077317660989195,13526.589735243000177
820,819,-93.530123436763532,44.077278660989194,13612.808593750000000
821,820,-93.530123436763532,44.077239660989193,12565.082248263999645
822,821,-93.530123436763532,44.077200660989192,12523.547309027999290
823,822,-93.530123436763532,44.077161660989191,12330.999782986000355
824,823,-93.530123436763532,44.077122660989197,12821.923285590000887
825,824,-93.530123436763532,44.077083660989189,12009.360460068999600
826,825,-93.530123436763532,44.077044660989195,12153.915852865000488
827,826,-93.530123436763532,44.077005660989194,11485.272135417000754
828,827,-93.530123436763532,44.076966660989186,11161.048611111000355
829,828,-93.530123436763532,44.076927660989192,11812.745551215000887
830,829,-93.530123436763532,44.076888660989191,12927.941297743000177
831,830,-93.530123436763532,44.076849660989190,11733.997395832999246
832,831,-93.530123436763532,44.076810660989189,10895.458875868000177
833,832,-93.530084436763502,44.078019660989192,10867.037760417000754
834,833,-93.530084436763502,44.077980660989198,12571.321723090000887
835,834,-93.530084436763502,44.077941660989190,13373.265625000000000
836,835,-93.530084436763502,44.077902660989189,12051.070529513999645
837,836,-93.530084436763502,44.077863660989195,13178.596896700999423
838,837,-93.530084436763502,44.077824660989201,13216.923719618000177
839,838,-93.530084436763502,44.077785660989193,13418.452148438000222
840,839,-93.530084436763502,44.077746660989192,12636.304687500000000
841,840,-93.530084436763502,44.077707660989184,12946.590928818999600
842,841,-93.530084436763502,44.077668660989190,13336.304470486000355
843,842,-93.530084436763502,44.077629660989189,13162.021158854000532
844,843,-93.530084436763502,44.077590660989195,13504.840494792000754
845,844,-93.530084436763502,44.077551660989187,13273.139160156000798
846,845,-93.530084436763502,44.077512660989193,13068.000000000000000
847,846,-93.530084436763502,44.077473660989192,13601.799479167000754
848,847,-93.530084436763502,44.077434660989191,14156.110785590000887
849,848,-93.530084436763502,44.077395660989190,14015.029079861000355
850,849,-93.530084436763502,44.077356660989189,13188.795789931000400
851,850,-93.530084436763502,44.077317660989195,12944.620768229000532
852,851,-93.530084436763502,44.077278660989194,13413.768554688000222
853,852,-93.530084436763502,44.077239660989193,12536.275282118000177
854,853,-93.530084436763502,44.077200660989192,12387.938910590000887
855,854,-93.530084436763502,44.077161660989191,12016.914822049000577
856,855,-93.530084436763502,44.077122660989197,12214.120985243000177
857,856,-93.530084436763502,44.077083660989189,12245.992513020999468
858,857,-93.530084436763502,44.077044660989195,12520.097819009999512
859,858,-93.530084436763502,44.077005660989194,11623.244249131999823
860,859,-93.530084436763502,44.076966660989186,12212.469292534999113
861,860,-93.530084436763502,44.076927660989192,12284.033745659999113
862,861,-93.530084436763502,44.076888660989191,12290.309895832999246
863,862,-93.530084436763502,44.076849660989190,11421.027235243000177
864,863,-93.530084436763502,44.076810660989189,10686.669704861000355
865,864,-93.530045436763515,44.078019660989192,11044.716905381999823
866,865,-93.530045436763515,44.077980660989198,11819.249023438000222
867,866,-93.530045436763515,44.077941660989190,12690.094509549000577
868,867,-93.530045436763515,44.077902660989189,11211.135308159999113
869,868,-93.530045436763515,44.077863660989195,12828.776150174000577
870,869,-93.530045436763515,44.077824660989201,12410.606336806000400
871,870,-93.530045436763515,44.077785660989193,13294.550944009999512
872,871,-93.530045436763515,44.077746660989192,12509.963433159999113
873,872,-93.530045436763515,44.077707660989184,12547.230685763999645
874,873,-93.530045436763515,44.077668660989190,13027.574110243000177
875,874,-93.530045436763515,44.077629660989189,13483.560546875000000
876,875,-93.530045436763515,44.077590660989195,13685.365885417000754
877,876,-93.530045436763515,44.077551660989187,13126.568196615000488
878,877,-93.530045436763515,44.077512660989193,12798.825195311999778
879,878,-93.530045436763515,44.077473660989192,13721.523111979000532
880,879,-93.530045436763515,44.077434660989191,14437.643012152999290
881,880,-93.530045436763515,44.077395660989190,13591.992187500000000
882,881,-93.530045436763515,44.077356660989189,12768.630859375000000
883,882,-93.530045436763515,44.077317660989195,12900.441189236000355
884,883,-93.530045436763515,44.077278660989194,13331.159830729000532
885,884,-93.530045436763515,44.077239660989193,12021.916232638999645
886,885,-93.530045436763515,44.077200660989192,11842.498263888999645
887,886,-93.530045436763515,44.077161660989191,11356.525065104000532
888,887,-93.530045436763515,44.077122660989197,11583.415473090000887
889,888,-93.530045436763515,44.077083660989189,12213.909288193999600
890,889,-93.530045436763515,44.077044660989195,12348.187988281000798
891,890,-93.530045436763515,44.077005660989194,11536.060329861000355
892,891,-93.530045436763515,44.076966660989186,12600.821072049000577
893,892,-93.530045436763515,44.076927660989192,12318.637044270999468
894,893,-93.530045436763515,44.076888660989191,11628.630642361000355
895,894,-93.530045436763515,44.076849660989190,10729.835503472000710
896,895,-93.530045436763515,44.076810660989189,9523.686089409999113
897,896,-93.530006436763500,44.078019660989192,10929.329969618000177
898,897,-93.530006436763500,44.077980660989198,10418.210828993000177
899,898,-93.530006436763500,44.077941660989190,11140.870225693999600
900,899,-93.530006436763500,44.077902660989189,10484.952365450999423
901,900,-93.530006436763500,44.077863660989195,13125.419921875000000
902,901,-93.530006436763500,44.077824660989201,11716.206814236000355
903,902,-93.530006436763500,44.077785660989193,13228.588053384999512
904,903,-93.530006436763500,44.077746660989192,12216.586588542000754
905,904,-93.530006436763500,44.077707660989184,12570.343750000000000
906,905,-93.530006436763500,44.077668660989190,12460.200520832999246
907,906,-93.530006436763500,44.077629660989189,13074.256510417000754
908,907,-93.530006436763500,44.077590660989195,13228.360568575999423
909,908,-93.530006436763500,44.077551660989187,12702.158854167000754
910,909,-93.530006436763500,44.077512660989193,12396.060872395999468
911,910,-93.530006436763500,44.077473660989192,13368.826388888999645
912,911,-93.530006436763500,44.077434660989191,13550.922743056000400
913,912,-93.530006436763500,44.077395660989190,12206.042317707999246
914,913,-93.530006436763500,44.077356660989189,12105.025065104000532
915,914,-93.530006436763500,44.077317660989195,12484.462022568999600
916,915,-93.530006436763500,44.077278660989194,12977.862304688000222
917,916,-93.530006436763500,44.077239660989193,11555.998914931000400
918,917,-93.530006436763500,44.077200660989192,11039.188259549000577
919,918,-93.530006436763500,44.077161660989191,11076.419813368000177
920,919,-93.530006436763500,44.077122660989197,11329.670681424000577
921,920,-93.530006436763500,44.077083660989189,11796.449544270999468
922,921,-93.530006436763500,44.077044660989195,11989.948404947999734
923,922,-93.530006436763500,44.077005660989194,11138.257378472000710
924,923,-93.530006436763500,44.076966660989186,11761.718098957999246
925,924,-93.530006436763500,44.076927660989192,11738.186089409999113
926,925,-93.530006436763500,44.076888660989191,11129.742078993000177
927,926,-93.530006436763500,44.076849660989190,9756.515733506999823
928,927,-93.530006436763500,44.076810660989189,7989.661132811999778
929,928,-93.529967436763513,44.078019660989192,11462.474446615000488
930,929,-93.529967436763513,44.077980660989198,9515.574707031000798
931,930,-93.529967436763513,44.077941660989190,9181.945800781000798
932,931,-93.529967436763513,44.077902660989189,9694.381835938000222
933,932,-93.529967436763513,44.077863660989195,12540.371093750000000
934,933,-93.529967436763513,44.077824660989201,10847.965820311999778
935,934,-93.529967436763513,44.077785660989193,13141.449462890999712
936,935,-93.529967436763513,44.077746660989192,11611.602050781000798
937,936,-93.529967436763513,44.077707660989184,11922.272623697999734
938,937,-93.529967436763513,44.077668660989190,11650.111165365000488
939,938,-93.529967436763513,44.077629660989189,12018.259114582999246
940,939,-93.529967436763513,44.077590660989195,11953.608723957999246
941,940,-93.529967436763513,44.077551660989187,11798.077636718999202
942,941,-93.529967436763513,44.077512660989193,11757.075032552000266
943,942,-93.529967436763513,44.077473660989192,12540.521972656000798
944,943,-93.529967436763513,44.077434660989191,12415.775390625000000
945,944,-93.529967436763513,44.077395660989190,11096.504394531000798
946,945,-93.529967436763513,44.077356660989189,11446.670410156000798
947,946,-93.529967436763513,44.077317660989195,11784.687825520999468
948,947,-93.529967436763513,44.077278660989194,12579.932373047000510
949,948,-93.529967436763513,44.077239660989193,11447.285156250000000
950,949,-93.529967436763513,44.077200660989192,10433.903971354000532
951,950,-93.529967436763513,44.077161660989191,10806.887369792000754
952,951,-93.529967436763513,44.077122660989197,10950.342773438000222
953,952,-93.529967436763513,44.077083660989189,11044.323893229000532
954,953,-93.529967436763513,44.077044660989195,10969.162841797000510
955,954,-93.529967436763513,44.077005660989194,10281.185058593999202
956,955,-93.529967436763513,44.076966660989186,10727.993326822999734
957,956,-93.529967436763513,44.076927660989192,11047.874186197999734
958,957,-93.529967436763513,44.076888660989191,10598.711263020999468
959,958,-93.529967436763513,44.076849660989190,10370.227050781000798
960,959,-93.529967436763513,44.076810660989189,9228.069173177000266
961,960,-93.529928436763498,44.078019660989192,12171.366102431000400
962,961,-93.529928436763498,44.077980660989198,8789.413357204999556
963,962,-93.529928436763498,44.077941660989190,7291.776692708000155
964,963,-93.529928436763498,44.077902660989189,8712.444661457999246
965,964,-93.529928436763498,44.077863660989195,12452.038628472000710
966,965,-93.529928436763498,44.077824660989201,9717.391547309000089
967,966,-93.529928436763498,44.077785660989193,12590.408691406000798
968,967,-93.529928436763498,44.077746660989192,10409.515733506999823
969,968,-93.529928436763498,44.077707660989184,10900.101996527999290
970,969,-93.529928436763498,44.077668660989190,10561.758463542000754
971,970,-93.529928436763498,44.077629660989189,12252.412868924000577
972,971,-93.529928436763498,44.077590660989195,11074.143337674000577
973,972,-93.529928436763498,44.077551660989187,10265.568684895999468
974,973,-93.529928436763498,44.077512660989193,10211.613172743000177
975,974,-93.529928436763498,44.077473660989192,12027.440104167000754
976,975,-93.529928436763498,44.077434660989191,12366.620442707999246
977,976,-93.529928436763498,44.077395660989190,10277.237630207999246
978,977,-93.529928436763498,44.077356660989189,10536.373155381999823
979,978,-93.529928436763498,44.077317660989195,11399.636067707999246
980,979,-93.529928436763498,44.077278660989194,12301.865559895999468
981,980,-93.529928436763498,44.077239660989193,10687.554578993000177
982,981,-93.529928436763498,44.077200660989192,9560.774848090000887
983,982,-93.529928436763498,44.077161660989191,9515.805772568999600
984,983,-93.529928436763498,44.077122660989197,9523.533528645999468
985,984,-93.529928436763498,44.077083660989189,10194.989800347000710
986,985,-93.529928436763498,44.077044660989195,9510.334635417000754
987,986,-93.529928436763498,44.077005660989194,9258.815321181000400
988,987,-93.529928436763498,44.076966660989186,9355.710394965000887
989,988,-93.529928436763498,44.076927660989192,10225.568359375000000
990,989,-93.529928436763498,44.076888660989191,10145.864257811999778
991,990,-93.529928436763498,44.076849660989190,11761.665039061999778
992,991,-93.529928436763498,44.076810660989189,9883.919053818999600
993,992,-93.529889436763497,44.078019660989192,11669.244954427000266
994,993,-93.529889436763497,44.077980660989198,8176.599555122000311
995,994,-93.529889436763497,44.077941660989190,7124.947916666999845
996,995,-93.529889436763497,44.077902660989189,8570.177191840000887
997,996,-93.529889436763497,44.077863660989195,10584.175672743000177
998,997,-93.529889436763497,44.077824660989201,10237.149522568999600
999,998,-93.529889436763497,44.077785660989193,11280.910156250000000
1000,999,-93.529889436763497,44.077746660989192,10789.630425347000710
1001,1000,-93.529889436763497,44.077707660989184,12275.215386284999113
1002,1001,-93.529889436763497,44.077668660989190,11643.570638020999468
1003,1002,-93.529889436763497,44.077629660989189,13614.132595486000355
1004,1003,-93.529889436763497,44.077590660989195,11724.395399306000400
1005,1004,-93.529889436763497,44.077551660989187,11101.721028645999468
1006,1005,-93.529889436763497,44.077512660989193,10845.934027777999290
1007,1006,-93.529889436763497,44.077473660989192,11797.019097222000710
1008,1007,-93.529889436763497,44.077434660989191,12483.903211806000400
1009,1008,-93.529889436763497,44.077395660989190,11273.887044270999468
1010,1009,-93.529889436763497,44.077356660989189,11463.400065104000532
1011,1010,-93.529889436763497,44.077317660989195,11557.928602431000400
1012,1011,-93.529889436763497,44.077278660989194,12472.266113281000798
1013,1012,-93.529889436763497,44.077239660989193,11145.806423611000355
1014,1013,-93.529889436763497,44.077200660989192,11567.405598957999246
1015,1014,-93.529889436763497,44.077161660989191,10190.087782118000177
1016,1015,-93.529889436763497,44.077122660989197,10781.449978299000577
1017,1016,-93.529889436763497,44.077083660989189,10518.359700520999468
1018,1017,-93.529889436763497,44.077044660989195,10948.857584634999512
1019,1018,-93.529889436763497,44.077005660989194,10906.442165799000577
1020,1019,-93.529889436763497,44.076966660989186,11438.741427950999423
1021,1020,-93.529889436763497,44.076927660989192,10818.853732638999645
1022,1021,-93.529889436763497,44.076888660989191,11139.557725693999600
1023,1022,-93.529889436763497,44.076849660989190,13442.608181424000577
1024,1023,-93.529889436763497,44.076810660989189,10819.244845920000444
1025,1024,-93.529850436763496,44.078019660989192,10696.946614582999246
1026,1025,-93.529850436763496,44.077980660989198,8242.661621093999202
1027,1026,-93.529850436763496,44.077941660989190,9294.012586806000400
1028,1027,-93.529850436763496,44.077902660989189,10007.652126736000355
1029,1028,-93.529850436763496,44.077863660989195,10964.743164061999778
1030,1029,-93.529850436763496,44.077824660989201,12457.534179688000222
1031,1030,-93.529850436763496,44.077785660989193,13048.201334634999512
1032,1031,-93.529850436763496,44.077746660989192,13016.004014756999823
1033,1032,-93.529850436763496,44.077707660989184,13125.877278645999468
1034,1033,-93.529850436763496,44.077668660989190,13057.903537325999423
1035,1034,-93.529850436763496,44.077629660989189,13291.736653645999468
1036,1035,-93.529850436763496,44.077590660989195,12926.172526042000754
1037,1036,-93.529850436763496,44.077551660989187,12533.746256509999512
1038,1037,-93.529850436763496,44.077512660989193,12007.769748263999645
1039,1038,-93.529850436763496,44.077473660989192,11715.793185763999645
1040,1039,-93.529850436763496,44.077434660989191,12448.913302950999423
1041,1040,-93.529850436763496,44.077395660989190,12900.654405381999823
1042,1041,-93.529850436763496,44.077356660989189,12674.549587674000577
1043,1042,-93.529850436763496,44.077317660989195,12335.456705729000532
1044,1043,-93.529850436763496,44.077278660989194,12383.811360677000266
1045,1044,-93.529850436763496,44.077239660989193,12857.644965277999290
1046,1045,-93.529850436763496,44.077200660989192,12885.796223957999246
1047,1046,-93.529850436763496,44.077161660989191,12517.662760417000754
1048,1047,-93.529850436763496,44.077122660989197,12352.579644097000710
1049,1048,-93.529850436763496,44.077083660989189,12117.212673611000355
1050,1049,-93.529850436763496,44.077044660989195,11640.142089843999202
1051,1050,-93.529850436763496,44.077005660989194,11716.978190104000532
1052,1051,-93.529850436763496,44.076966660989186,12447.232747395999468
1053,1052,-93.529850436763496,44.076927660989192,12431.919596354000532
1054,1053,-93.529850436763496,44.076888660989191,10517.754231770999468
1055,1054,-93.529850436763496,44.076849660989190,10037.439453125000000
1056,1055,-93.529850436763496,44.076810660989189,9107.444661457999246
1057,1056,-93.529811436763509,44.078019660989192,10049.382486979000532
1058,1057,-93.529811436763509,44.077980660989198,8517.791069877999689
1059,1058,-93.529811436763509,44.077941660989190,11452.897569443999600
1060,1059,-93.529811436763509,44.077902660989189,12495.951063368000177
1061,1060,-93.529811436763509,44.077863660989195,12682.365776909999113
1062,1061,-93.529811436763509,44.077824660989201,13266.309678818999600
1063,1062,-93.529811436763509,44.077785660989193,13510.169270832999246
1064,1063,-93.529811436763509,44.077746660989192,13764.543619792000754
1065,1064,-93.529811436763509,44.077707660989184,13319.724066840000887
1066,1065,-93.529811436763509,44.077668660989190,12936.895399306000400
1067,1066,-93.529811436763509,44.077629660989189,13257.454210068999600
1068,1067,-93.529811436763509,44.077590660989195,13401.554036457999246
1069,1068,-93.529811436763509,44.077551660989187,13011.774902343999202
1070,1069,-93.529811436763509,44.077512660989193,12195.392144097000710
1071,1070,-93.529811436763509,44.077473660989192,12168.132921006999823
1072,1071,-93.529811436763509,44.077434660989191,12278.940429688000222
1073,1072,-93.529811436763509,44.077395660989190,12423.179253472000710
1074,1073,-93.529811436763509,44.077356660989189,11945.779839409999113
1075,1074,-93.529811436763509,44.077317660989195,11888.227322049000577
1076,1075,-93.529811436763509,44.077278660989194,11324.471842447999734
1077,1076,-93.529811436763509,44.077239660989193,11378.564995659999113
1078,1077,-93.529811436763509,44.077200660989192,11409.615668402999290
1079,1078,-93.529811436763509,44.077161660989191,11225.562934027999290
1080,1079,-93.529811436763509,44.077122660989197,11119.797634549000577
1081,1080,-93.529811436763509,44.077083660989189,11137.659071181000400
1082,1081,-93.529811436763509,44.077044660989195,11597.723470052000266
1083,1082,-93.529811436763509,44.077005660989194,12285.037109375000000
1084,1083,-93.529811436763509,44.076966660989186,11660.453233506999823
1085,1084,-93.529811436763509,44.076927660989192,10397.487955729000532
1086,1085,-93.529811436763509,44.076888660989191,8852.090657552000266
1087,1086,-93.529811436763509,44.076849660989190,7355.048231337000288
1088,1087,-93.529811436763509,44.076810660989189,8497.291558159999113
1089,1088,-93.529772436763508,44.078019660989192,10439.118381075999423
1090,1089,-93.529772436763508,44.077980660989198,8867.629218206999212
1091,1090,-93.529772436763508,44.077941660989190,12892.143229167000754
1092,1091,-93.529772436763508,44.077902660989189,14921.126844618000177
1093,1092,-93.529772436763508,44.077863660989195,14709.893337674000577
1094,1093,-93.529772436763508,44.077824660989201,14056.358615450999423
1095,1094,-93.529772436763508,44.077785660989193,13659.874674479000532
1096,1095,-93.529772436763508,44.077746660989192,14083.727864582999246
1097,1096,-93.529772436763508,44.077707660989184,14155.662868924000577
1098,1097,-93.529772436763508,44.077668660989190,14077.898003472000710
1099,1098,-93.529772436763508,44.077629660989189,14144.401041667000754
1100,1099,-93.529772436763508,44.077590660989195,13716.450303818999600
1101,1100,-93.529772436763508,44.077551660989187,13323.839680990000488
1102,1101,-93.529772436763508,44.077512660989193,12922.737630207999246
1103,1102,-93.529772436763508,44.077473660989192,12424.939344618000177
1104,1103,-93.529772436763508,44.077434660989191,12958.473415799000577
1105,1104,-93.529772436763508,44.077395660989190,13645.217230902999290
1106,1105,-93.529772436763508,44.077356660989189,13142.738823784999113
1107,1106,-93.529772436763508,44.077317660989195,12209.034830729000532
1108,1107,-93.529772436763508,44.077278660989194,12095.208821615000488
1109,1108,-93.529772436763508,44.077239660989193,11997.892686631999823
1110,1109,-93.529772436763508,44.077200660989192,11809.698025174000577
1111,1110,-93.529772436763508,44.077161660989191,10962.467230902999290
1112,1111,-93.529772436763508,44.077122660989197,11525.553602431000400
1113,1112,-93.529772436763508,44.077083660989189,12449.983289931000400
1114,1113,-93.529772436763508,44.077044660989195,12715.201171875000000
1115,1114,-93.529772436763508,44.077005660989194,12344.325303818999600
1116,1115,-93.529772436763508,44.076966660989186,11470.975802950999423
1117,1116,-93.529772436763508,44.076927660989192,10073.468098957999246
1118,1117,-93.529772436763508,44.076888660989191,8672.307834200999423
1119,1118,-93.529772436763508,44.076849660989190,8042.456108940999911
1120,1119,-93.529772436763508,44.076810660989189,8999.716579861000355
