OID_,FID,X,Y,Extract_crop_fw_m
1,0,-93.539628209999975,44.065646569999991,17.979464531000001
2,1,-93.539628209999975,44.065607969999988,18.776787758000001
3,2,-93.539628209999975,44.065569369999992,16.590187550000000
4,3,-93.539628209999975,44.065530769999995,17.468291759000000
5,4,-93.539628209999975,44.065492169999999,14.848602294999999
6,5,-93.539628209999975,44.065453569999981,19.166213988999999
7,6,-93.539628209999975,44.065414969999992,22.368721484999998
8,7,-93.539628209999975,44.065376369999996,23.378274440999999
9,8,-93.539628209999975,44.065337769999999,23.915398120999999
10,9,-93.539628209999975,44.065299169999989,23.967402934999999
11,10,-93.539628209999975,44.065260569999992,25.111620902999999
12,11,-93.539628209999975,44.065221970000003,26.526234627000001
13,12,-93.539628209999975,44.065183370000000,26.098417282000000
14,13,-93.539628209999975,44.065144769999989,25.146578788999999
15,14,-93.539628209999975,44.065106169999993,25.275717258000000
16,15,-93.539628209999975,44.065067569999997,26.218014239999999
17,16,-93.539628209999975,44.065028970000000,26.837436675999999
18,17,-93.539628209999975,44.064990369999990,26.918287277000001
19,18,-93.539628209999975,44.064951769999986,26.686380863000000
20,19,-93.539628209999975,44.064913169999997,26.175254821999999
21,20,-93.539589610000007,44.065646569999991,18.946681499000000
22,21,-93.539589610000007,44.065607969999988,19.202535151999999
23,22,-93.539589610000007,44.065569369999992,17.278504372000000
24,23,-93.539589610000007,44.065530769999995,17.878935813999998
25,24,-93.539589610000007,44.065492169999999,14.390300273999999
26,25,-93.539589610000007,44.065453569999981,19.277588367000000
27,26,-93.539589610000007,44.065414969999992,23.354394436000000
28,27,-93.539589610000007,44.065376369999996,24.143112183000000
29,28,-93.539589610000007,44.065337769999999,23.986401558000001
30,29,-93.539589610000007,44.065299169999989,24.202497005000001
31,30,-93.539589610000007,44.065260569999992,24.849231719999999
32,31,-93.539589610000007,44.065221970000003,25.177721024000000
33,32,-93.539589610000007,44.065183370000000,24.679481505999998
34,33,-93.539589610000007,44.065144769999989,24.473174572000001
35,34,-93.539589610000007,44.065106169999993,25.263619899999998
36,35,-93.539589610000007,44.065067569999997,26.089468956000001
37,36,-93.539589610000007,44.065028970000000,26.228897095000001
38,37,-93.539589610000007,44.064990369999990,25.992835045000000
39,38,-93.539589610000007,44.064951769999986,25.991456508999999
40,39,-93.539589610000007,44.064913169999997,25.652540207000001
41,40,-93.539551009999997,44.065646569999991,19.617433548000001
42,41,-93.539551009999997,44.065607969999988,19.450623989000000
43,42,-93.539551009999997,44.065569369999992,17.485046387000001
44,43,-93.539551009999997,44.065530769999995,18.994313240000000
45,44,-93.539551009999997,44.065492169999999,15.643690586000000
46,45,-93.539551009999997,44.065453569999981,20.589452743999999
47,46,-93.539551009999997,44.065414969999992,24.389504432999999
48,47,-93.539551009999997,44.065376369999996,25.159978867000000
49,48,-93.539551009999997,44.065337769999999,24.587168693999999
50,49,-93.539551009999997,44.065299169999989,24.552841186999999
51,50,-93.539551009999997,44.065260569999992,24.608107567000001
52,51,-93.539551009999997,44.065221970000003,24.432197093999999
53,52,-93.539551009999997,44.065183370000000,23.952067374999999
54,53,-93.539551009999997,44.065144769999989,24.119088649999998
55,54,-93.539551009999997,44.065106169999993,25.030513762999998
56,55,-93.539551009999997,44.065067569999997,25.599678516000001
57,56,-93.539551009999997,44.065028970000000,25.430643559000000
58,57,-93.539551009999997,44.064990369999990,24.805598736000000
59,58,-93.539551009999997,44.064951769999986,24.889127254000002
60,59,-93.539551009999997,44.064913169999997,24.784444809000000
61,60,-93.539512409999986,44.065646569999991,19.783138751999999
62,61,-93.539512409999986,44.065607969999988,18.599273682000000
63,62,-93.539512409999986,44.065569369999992,17.483141421999999
64,63,-93.539512409999986,44.065530769999995,19.382078171000000
65,64,-93.539512409999986,44.065492169999999,18.763755322000002
66,65,-93.539512409999986,44.065453569999981,22.316313743999999
67,66,-93.539512409999986,44.065414969999992,24.626157761000002
68,67,-93.539512409999986,44.065376369999996,25.722940444999999
69,68,-93.539512409999986,44.065337769999999,25.121193409000000
70,69,-93.539512409999986,44.065299169999989,24.715771197999999
71,70,-93.539512409999986,44.065260569999992,24.480319023000000
72,71,-93.539512409999986,44.065221970000003,25.238487244000002
73,72,-93.539512409999986,44.065183370000000,25.366279601999999
74,73,-93.539512409999986,44.065144769999989,24.992594719000000
75,74,-93.539512409999986,44.065106169999993,24.575488567000001
76,75,-93.539512409999986,44.065067569999997,24.433681965000002
77,76,-93.539512409999986,44.065028970000000,24.949402331999998
78,77,-93.539512409999986,44.064990369999990,24.563338280000000
79,78,-93.539512409999986,44.064951769999986,24.243870258000001
80,79,-93.539512409999986,44.064913169999997,24.863540649000001
81,80,-93.539473810000004,44.065646569999991,19.842353343999999
82,81,-93.539473810000004,44.065607969999988,18.168607712000000
83,82,-93.539473810000004,44.065569369999992,17.336740971000001
84,83,-93.539473810000004,44.065530769999995,18.976932525999999
85,84,-93.539473810000004,44.065492169999999,16.947536468999999
86,85,-93.539473810000004,44.065453569999981,22.228626727999998
87,86,-93.539473810000004,44.065414969999992,25.301523208999999
88,87,-93.539473810000004,44.065376369999996,25.266031264999999
89,88,-93.539473810000004,44.065337769999999,24.817553043000000
90,89,-93.539473810000004,44.065299169999989,24.238120079000002
91,90,-93.539473810000004,44.065260569999992,24.376151562000000
92,91,-93.539473810000004,44.065221970000003,24.816189289000000
93,92,-93.539473810000004,44.065183370000000,24.664428710999999
94,93,-93.539473810000004,44.065144769999989,24.604157447999999
95,94,-93.539473810000004,44.065106169999993,24.711890697000001
96,95,-93.539473810000004,44.065067569999997,24.164256572999999
97,96,-93.539473810000004,44.065028970000000,24.126414776000001
98,97,-93.539473810000004,44.064990369999990,24.368659973000000
99,98,-93.539473810000004,44.064951769999986,24.470715522999999
100,99,-93.539473810000004,44.064913169999997,23.970980644000001
101,100,-93.539435209999994,44.065646569999991,20.221013545999998
102,101,-93.539435209999994,44.065607969999988,18.731346606999999
103,102,-93.539435209999994,44.065569369999992,16.776778698000001
104,103,-93.539435209999994,44.065530769999995,18.118588924000001
105,104,-93.539435209999994,44.065492169999999,15.365980625000001
106,105,-93.539435209999994,44.065453569999981,21.399889469000001
107,106,-93.539435209999994,44.065414969999992,24.785491467000000
108,107,-93.539435209999994,44.065376369999996,24.777299881000001
109,108,-93.539435209999994,44.065337769999999,24.509504318000001
110,109,-93.539435209999994,44.065299169999989,23.899357319000000
111,110,-93.539435209999994,44.065260569999992,24.157531737999999
112,111,-93.539435209999994,44.065221970000003,24.692369937999999
113,112,-93.539435209999994,44.065183370000000,24.537718773000002
114,113,-93.539435209999994,44.065144769999989,24.504766463999999
115,114,-93.539435209999994,44.065106169999993,24.650456428999998
116,115,-93.539435209999994,44.065067569999997,24.183354855000001
117,116,-93.539435209999994,44.065028970000000,24.149867534999998
118,117,-93.539435209999994,44.064990369999990,24.973195076000000
119,118,-93.539435209999994,44.064951769999986,25.268198012999999
120,119,-93.539435209999994,44.064913169999997,23.805501937999999
121,120,-93.539396609999983,44.065646569999991,20.387917042000002
122,121,-93.539396609999983,44.065607969999988,18.906035422999999
123,122,-93.539396609999983,44.065569369999992,16.099289656000000
124,123,-93.539396609999983,44.065530769999995,18.038594245999999
125,124,-93.539396609999983,44.065492169999999,14.832067013000000
126,125,-93.539396609999983,44.065453569999981,20.688942909000001
127,126,-93.539396609999983,44.065414969999992,23.699933051999999
128,127,-93.539396609999983,44.065376369999996,23.915037632000001
129,128,-93.539396609999983,44.065337769999999,23.885893822000000
130,129,-93.539396609999983,44.065299169999989,23.089559555000001
131,130,-93.539396609999983,44.065260569999992,23.248583794000002
132,131,-93.539396609999983,44.065221970000003,24.253845214999998
133,132,-93.539396609999983,44.065183370000000,24.357923507999999
134,133,-93.539396609999983,44.065144769999989,24.154998301999999
135,134,-93.539396609999983,44.065106169999993,23.820616722000000
136,135,-93.539396609999983,44.065067569999997,24.190505981000001
137,136,-93.539396609999983,44.065028970000000,24.776696205000000
138,137,-93.539396609999983,44.064990369999990,25.891585827000000
139,138,-93.539396609999983,44.064951769999986,26.180852890000001
140,139,-93.539396609999983,44.064913169999997,24.765495777000002
141,140,-93.539358010000001,44.065646569999991,20.061483859999999
142,141,-93.539358010000001,44.065607969999988,18.963883400000000
143,142,-93.539358010000001,44.065569369999992,15.622671127000000
144,143,-93.539358010000001,44.065530769999995,18.810445785999999
145,144,-93.539358010000001,44.065492169999999,16.421313047000002
146,145,-93.539358010000001,44.065453569999981,20.784343718999999
147,146,-93.539358010000001,44.065414969999992,22.630236625999999
148,147,-93.539358010000001,44.065376369999996,21.593581199999999
149,148,-93.539358010000001,44.065337769999999,20.718513488999999
150,149,-93.539358010000001,44.065299169999989,19.986440181999999
151,150,-93.539358010000001,44.065260569999992,19.344875336000001
152,151,-93.539358010000001,44.065221970000003,19.367390155999999
153,152,-93.539358010000001,44.065183370000000,19.373834609999999
154,153,-93.539358010000001,44.065144769999989,19.494076729000000
155,154,-93.539358010000001,44.065106169999993,21.437561511999998
156,155,-93.539358010000001,44.065067569999997,23.362394810000001
157,156,-93.539358010000001,44.065028970000000,24.935190201000001
158,157,-93.539358010000001,44.064990369999990,25.376871586000000
159,158,-93.539358010000001,44.064951769999986,25.543891429999999
160,159,-93.539358010000001,44.064913169999997,25.983843326999999
161,160,-93.539319409999990,44.065646569999991,19.763276099999999
162,161,-93.539319409999990,44.065607969999988,19.671852589000000
163,162,-93.539319409999990,44.065569369999992,15.600326061000001
164,163,-93.539319409999990,44.065530769999995,18.474839686999999
165,164,-93.539319409999990,44.065492169999999,17.259314060000001
166,165,-93.539319409999990,44.065453569999981,19.923106669999999
167,166,-93.539319409999990,44.065414969999992,21.195542811999999
168,167,-93.539319409999990,44.065376369999996,20.156942844000000
169,168,-93.539319409999990,44.065337769999999,18.527946949000000
170,169,-93.539319409999990,44.065299169999989,16.857812881000001
171,170,-93.539319409999990,44.065260569999992,15.980259417999999
172,171,-93.539319409999990,44.065221970000003,16.615125656000000
173,172,-93.539319409999990,44.065183370000000,17.695710181999999
174,173,-93.539319409999990,44.065144769999989,19.161386490000002
175,174,-93.539319409999990,44.065106169999993,22.029074191999999
176,175,-93.539319409999990,44.065067569999997,24.840473652000000
177,176,-93.539319409999990,44.065028970000000,26.404545306999999
178,177,-93.539319409999990,44.064990369999990,26.616090298000000
179,178,-93.539319409999990,44.064951769999986,26.597490788000002
180,179,-93.539319409999990,44.064913169999997,27.050227164999999
181,180,-93.539280810000008,44.065646569999991,19.864889622000000
182,181,-93.539280810000008,44.065607969999988,19.882590294000000
183,182,-93.539280810000008,44.065569369999992,15.781328439999999
184,183,-93.539280810000008,44.065530769999995,17.694761276000001
185,184,-93.539280810000008,44.065492169999999,16.655251025999998
186,185,-93.539280810000008,44.065453569999981,19.514702320000001
187,186,-93.539280810000008,44.065414969999992,21.220442771999998
188,187,-93.539280810000008,44.065376369999996,20.790971756000001
189,188,-93.539280810000008,44.065337769999999,19.209446907000000
190,189,-93.539280810000008,44.065299169999989,17.139797926000000
191,190,-93.539280810000008,44.065260569999992,16.310128688999999
192,191,-93.539280810000008,44.065221970000003,17.751761435999999
193,192,-93.539280810000008,44.065183370000000,19.748714447000001
194,193,-93.539280810000008,44.065144769999989,21.481632232999999
195,194,-93.539280810000008,44.065106169999993,23.644119740000001
196,195,-93.539280810000008,44.065067569999997,25.939156055000002
197,196,-93.539280810000008,44.065028970000000,27.200643063000001
198,197,-93.539280810000008,44.064990369999990,27.456512927999999
199,198,-93.539280810000008,44.064951769999986,27.260388850999998
200,199,-93.539280810000008,44.064913169999997,27.304570198000000
201,200,-93.539242209999998,44.065646569999991,19.784114838000001
202,201,-93.539242209999998,44.065607969999988,20.143017769000000
203,202,-93.539242209999998,44.065569369999992,16.150482655000001
204,203,-93.539242209999998,44.065530769999995,16.850279808000000
205,204,-93.539242209999998,44.065492169999999,14.266525744999999
206,205,-93.539242209999998,44.065453569999981,18.778320312000002
207,206,-93.539242209999998,44.065414969999992,22.335517883000001
208,207,-93.539242209999998,44.065376369999996,22.314048766999999
209,208,-93.539242209999998,44.065337769999999,21.197474480000000
210,209,-93.539242209999998,44.065299169999989,20.397767067000000
211,210,-93.539242209999998,44.065260569999992,19.540765761999999
212,211,-93.539242209999998,44.065221970000003,19.542697906000001
213,212,-93.539242209999998,44.065183370000000,20.650028229000000
214,213,-93.539242209999998,44.065144769999989,22.169927597000001
215,214,-93.539242209999998,44.065106169999993,23.821225166000001
216,215,-93.539242209999998,44.065067569999997,24.820631027000001
217,216,-93.539242209999998,44.065028970000000,24.972966194000001
218,217,-93.539242209999998,44.064990369999990,25.317008017999999
219,218,-93.539242209999998,44.064951769999986,25.598277092000000
220,219,-93.539242209999998,44.064913169999997,25.598332405000001
221,220,-93.539203609999987,44.065646569999991,19.503489971000000
222,221,-93.539203609999987,44.065607969999988,20.754720687999999
223,222,-93.539203609999987,44.065569369999992,16.912690163000001
224,223,-93.539203609999987,44.065530769999995,16.225326538000001
225,224,-93.539203609999987,44.065492169999999,13.857082129000000
226,225,-93.539203609999987,44.065453569999981,19.482213974000000
227,226,-93.539203609999987,44.065414969999992,24.128806591000000
228,227,-93.539203609999987,44.065376369999996,24.863242149000001
229,228,-93.539203609999987,44.065337769999999,24.127670765000001
230,229,-93.539203609999987,44.065299169999989,23.524407864000001
231,230,-93.539203609999987,44.065260569999992,22.949758530000000
232,231,-93.539203609999987,44.065221970000003,22.766615867999999
233,232,-93.539203609999987,44.065183370000000,22.957373618999998
234,233,-93.539203609999987,44.065144769999989,23.759548664000000
235,234,-93.539203609999987,44.065106169999993,24.575176716000001
236,235,-93.539203609999987,44.065067569999997,24.789720535000001
237,236,-93.539203609999987,44.065028970000000,24.379310131000000
238,237,-93.539203609999987,44.064990369999990,24.622437000000001
239,238,-93.539203609999987,44.064951769999986,24.748846054000001
240,239,-93.539203609999987,44.064913169999997,24.439672946999998
241,240,-93.539165010000019,44.065646569999991,19.665453911000000
242,241,-93.539165010000019,44.065607969999988,20.912542819999999
243,242,-93.539165010000019,44.065569369999992,17.793443679999999
244,243,-93.539165010000019,44.065530769999995,16.793537616999998
245,244,-93.539165010000019,44.065492169999999,15.909200430000000
246,245,-93.539165010000019,44.065453569999981,21.147664547000002
247,246,-93.539165010000019,44.065414969999992,25.923262119000000
248,247,-93.539165010000019,44.065376369999996,27.558564662999999
249,248,-93.539165010000019,44.065337769999999,27.000308514000000
250,249,-93.539165010000019,44.065299169999989,26.085800647999999
251,250,-93.539165010000019,44.065260569999992,25.978661060000000
252,251,-93.539165010000019,44.065221970000003,26.277274131999999
253,252,-93.539165010000019,44.065183370000000,25.929430962000001
254,253,-93.539165010000019,44.065144769999989,25.748280524999998
255,254,-93.539165010000019,44.065106169999993,25.815840721000001
256,255,-93.539165010000019,44.065067569999997,26.012865067000000
257,256,-93.539165010000019,44.065028970000000,26.971092224000000
258,257,-93.539165010000019,44.064990369999990,27.121210097999999
259,258,-93.539165010000019,44.064951769999986,26.156807899000000
260,259,-93.539165010000019,44.064913169999997,25.617942809999999
261,260,-93.539126409999980,44.065646569999991,20.169136046999999
262,261,-93.539126409999980,44.065607969999988,19.848640442000001
263,262,-93.539126409999980,44.065569369999992,17.747896670999999
264,263,-93.539126409999980,44.065530769999995,18.833160400000001
265,264,-93.539126409999980,44.065492169999999,16.420281171999999
266,265,-93.539126409999980,44.065453569999981,22.566705704000000
267,266,-93.539126409999980,44.065414969999992,25.430543423000000
268,267,-93.539126409999980,44.065376369999996,25.703280926000001
269,268,-93.539126409999980,44.065337769999999,25.223868370000002
270,269,-93.539126409999980,44.065299169999989,25.283781051999998
271,270,-93.539126409999980,44.065260569999992,25.257848263000000
272,271,-93.539126409999980,44.065221970000003,24.947926998000000
273,272,-93.539126409999980,44.065183370000000,25.005053520000001
274,273,-93.539126409999980,44.065144769999989,25.404654980000000
275,274,-93.539126409999980,44.065106169999993,25.226053237999999
276,275,-93.539126409999980,44.065067569999997,24.713811398000001
277,276,-93.539126409999980,44.065028970000000,25.342224598000001
278,277,-93.539126409999980,44.064990369999990,25.925330638999998
279,278,-93.539126409999980,44.064951769999986,25.596960545000002
280,279,-93.539126409999980,44.064913169999997,25.430138587999998
281,280,-93.539087809999970,44.065646569999991,19.937087059000000
282,281,-93.539087809999970,44.065607969999988,18.674478054000001
283,282,-93.539087809999970,44.065569369999992,16.715294837999998
284,283,-93.539087809999970,44.065530769999995,18.997592925999999
285,284,-93.539087809999970,44.065492169999999,16.209157944000001
286,285,-93.539087809999970,44.065453569999981,21.645436763999999
287,286,-93.539087809999970,44.065414969999992,24.117721558000000
288,287,-93.539087809999970,44.065376369999996,23.489743709999999
289,288,-93.539087809999970,44.065337769999999,23.063311577000000
290,289,-93.539087809999970,44.065299169999989,23.799175738999999
291,290,-93.539087809999970,44.065260569999992,24.112160205999999
292,291,-93.539087809999970,44.065221970000003,23.767951488000001
293,292,-93.539087809999970,44.065183370000000,23.763558388000000
294,293,-93.539087809999970,44.065144769999989,24.017051219999999
295,294,-93.539087809999970,44.065106169999993,23.817091942000001
296,295,-93.539087809999970,44.065067569999997,23.272174835000001
297,296,-93.539087809999970,44.065028970000000,23.441864491000000
298,297,-93.539087809999970,44.064990369999990,23.948624611000000
299,298,-93.539087809999970,44.064951769999986,24.170734406000001
300,299,-93.539087809999970,44.064913169999997,24.454281807000001
301,300,-93.539049210000002,44.065646569999991,19.700592995000001
302,301,-93.539049210000002,44.065607969999988,18.026740551000000
303,302,-93.539049210000002,44.065569369999992,15.247647762000000
304,303,-93.539049210000002,44.065530769999995,15.726147890000000
305,304,-93.539049210000002,44.065492169999999,14.326427937000000
306,305,-93.539049210000002,44.065453569999981,18.947917460999999
307,306,-93.539049210000002,44.065414969999992,22.905051231000002
308,307,-93.539049210000002,44.065376369999996,22.804648876000002
309,308,-93.539049210000002,44.065337769999999,22.683675766000000
310,309,-93.539049210000002,44.065299169999989,22.982266902999999
311,310,-93.539049210000002,44.065260569999992,23.750988483000000
312,311,-93.539049210000002,44.065221970000003,24.145569801000001
313,312,-93.539049210000002,44.065183370000000,23.432337760999999
314,313,-93.539049210000002,44.065144769999989,22.492234707000001
315,314,-93.539049210000002,44.065106169999993,22.536834717000001
316,315,-93.539049210000002,44.065067569999997,23.278587817999998
317,316,-93.539049210000002,44.065028970000000,23.273498058000001
318,317,-93.539049210000002,44.064990369999990,22.429133414999999
319,318,-93.539049210000002,44.064951769999986,22.575523853000000
320,319,-93.539049210000002,44.064913169999997,23.257702350999999
321,320,-93.539010609999991,44.065646569999991,19.588844299000002
322,321,-93.539010609999991,44.065607969999988,17.851930618000001
323,322,-93.539010609999991,44.065569369999992,15.321361065000000
324,323,-93.539010609999991,44.065530769999995,17.505673885000000
325,324,-93.539010609999991,44.065492169999999,16.394860743999999
326,325,-93.539010609999991,44.065453569999981,19.505242347999999
327,326,-93.539010609999991,44.065414969999992,21.985337734000002
328,327,-93.539010609999991,44.065376369999996,22.655062675000000
329,328,-93.539010609999991,44.065337769999999,22.725670338000000
330,329,-93.539010609999991,44.065299169999989,23.156853199000000
331,330,-93.539010609999991,44.065260569999992,23.289715290000000
332,331,-93.539010609999991,44.065221970000003,23.408947945000001
333,332,-93.539010609999991,44.065183370000000,23.221549033999999
334,333,-93.539010609999991,44.065144769999989,23.042771339000002
335,334,-93.539010609999991,44.065106169999993,23.390207767000000
336,335,-93.539010609999991,44.065067569999997,24.064830303000001
337,336,-93.539010609999991,44.065028970000000,23.435436248999999
338,337,-93.539010609999991,44.064990369999990,21.966583252000000
339,338,-93.539010609999991,44.064951769999986,21.967050552000000
340,339,-93.539010609999991,44.064913169999997,23.098231792000000
341,340,-93.538972010000009,44.065646569999991,19.440336227000000
342,341,-93.538972010000009,44.065607969999988,18.317026615000000
343,342,-93.538972010000009,44.065569369999992,13.674227715000001
344,343,-93.538972010000009,44.065530769999995,16.915205479000001
345,344,-93.538972010000009,44.065492169999999,15.874391317000001
346,345,-93.538972010000009,44.065453569999981,19.709787369000001
347,346,-93.538972010000009,44.065414969999992,22.529952048999998
348,347,-93.538972010000009,44.065376369999996,23.214701175999998
349,348,-93.538972010000009,44.065337769999999,23.092514992000002
350,349,-93.538972010000009,44.065299169999989,23.057703494999998
351,350,-93.538972010000009,44.065260569999992,22.851733684999999
352,351,-93.538972010000009,44.065221970000003,22.928977489000001
353,352,-93.538972010000009,44.065183370000000,23.022934914000000
354,353,-93.538972010000009,44.065144769999989,22.835169791999999
355,354,-93.538972010000009,44.065106169999993,22.674305916000002
356,355,-93.538972010000009,44.065067569999997,23.081521034000001
357,356,-93.538972010000009,44.065028970000000,22.763940334000001
358,357,-93.538972010000009,44.064990369999990,21.779237747000000
359,358,-93.538972010000009,44.064951769999986,21.755498886000002
360,359,-93.538972010000009,44.064913169999997,22.513643264999999
361,360,-93.538933409999999,44.065646569999991,18.182914257000000
362,361,-93.538933409999999,44.065607969999988,18.286298752000000
363,362,-93.538933409999999,44.065569369999992,15.951917887000000
364,363,-93.538933409999999,44.065530769999995,17.766960620999999
365,364,-93.538933409999999,44.065492169999999,14.673617840000000
366,365,-93.538933409999999,44.065453569999981,19.810656071000000
367,366,-93.538933409999999,44.065414969999992,23.214621544000000
368,367,-93.538933409999999,44.065376369999996,23.818146229000000
369,368,-93.538933409999999,44.065337769999999,23.415255547000001
370,369,-93.538933409999999,44.065299169999989,22.946125507000001
371,370,-93.538933409999999,44.065260569999992,22.444657326000002
372,371,-93.538933409999999,44.065221970000003,22.687574862999998
373,372,-93.538933409999999,44.065183370000000,22.926805496000000
374,373,-93.538933409999999,44.065144769999989,22.416668415000000
375,374,-93.538933409999999,44.065106169999993,21.236262797999998
376,375,-93.538933409999999,44.065067569999997,21.406247616000002
377,376,-93.538933409999999,44.065028970000000,22.036370277000000
378,377,-93.538933409999999,44.064990369999990,21.907958031000000
379,378,-93.538933409999999,44.064951769999986,22.102729321000002
380,379,-93.538933409999999,44.064913169999997,22.052636623000001
381,380,-93.538894809999988,44.065646569999991,16.733967304000000
382,381,-93.538894809999988,44.065607969999988,17.644692420999998
383,382,-93.538894809999988,44.065569369999992,15.788032055000000
384,383,-93.538894809999988,44.065530769999995,18.100028991999999
385,384,-93.538894809999988,44.065492169999999,16.614865302999998
386,385,-93.538894809999988,44.065453569999981,19.217449665000000
387,386,-93.538894809999988,44.065414969999992,21.692708492000001
388,387,-93.538894809999988,44.065376369999996,22.804129601000000
389,388,-93.538894809999988,44.065337769999999,22.951046944000002
390,389,-93.538894809999988,44.065299169999989,22.252016544000000
391,390,-93.538894809999988,44.065260569999992,21.730727673000001
392,391,-93.538894809999988,44.065221970000003,21.910225868000001
393,392,-93.538894809999988,44.065183370000000,22.164308548000001
394,393,-93.538894809999988,44.065144769999989,21.748237133000000
395,394,-93.538894809999988,44.065106169999993,20.846554278999999
396,395,-93.538894809999988,44.065067569999997,21.421080588999999
397,396,-93.538894809999988,44.065028970000000,22.060207844000001
398,397,-93.538894809999988,44.064990369999990,22.351337433000001
399,398,-93.538894809999988,44.064951769999986,22.652106284999999
400,399,-93.538894809999988,44.064913169999997,23.150201321000001
401,400,-93.538856210000006,44.065646569999991,16.894359112000000
402,401,-93.538856210000006,44.065607969999988,17.387855530000000
403,402,-93.538856210000006,44.065569369999992,15.194002867000000
404,403,-93.538856210000006,44.065530769999995,18.665490627000001
405,404,-93.538856210000006,44.065492169999999,18.067591666999999
406,405,-93.538856210000006,44.065453569999981,20.456123351999999
407,406,-93.538856210000006,44.065414969999992,22.191502571000001
408,407,-93.538856210000006,44.065376369999996,22.625849247000001
409,408,-93.538856210000006,44.065337769999999,22.860636234000001
410,409,-93.538856210000006,44.065299169999989,22.819521903999998
411,410,-93.538856210000006,44.065260569999992,22.850387572999999
412,411,-93.538856210000006,44.065221970000003,23.512884140000001
413,412,-93.538856210000006,44.065183370000000,23.791063308999998
414,413,-93.538856210000006,44.065144769999989,23.960924149000000
415,414,-93.538856210000006,44.065106169999993,23.659829139999999
416,415,-93.538856210000006,44.065067569999997,23.147250175000000
417,416,-93.538856210000006,44.065028970000000,22.843001842000000
418,417,-93.538856210000006,44.064990369999990,23.397852898000000
419,418,-93.538856210000006,44.064951769999986,24.218780040999999
420,419,-93.538856210000006,44.064913169999997,24.598781586000001
421,420,-93.538817609999995,44.065646569999991,16.874348164000001
422,421,-93.538817609999995,44.065607969999988,16.335355997000001
423,422,-93.538817609999995,44.065569369999992,12.639521122000000
424,423,-93.538817609999995,44.065530769999995,17.244050503000000
425,424,-93.538817609999995,44.065492169999999,18.530507565000001
426,425,-93.538817609999995,44.065453569999981,21.477676868000000
427,426,-93.538817609999995,44.065414969999992,22.920404434000002
428,427,-93.538817609999995,44.065376369999996,22.832452774000000
429,428,-93.538817609999995,44.065337769999999,22.953319550000000
430,429,-93.538817609999995,44.065299169999989,23.444700718000000
431,430,-93.538817609999995,44.065260569999992,23.830750942000002
432,431,-93.538817609999995,44.065221970000003,24.963951588000000
433,432,-93.538817609999995,44.065183370000000,25.132391930000001
434,433,-93.538817609999995,44.065144769999989,25.698709964999999
435,434,-93.538817609999995,44.065106169999993,25.765887737000000
436,435,-93.538817609999995,44.065067569999997,24.808841704999999
437,436,-93.538817609999995,44.065028970000000,23.841551303999999
438,437,-93.538817609999995,44.064990369999990,24.318773270000001
439,438,-93.538817609999995,44.064951769999986,25.153732300000001
440,439,-93.538817609999995,44.064913169999997,25.240054607000001
441,440,-93.538779009999999,44.065646569999991,16.228272199999999
442,441,-93.538779009999999,44.065607969999988,15.431778193000000
443,442,-93.538779009999999,44.065569369999992,12.813977003000000
444,443,-93.538779009999999,44.065530769999995,16.526674508999999
445,444,-93.538779009999999,44.065492169999999,18.791137217999999
446,445,-93.538779009999999,44.065453569999981,20.894452571999999
447,446,-93.538779009999999,44.065414969999992,22.253335476000000
448,447,-93.538779009999999,44.065376369999996,22.722019671999998
449,448,-93.538779009999999,44.065337769999999,22.350167751000001
450,449,-93.538779009999999,44.065299169999989,22.641610146000001
451,450,-93.538779009999999,44.065260569999992,23.251258849999999
452,451,-93.538779009999999,44.065221970000003,23.868305682999999
453,452,-93.538779009999999,44.065183370000000,24.343240737999999
454,453,-93.538779009999999,44.065144769999989,24.604421616000000
455,454,-93.538779009999999,44.065106169999993,24.900140284999999
456,455,-93.538779009999999,44.065067569999997,24.950235367000001
457,456,-93.538779009999999,44.065028970000000,24.715913296000000
458,457,-93.538779009999999,44.064990369999990,24.250399590000001
459,458,-93.538779009999999,44.064951769999986,23.799786091000001
460,459,-93.538779009999999,44.064913169999997,23.542899608999999
461,460,-93.538740410000003,44.065646569999991,15.335980177000000
462,461,-93.538740410000003,44.065607969999988,14.843866824999999
463,462,-93.538740410000003,44.065569369999992,13.794271231000000
464,463,-93.538740410000003,44.065530769999995,16.865318774999999
465,464,-93.538740410000003,44.065492169999999,16.809861182999999
466,465,-93.538740410000003,44.065453569999981,20.071496010000001
467,466,-93.538740410000003,44.065414969999992,22.245251656000001
468,467,-93.538740410000003,44.065376369999996,22.919025421000001
469,468,-93.538740410000003,44.065337769999999,23.000074387000002
470,469,-93.538740410000003,44.065299169999989,23.292694568999998
471,470,-93.538740410000003,44.065260569999992,23.751019955000000
472,471,-93.538740410000003,44.065221970000003,24.306376456999999
473,472,-93.538740410000003,44.065183370000000,24.711146355000000
474,473,-93.538740410000003,44.065144769999989,24.778647899999999
475,474,-93.538740410000003,44.065106169999993,24.669795513000000
476,475,-93.538740410000003,44.065067569999997,24.348298072999999
477,476,-93.538740410000003,44.065028970000000,24.005599975999999
478,477,-93.538740410000003,44.064990369999990,24.319912433999999
479,478,-93.538740410000003,44.064951769999986,24.670682907000000
480,479,-93.538740410000003,44.064913169999997,23.640324115999999
481,480,-93.538701809999992,44.065646569999991,14.807417870000000
482,481,-93.538701809999992,44.065607969999988,14.643784046000000
483,482,-93.538701809999992,44.065569369999992,13.711971283000000
484,483,-93.538701809999992,44.065530769999995,16.322204589999998
485,484,-93.538701809999992,44.065492169999999,15.190180302000000
486,485,-93.538701809999992,44.065453569999981,19.616194725000000
487,486,-93.538701809999992,44.065414969999992,22.329623221999999
488,487,-93.538701809999992,44.065376369999996,23.054266930000001
489,488,-93.538701809999992,44.065337769999999,23.400420188999998
490,489,-93.538701809999992,44.065299169999989,23.812837600999998
491,490,-93.538701809999992,44.065260569999992,24.191213608000002
492,491,-93.538701809999992,44.065221970000003,24.824595451000000
493,492,-93.538701809999992,44.065183370000000,25.217710494999999
494,493,-93.538701809999992,44.065144769999989,25.124516487000001
495,494,-93.538701809999992,44.065106169999993,24.703797340000001
496,495,-93.538701809999992,44.065067569999997,24.036202431000000
497,496,-93.538701809999992,44.065028970000000,23.474054336999998
498,497,-93.538701809999992,44.064990369999990,24.439450264000001
499,498,-93.538701809999992,44.064951769999986,25.586863518000001
500,499,-93.538701809999992,44.064913169999997,24.087985038999999
501,500,-93.538663210000024,44.065646569999991,14.848174333999999
502,501,-93.538663210000024,44.065607969999988,14.523772717000000
503,502,-93.538663210000024,44.065569369999992,10.942634821000000
504,503,-93.538663210000024,44.065530769999995,14.755419970000000
505,504,-93.538663210000024,44.065492169999999,14.670907974000000
506,505,-93.538663210000024,44.065453569999981,18.512736319999998
507,506,-93.538663210000024,44.065414969999992,21.202880383000000
508,507,-93.538663210000024,44.065376369999996,22.019277573000000
509,508,-93.538663210000024,44.065337769999999,22.603061198999999
510,509,-93.538663210000024,44.065299169999989,23.007161617000001
511,510,-93.538663210000024,44.065260569999992,23.424939632000001
512,511,-93.538663210000024,44.065221970000003,24.435254573999998
513,512,-93.538663210000024,44.065183370000000,24.800788878999999
514,513,-93.538663210000024,44.065144769999989,24.321974753999999
515,514,-93.538663210000024,44.065106169999993,24.010494709000000
516,515,-93.538663210000024,44.065067569999997,24.299489020999999
517,516,-93.538663210000024,44.065028970000000,23.994694233000001
518,517,-93.538663210000024,44.064990369999990,24.436695576000002
519,518,-93.538663210000024,44.064951769999986,24.720975876000001
520,519,-93.538663210000024,44.064913169999997,24.309623241000001
521,520,-93.538624609999985,44.065646569999991,15.519189119000000
522,521,-93.538624609999985,44.065607969999988,14.994029999000000
523,522,-93.538624609999985,44.065569369999992,12.344593763000001
524,523,-93.538624609999985,44.065530769999995,15.926030159000000
525,524,-93.538624609999985,44.065492169999999,15.535205841000000
526,525,-93.538624609999985,44.065453569999981,19.638266087000002
527,526,-93.538624609999985,44.065414969999992,22.382247448000001
528,527,-93.538624609999985,44.065376369999996,22.763492107000001
529,528,-93.538624609999985,44.065337769999999,23.104948521000001
530,529,-93.538624609999985,44.065299169999989,23.314987183000000
531,530,-93.538624609999985,44.065260569999992,23.729114056000000
532,531,-93.538624609999985,44.065221970000003,24.720242977000002
533,532,-93.538624609999985,44.065183370000000,25.176514625999999
534,533,-93.538624609999985,44.065144769999989,25.170732498000000
535,534,-93.538624609999985,44.065106169999993,25.132174015000000
536,535,-93.538624609999985,44.065067569999997,25.047838687999999
537,536,-93.538624609999985,44.065028970000000,24.548758029999998
538,537,-93.538624609999985,44.064990369999990,24.361370564000001
539,538,-93.538624609999985,44.064951769999986,23.808070659999998
540,539,-93.538624609999985,44.064913169999997,23.697933674000002
541,540,-93.538586009999975,44.065646569999991,16.428228855000000
542,541,-93.538586009999975,44.065607969999988,16.215666056000000
543,542,-93.538586009999975,44.065569369999992,14.466901064000000
544,543,-93.538586009999975,44.065530769999995,17.093326092000002
545,544,-93.538586009999975,44.065492169999999,16.354458809000000
546,545,-93.538586009999975,44.065453569999981,21.500987530000000
547,546,-93.538586009999975,44.065414969999992,24.324751853999999
548,547,-93.538586009999975,44.065376369999996,24.158733845000000
549,548,-93.538586009999975,44.065337769999999,24.230787277000001
550,549,-93.538586009999975,44.065299169999989,24.226400852000001
551,550,-93.538586009999975,44.065260569999992,24.672862052999999
552,551,-93.538586009999975,44.065221970000003,25.123119354000000
553,552,-93.538586009999975,44.065183370000000,25.520595551000000
554,553,-93.538586009999975,44.065144769999989,26.477631569000000
555,554,-93.538586009999975,44.065106169999993,26.673230648000001
556,555,-93.538586009999975,44.065067569999997,25.506907463000001
557,556,-93.538586009999975,44.065028970000000,24.856950760000000
558,557,-93.538586009999975,44.064990369999990,24.325947285000002
559,558,-93.538586009999975,44.064951769999986,23.163513660000000
560,559,-93.538586009999975,44.064913169999997,22.802707195000000
561,560,-93.538547410000007,44.065646569999991,16.804507732000001
562,561,-93.538547410000007,44.065607969999988,17.056396484000000
563,562,-93.538547410000007,44.065569369999992,12.674937486999999
564,563,-93.538547410000007,44.065530769999995,16.090981483000000
565,564,-93.538547410000007,44.065492169999999,16.572592735000001
566,565,-93.538547410000007,44.065453569999981,20.248836994000001
567,566,-93.538547410000007,44.065414969999992,22.655036449000001
568,567,-93.538547410000007,44.065376369999996,23.015614509999999
569,568,-93.538547410000007,44.065337769999999,22.972206115999999
570,569,-93.538547410000007,44.065299169999989,22.964382172000001
571,570,-93.538547410000007,44.065260569999992,23.532166958000001
572,571,-93.538547410000007,44.065221970000003,23.448157309999999
573,572,-93.538547410000007,44.065183370000000,23.475381851000002
574,573,-93.538547410000007,44.065144769999989,24.144687652999998
575,574,-93.538547410000007,44.065106169999993,25.079796791000000
576,575,-93.538547410000007,44.065067569999997,24.456401825000000
577,576,-93.538547410000007,44.065028970000000,24.810025215000000
578,577,-93.538547410000007,44.064990369999990,24.171745300000001
579,578,-93.538547410000007,44.064951769999986,23.625238894999999
580,579,-93.538547410000007,44.064913169999997,24.157484055000001
581,580,-93.538508809999996,44.065646569999991,16.723843098000000
582,581,-93.538508809999996,44.065607969999988,17.244881629999998
583,582,-93.538508809999996,44.065569369999992,14.822650433000000
584,583,-93.538508809999996,44.065530769999995,17.885903835000001
585,584,-93.538508809999996,44.065492169999999,16.954196453000002
586,585,-93.538508809999996,44.065453569999981,20.177327633000001
587,586,-93.538508809999996,44.065414969999992,22.239273071000000
588,587,-93.538508809999996,44.065376369999996,23.019536495000001
589,588,-93.538508809999996,44.065337769999999,23.721083641000000
590,589,-93.538508809999996,44.065299169999989,23.806704521000000
591,590,-93.538508809999996,44.065260569999992,23.880651474000000
592,591,-93.538508809999996,44.065221970000003,24.055684090000000
593,592,-93.538508809999996,44.065183370000000,24.197505951000000
594,593,-93.538508809999996,44.065144769999989,24.385808468000000
595,594,-93.538508809999996,44.065106169999993,24.659461497999999
596,595,-93.538508809999996,44.065067569999997,24.578507423000001
597,596,-93.538508809999996,44.065028970000000,24.899703979000002
598,597,-93.538508809999996,44.064990369999990,24.409438132999998
599,598,-93.538508809999996,44.064951769999986,24.244845866999999
600,599,-93.538508809999996,44.064913169999997,24.869450569000001
601,600,-93.538470209999986,44.065646569999991,16.677400112000001
602,601,-93.538470209999986,44.065607969999988,17.162715434999999
603,602,-93.538470209999986,44.065569369999992,15.420143126999999
604,603,-93.538470209999986,44.065530769999995,18.267398357000001
605,604,-93.538470209999986,44.065492169999999,16.260694027000000
606,605,-93.538470209999986,44.065453569999981,20.831188679000000
607,606,-93.538470209999986,44.065414969999992,22.905157566000000
608,607,-93.538470209999986,44.065376369999996,23.575577736000000
609,608,-93.538470209999986,44.065337769999999,24.740475178000001
610,609,-93.538470209999986,44.065299169999989,24.974241734000000
611,610,-93.538470209999986,44.065260569999992,24.797516345999998
612,611,-93.538470209999986,44.065221970000003,25.168958664000002
613,612,-93.538470209999986,44.065183370000000,25.411362648000001
614,613,-93.538470209999986,44.065144769999989,25.287598610000000
615,614,-93.538470209999986,44.065106169999993,24.857351779999998
616,615,-93.538470209999986,44.065067569999997,24.764862060999999
617,616,-93.538470209999986,44.065028970000000,24.963880062000001
618,617,-93.538470209999986,44.064990369999990,24.630734920999998
619,618,-93.538470209999986,44.064951769999986,24.634869576000000
620,619,-93.538470209999986,44.064913169999997,24.771135330000000
621,620,-93.538431610000004,44.065646569999991,16.931414604000000
622,621,-93.538431610000004,44.065607969999988,17.473686218000001
623,622,-93.538431610000004,44.065569369999992,15.925737858000000
624,623,-93.538431610000004,44.065530769999995,17.564858437000002
625,624,-93.538431610000004,44.065492169999999,16.084940434000000
626,625,-93.538431610000004,44.065453569999981,20.346661091000001
627,626,-93.538431610000004,44.065414969999992,23.824681282000000
628,627,-93.538431610000004,44.065376369999996,23.454004288000000
629,628,-93.538431610000004,44.065337769999999,23.872183799999998
630,629,-93.538431610000004,44.065299169999989,24.742992877999999
631,630,-93.538431610000004,44.065260569999992,24.989748000999999
632,631,-93.538431610000004,44.065221970000003,24.679996014000000
633,632,-93.538431610000004,44.065183370000000,24.274384499000000
634,633,-93.538431610000004,44.065144769999989,24.297695160000000
635,634,-93.538431610000004,44.065106169999993,23.758574486000001
636,635,-93.538431610000004,44.065067569999997,23.354188442000002
637,636,-93.538431610000004,44.065028970000000,23.828510284000000
638,637,-93.538431610000004,44.064990369999990,24.566495894999999
639,638,-93.538431610000004,44.064951769999986,24.396267891000001
640,639,-93.538431610000004,44.064913169999997,23.250966072000001
641,640,-93.538393009999993,44.065646569999991,17.791846752000001
642,641,-93.538393009999993,44.065607969999988,18.224035740000001
643,642,-93.538393009999993,44.065569369999992,16.605493546000002
644,643,-93.538393009999993,44.065530769999995,18.358565807000002
645,644,-93.538393009999993,44.065492169999999,16.272784948000002
646,645,-93.538393009999993,44.065453569999981,21.070197581999999
647,646,-93.538393009999993,44.065414969999992,24.984069346999998
648,647,-93.538393009999993,44.065376369999996,24.797856330999998
649,648,-93.538393009999993,44.065337769999999,24.415058135999999
650,649,-93.538393009999993,44.065299169999989,24.245486259000000
651,650,-93.538393009999993,44.065260569999992,24.149357319000000
652,651,-93.538393009999993,44.065221970000003,23.787260056000001
653,652,-93.538393009999993,44.065183370000000,23.490281105000001
654,653,-93.538393009999993,44.065144769999989,23.548196315999999
655,654,-93.538393009999993,44.065106169999993,24.179886341000000
656,655,-93.538393009999993,44.065067569999997,24.748831749000001
657,656,-93.538393009999993,44.065028970000000,24.338180065000000
658,657,-93.538393009999993,44.064990369999990,24.370946883999999
659,658,-93.538393009999993,44.064951769999986,24.521207333000000
660,659,-93.538393009999993,44.064913169999997,23.936226845000000
661,660,-93.538354409999982,44.065646569999991,18.052841662999999
662,661,-93.538354409999982,44.065607969999988,18.329952240000001
663,662,-93.538354409999982,44.065569369999992,15.780107259999999
664,663,-93.538354409999982,44.065530769999995,17.584258080000001
665,664,-93.538354409999982,44.065492169999999,15.940264463000000
666,665,-93.538354409999982,44.065453569999981,21.193124294000000
667,666,-93.538354409999982,44.065414969999992,24.844027042000000
668,667,-93.538354409999982,44.065376369999996,24.768345833000001
669,668,-93.538354409999982,44.065337769999999,24.262680054000000
670,669,-93.538354409999982,44.065299169999989,23.547093868000001
671,670,-93.538354409999982,44.065260569999992,23.370364189000000
672,671,-93.538354409999982,44.065221970000003,23.156605244000001
673,672,-93.538354409999982,44.065183370000000,23.016813278000001
674,673,-93.538354409999982,44.065144769999989,23.179717063999998
675,674,-93.538354409999982,44.065106169999993,24.203763007999999
676,675,-93.538354409999982,44.065067569999997,24.973426819000000
677,676,-93.538354409999982,44.065028970000000,24.106158257000001
678,677,-93.538354409999982,44.064990369999990,23.493389606000001
679,678,-93.538354409999982,44.064951769999986,23.756746768999999
680,679,-93.538354409999982,44.064913169999997,23.933045387000000
681,680,-93.538315810000000,44.065646569999991,18.070672035000001
682,681,-93.538315810000000,44.065607969999988,18.154585837999999
683,682,-93.538315810000000,44.065569369999992,15.324805260000000
684,683,-93.538315810000000,44.065530769999995,15.717229366000000
685,684,-93.538315810000000,44.065492169999999,16.363977431999999
686,685,-93.538315810000000,44.065453569999981,20.747619628999999
687,686,-93.538315810000000,44.065414969999992,22.394793033999999
688,687,-93.538315810000000,44.065376369999996,22.770149708000002
689,688,-93.538315810000000,44.065337769999999,22.770838261000002
690,689,-93.538315810000000,44.065299169999989,22.667286396000002
691,690,-93.538315810000000,44.065260569999992,23.214096546000000
692,691,-93.538315810000000,44.065221970000003,23.086689472000000
693,692,-93.538315810000000,44.065183370000000,22.845365524000002
694,693,-93.538315810000000,44.065144769999989,22.993577479999999
695,694,-93.538315810000000,44.065106169999993,23.153946876999999
696,695,-93.538315810000000,44.065067569999997,22.876502037000002
697,696,-93.538315810000000,44.065028970000000,22.313916205999998
698,697,-93.538315810000000,44.064990369999990,21.558045387000000
699,698,-93.538315810000000,44.064951769999986,21.430713654000002
700,699,-93.538315810000000,44.064913169999997,22.196186543000000
701,700,-93.538277210000004,44.065646569999991,18.465787411000001
702,701,-93.538277210000004,44.065607969999988,18.762603760000001
703,702,-93.538277210000004,44.065569369999992,16.496146441000000
704,703,-93.538277210000004,44.065530769999995,15.752396822000000
705,704,-93.538277210000004,44.065492169999999,15.026085854000000
706,705,-93.538277210000004,44.065453569999981,19.477081299000002
707,706,-93.538277210000004,44.065414969999992,21.425806998999999
708,707,-93.538277210000004,44.065376369999996,22.158120631999999
709,708,-93.538277210000004,44.065337769999999,22.106092929999999
710,709,-93.538277210000004,44.065299169999989,22.586978911999999
711,710,-93.538277210000004,44.065260569999992,23.290146351000001
712,711,-93.538277210000004,44.065221970000003,23.279509067999999
713,712,-93.538277210000004,44.065183370000000,22.479179382000002
714,713,-93.538277210000004,44.065144769999989,22.546180247999999
715,714,-93.538277210000004,44.065106169999993,22.917318820999999
716,715,-93.538277210000004,44.065067569999997,23.362143517000000
717,716,-93.538277210000004,44.065028970000000,22.561757088000000
718,717,-93.538277210000004,44.064990369999990,22.098537921999998
719,718,-93.538277210000004,44.064951769999986,22.727066040000000
720,719,-93.538277210000004,44.064913169999997,22.984098434000000
721,720,-93.538238610000008,44.065646569999991,18.721365452000001
722,721,-93.538238610000008,44.065607969999988,19.276758671000000
723,722,-93.538238610000008,44.065569369999992,17.848026275999999
724,723,-93.538238610000008,44.065530769999995,17.548029422999999
725,724,-93.538238610000008,44.065492169999999,15.507685900000000
726,725,-93.538238610000008,44.065453569999981,20.004277706000000
727,726,-93.538238610000008,44.065414969999992,22.229035377999999
728,727,-93.538238610000008,44.065376369999996,22.679000854000002
729,728,-93.538238610000008,44.065337769999999,22.595893860000000
730,729,-93.538238610000008,44.065299169999989,23.117895126000001
731,730,-93.538238610000008,44.065260569999992,23.732646941999999
732,731,-93.538238610000008,44.065221970000003,23.912988186000000
733,732,-93.538238610000008,44.065183370000000,23.335613251000002
734,733,-93.538238610000008,44.065144769999989,22.973917007000001
735,734,-93.538238610000008,44.065106169999993,22.929265976000000
736,735,-93.538238610000008,44.065067569999997,23.293051720000001
737,736,-93.538238610000008,44.065028970000000,23.085288047999999
738,737,-93.538238610000008,44.064990369999990,23.206566334000001
739,738,-93.538238610000008,44.064951769999986,23.795407295000000
740,739,-93.538238610000008,44.064913169999997,23.883677005999999
741,740,-93.538200009999997,44.065646569999991,18.863096237000001
742,741,-93.538200009999997,44.065607969999988,18.893486976999998
743,742,-93.538200009999997,44.065569369999992,15.785063744000000
744,743,-93.538200009999997,44.065530769999995,16.931631565000000
745,744,-93.538200009999997,44.065492169999999,16.654897689999999
746,745,-93.538200009999997,44.065453569999981,21.766358375999999
747,746,-93.538200009999997,44.065414969999992,23.649110793999998
748,747,-93.538200009999997,44.065376369999996,23.563611031000001
749,748,-93.538200009999997,44.065337769999999,23.347702026000000
750,749,-93.538200009999997,44.065299169999989,23.852977753000001
751,750,-93.538200009999997,44.065260569999992,24.259625435000000
752,751,-93.538200009999997,44.065221970000003,24.697299004000001
753,752,-93.538200009999997,44.065183370000000,24.540807724000000
754,753,-93.538200009999997,44.065144769999989,23.738093375999998
755,754,-93.538200009999997,44.065106169999993,23.094650268999999
756,755,-93.538200009999997,44.065067569999997,22.890687943000000
757,756,-93.538200009999997,44.065028970000000,23.454898834000002
758,757,-93.538200009999997,44.064990369999990,24.091444016000001
759,758,-93.538200009999997,44.064951769999986,24.317455291999998
760,759,-93.538200009999997,44.064913169999997,24.451256751999999
761,760,-93.538161409999987,44.065646569999991,18.723120213000001
762,761,-93.538161409999987,44.065607969999988,19.103319167999999
763,762,-93.538161409999987,44.065569369999992,19.927516937000000
764,763,-93.538161409999987,44.065530769999995,19.259090900000000
765,764,-93.538161409999987,44.065492169999999,17.418561458999999
766,765,-93.538161409999987,44.065453569999981,21.253600596999998
767,766,-93.538161409999987,44.065414969999992,23.312144755999999
768,767,-93.538161409999987,44.065376369999996,23.398443699000001
769,768,-93.538161409999987,44.065337769999999,22.674103259999999
770,769,-93.538161409999987,44.065299169999989,22.944705009000000
771,770,-93.538161409999987,44.065260569999992,23.313207150000000
772,771,-93.538161409999987,44.065221970000003,23.035599709000000
773,772,-93.538161409999987,44.065183370000000,22.875785828000001
774,773,-93.538161409999987,44.065144769999989,23.223196030000000
775,774,-93.538161409999987,44.065106169999993,23.715948104999999
776,775,-93.538161409999987,44.065067569999997,23.559345244999999
777,776,-93.538161409999987,44.065028970000000,23.350747108000000
778,777,-93.538161409999987,44.064990369999990,23.352926254000000
779,778,-93.538161409999987,44.064951769999986,23.147587299000001
780,779,-93.538161409999987,44.064913169999997,23.411655903000000
781,780,-93.538122809999990,44.065646569999991,18.300036429999999
782,781,-93.538122809999990,44.065607969999988,19.472335339000001
783,782,-93.538122809999990,44.065569369999992,20.124317646000002
784,783,-93.538122809999990,44.065530769999995,17.884074687999998
785,784,-93.538122809999990,44.065492169999999,16.449263334000001
786,785,-93.538122809999990,44.065453569999981,21.128296375000001
787,786,-93.538122809999990,44.065414969999992,23.014684677000002
788,787,-93.538122809999990,44.065376369999996,23.342847346999999
789,788,-93.538122809999990,44.065337769999999,21.870571612999999
790,789,-93.538122809999990,44.065299169999989,21.878424167999999
791,790,-93.538122809999990,44.065260569999992,22.092648983000000
792,791,-93.538122809999990,44.065221970000003,20.675203799999998
793,792,-93.538122809999990,44.065183370000000,20.487339020000000
794,793,-93.538122809999990,44.065144769999989,22.592431545000000
795,794,-93.538122809999990,44.065106169999993,24.351032257000000
796,795,-93.538122809999990,44.065067569999997,24.328870772999998
797,796,-93.538122809999990,44.065028970000000,23.700593948000002
798,797,-93.538122809999990,44.064990369999990,23.292871951999999
799,798,-93.538122809999990,44.064951769999986,22.235643864000000
800,799,-93.538122809999990,44.064913169999997,22.613676548000001
801,800,-93.538084209999980,44.065646569999991,17.790816307000000
802,801,-93.538084209999980,44.065607969999988,19.178211212000001
803,802,-93.538084209999980,44.065569369999992,15.279958010000000
804,803,-93.538084209999980,44.065530769999995,16.804271221000000
805,804,-93.538084209999980,44.065492169999999,17.395464897000000
806,805,-93.538084209999980,44.065453569999981,21.672927380000001
807,806,-93.538084209999980,44.065414969999992,22.959959030000000
808,807,-93.538084209999980,44.065376369999996,22.829739094000001
809,808,-93.538084209999980,44.065337769999999,23.014241218999999
810,809,-93.538084209999980,44.065299169999989,22.204606055999999
811,810,-93.538084209999980,44.065260569999992,21.050492287000001
812,811,-93.538084209999980,44.065221970000003,21.239430427999999
813,812,-93.538084209999980,44.065183370000000,22.175852775999999
814,813,-93.538084209999980,44.065144769999989,23.063014506999998
815,814,-93.538084209999980,44.065106169999993,23.379167079999998
816,815,-93.538084209999980,44.065067569999997,23.451300621000001
817,816,-93.538084209999980,44.065028970000000,24.803580760999999
818,817,-93.538084209999980,44.064990369999990,25.294288158000001
819,818,-93.538084209999980,44.064951769999986,24.111481189999999
820,819,-93.538084209999980,44.064913169999997,23.905695437999999
821,820,-93.538045609999983,44.065646569999991,17.488053798999999
822,821,-93.538045609999983,44.065607969999988,19.294382572000000
823,822,-93.538045609999983,44.065569369999992,17.872607708000000
824,823,-93.538045609999983,44.065530769999995,17.413143635000001
825,824,-93.538045609999983,44.065492169999999,16.883025884999999
826,825,-93.538045609999983,44.065453569999981,20.806400776000000
827,826,-93.538045609999983,44.065414969999992,22.290187359000001
828,827,-93.538045609999983,44.065376369999996,22.341357708000000
829,828,-93.538045609999983,44.065337769999999,22.746130943000001
830,829,-93.538045609999983,44.065299169999989,21.984789847999998
831,830,-93.538045609999983,44.065260569999992,21.946580409999999
832,831,-93.538045609999983,44.065221970000003,22.414767264999998
833,832,-93.538045609999983,44.065183370000000,22.865952492000002
834,833,-93.538045609999983,44.065144769999989,23.286407948000001
835,834,-93.538045609999983,44.065106169999993,23.214362620999999
836,835,-93.538045609999983,44.065067569999997,22.677240372000000
837,836,-93.538045609999983,44.065028970000000,23.677292347000002
838,837,-93.538045609999983,44.064990369999990,24.167999743999999
839,838,-93.538045609999983,44.064951769999986,23.326637267999999
840,839,-93.538045609999983,44.064913169999997,23.397597789999999
841,840,-93.538007010000001,44.065646569999991,17.436039447999999
842,841,-93.538007010000001,44.065607969999988,18.963572978999998
843,842,-93.538007010000001,44.065569369999992,18.709628105000000
844,843,-93.538007010000001,44.065530769999995,17.694725513000002
845,844,-93.538007010000001,44.065492169999999,15.775988817000000
846,845,-93.538007010000001,44.065453569999981,20.219784737000001
847,846,-93.538007010000001,44.065414969999992,22.053328514000000
848,847,-93.538007010000001,44.065376369999996,22.242328167000000
849,848,-93.538007010000001,44.065337769999999,22.981665134000000
850,849,-93.538007010000001,44.065299169999989,22.343957901000000
851,850,-93.538007010000001,44.065260569999992,22.908695697999999
852,851,-93.538007010000001,44.065221970000003,23.353315352999999
853,852,-93.538007010000001,44.065183370000000,23.541986465000001
854,853,-93.538007010000001,44.065144769999989,23.779176712000002
855,854,-93.538007010000001,44.065106169999993,23.662366389999999
856,855,-93.538007010000001,44.065067569999997,22.760844707000000
857,856,-93.538007010000001,44.065028970000000,23.389366627000001
858,857,-93.538007010000001,44.064990369999990,23.716164589000002
859,858,-93.538007010000001,44.064951769999986,22.973306179000001
860,859,-93.538007010000001,44.064913169999997,23.295602322000001
861,860,-93.537968409999991,44.065646569999991,17.331102848000000
862,861,-93.537968409999991,44.065607969999988,18.244832992999999
863,862,-93.537968409999991,44.065569369999992,18.584417342999998
864,863,-93.537968409999991,44.065530769999995,17.666967869000000
865,864,-93.537968409999991,44.065492169999999,16.753334044999999
866,865,-93.537968409999991,44.065453569999981,19.763064384000000
867,866,-93.537968409999991,44.065414969999992,22.339709282000001
868,867,-93.537968409999991,44.065376369999996,22.832019329000001
869,868,-93.537968409999991,44.065337769999999,23.704002856999999
870,869,-93.537968409999991,44.065299169999989,23.647844315000000
871,870,-93.537968409999991,44.065260569999992,23.090572834000000
872,871,-93.537968409999991,44.065221970000003,23.613930225000001
873,872,-93.537968409999991,44.065183370000000,24.046264648000001
874,873,-93.537968409999991,44.065144769999989,24.187054156999999
875,874,-93.537968409999991,44.065106169999993,24.032752037000002
876,875,-93.537968409999991,44.065067569999997,24.213103294000000
877,876,-93.537968409999991,44.065028970000000,25.094638824000000
878,877,-93.537968409999991,44.064990369999990,25.240565777000000
879,878,-93.537968409999991,44.064951769999986,24.526682377000000
880,879,-93.537968409999991,44.064913169999997,24.520675658999998
881,880,-93.537929810000009,44.065646569999991,16.774776459000002
882,881,-93.537929810000009,44.065607969999988,17.244177341000000
883,882,-93.537929810000009,44.065569369999992,17.737482070999999
884,883,-93.537929810000009,44.065530769999995,17.653359413000000
885,884,-93.537929810000009,44.065492169999999,15.330397129000000
886,885,-93.537929810000009,44.065453569999981,19.483585357999999
887,886,-93.537929810000009,44.065414969999992,23.086350441000000
888,887,-93.537929810000009,44.065376369999996,23.806251049000000
889,888,-93.537929810000009,44.065337769999999,23.827880383000000
890,889,-93.537929810000009,44.065299169999989,23.901010035999999
891,890,-93.537929810000009,44.065260569999992,23.609447956000000
892,891,-93.537929810000009,44.065221970000003,23.571671963000000
893,892,-93.537929810000009,44.065183370000000,23.432612419000002
894,893,-93.537929810000009,44.065144769999989,23.395958900000000
895,894,-93.537929810000009,44.065106169999993,24.070966721000001
896,895,-93.537929810000009,44.065067569999997,24.457427978999998
897,896,-93.537929810000009,44.065028970000000,24.846281527999999
898,897,-93.537929810000009,44.064990369999990,24.987129210999999
899,898,-93.537929810000009,44.064951769999986,25.295857905999998
900,899,-93.537929810000009,44.064913169999997,25.412550449000001
901,900,-93.537891209999998,44.065646569999991,16.434673309000001
902,901,-93.537891209999998,44.065607969999988,16.046056031999999
903,902,-93.537891209999998,44.065569369999992,16.184129476999999
904,903,-93.537891209999998,44.065530769999995,17.333161831000002
905,904,-93.537891209999998,44.065492169999999,14.935999632000000
906,905,-93.537891209999998,44.065453569999981,19.287509441000001
907,906,-93.537891209999998,44.065414969999992,22.905777453999999
908,907,-93.537891209999998,44.065376369999996,23.789273738999999
909,908,-93.537891209999998,44.065337769999999,23.455141544000000
910,909,-93.537891209999998,44.065299169999989,23.816871165999999
911,910,-93.537891209999998,44.065260569999992,24.301017284000000
912,911,-93.537891209999998,44.065221970000003,24.018339157000000
913,912,-93.537891209999998,44.065183370000000,23.407777786000000
914,913,-93.537891209999998,44.065144769999989,23.302748680000001
915,914,-93.537891209999998,44.065106169999993,24.239661693999999
916,915,-93.537891209999998,44.065067569999997,24.488808155000001
917,916,-93.537891209999998,44.065028970000000,24.576327324000001
918,917,-93.537891209999998,44.064990369999990,24.655539989000001
919,918,-93.537891209999998,44.064951769999986,25.166636467000000
920,919,-93.537891209999998,44.064913169999997,25.524185181000000
921,920,-93.537852609999987,44.065646569999991,16.196901797999999
922,921,-93.537852609999987,44.065607969999988,14.932907104000000
923,922,-93.537852609999987,44.065569369999992,12.622468114000000
924,923,-93.537852609999987,44.065530769999995,15.890552044000000
925,924,-93.537852609999987,44.065492169999999,16.049946307999999
926,925,-93.537852609999987,44.065453569999981,19.084940434000000
927,926,-93.537852609999987,44.065414969999992,21.364081859999999
928,927,-93.537852609999987,44.065376369999996,22.714105129000000
929,928,-93.537852609999987,44.065337769999999,22.658567905000002
930,929,-93.537852609999987,44.065299169999989,23.440365791000001
931,930,-93.537852609999987,44.065260569999992,24.934919356999998
932,931,-93.537852609999987,44.065221970000003,24.530108929000001
933,932,-93.537852609999987,44.065183370000000,23.915596961999999
934,933,-93.537852609999987,44.065144769999989,23.938442707000000
935,934,-93.537852609999987,44.065106169999993,24.364280700999998
936,935,-93.537852609999987,44.065067569999997,24.252053261000000
937,936,-93.537852609999987,44.065028970000000,24.469935893999999
938,937,-93.537852609999987,44.064990369999990,24.401223182999999
939,938,-93.537852609999987,44.064951769999986,24.190597533999998
940,939,-93.537852609999987,44.064913169999997,24.676681518999999
941,940,-93.537814010000005,44.065646569999991,16.274598359999999
942,941,-93.537814010000005,44.065607969999988,14.528441667999999
943,942,-93.537814010000005,44.065569369999992,14.231365442000000
944,943,-93.537814010000005,44.065530769999995,17.666814327000001
945,944,-93.537814010000005,44.065492169999999,16.137996197000000
946,945,-93.537814010000005,44.065453569999981,18.721633911000001
947,946,-93.537814010000005,44.065414969999992,21.089343547999999
948,947,-93.537814010000005,44.065376369999996,22.231970787000002
949,948,-93.537814010000005,44.065337769999999,23.001808167000000
950,949,-93.537814010000005,44.065299169999989,23.816941738000001
951,950,-93.537814010000005,44.065260569999992,23.636703490999999
952,951,-93.537814010000005,44.065221970000003,23.196837901999999
953,952,-93.537814010000005,44.065183370000000,22.960270882000000
954,953,-93.537814010000005,44.065144769999989,22.888813019000001
955,954,-93.537814010000005,44.065106169999993,22.897990227000001
956,955,-93.537814010000005,44.065067569999997,22.869879723000000
957,956,-93.537814010000005,44.065028970000000,23.171342849999998
958,957,-93.537814010000005,44.064990369999990,23.164821624999998
959,958,-93.537814010000005,44.064951769999986,23.523422717999999
960,959,-93.537814010000005,44.064913169999997,23.532145976999999
961,960,-93.537775409999995,44.065646569999991,16.658605814000001
962,961,-93.537775409999995,44.065607969999988,14.338282824000000
963,962,-93.537775409999995,44.065569369999992,13.729589224000000
964,963,-93.537775409999995,44.065530769999995,16.818245173000001
965,964,-93.537775409999995,44.065492169999999,15.760911465000000
966,965,-93.537775409999995,44.065453569999981,17.978234291000000
967,966,-93.537775409999995,44.065414969999992,20.301779270000001
968,967,-93.537775409999995,44.065376369999996,21.237180710000001
969,968,-93.537775409999995,44.065337769999999,21.824187756000001
970,969,-93.537775409999995,44.065299169999989,22.596660614000001
971,970,-93.537775409999995,44.065260569999992,22.959199904999998
972,971,-93.537775409999995,44.065221970000003,23.093746185000001
973,972,-93.537775409999995,44.065183370000000,23.087469101000000
974,973,-93.537775409999995,44.065144769999989,22.916100978999999
975,974,-93.537775409999995,44.065106169999993,22.541409015999999
976,975,-93.537775409999995,44.065067569999997,22.329865932000001
977,976,-93.537775409999995,44.065028970000000,22.573730946000001
978,977,-93.537775409999995,44.064990369999990,22.840699195999999
979,978,-93.537775409999995,44.064951769999986,23.298675537000001
980,979,-93.537775409999995,44.064913169999997,23.292328834999999
981,980,-93.537736809999998,44.065646569999991,17.391298770999999
982,981,-93.537736809999998,44.065607969999988,14.365283250999999
983,982,-93.537736809999998,44.065569369999992,15.060465336000000
984,983,-93.537736809999998,44.065530769999995,17.311991214999999
985,984,-93.537736809999998,44.065492169999999,15.417222023000001
986,985,-93.537736809999998,44.065453569999981,17.837548256000002
987,986,-93.537736809999998,44.065414969999992,20.098417282000000
988,987,-93.537736809999998,44.065376369999996,20.609467030000001
989,988,-93.537736809999998,44.065337769999999,20.049174785999998
990,989,-93.537736809999998,44.065299169999989,20.655436992999999
991,990,-93.537736809999998,44.065260569999992,22.883818150000000
992,991,-93.537736809999998,44.065221970000003,23.872723102999998
993,992,-93.537736809999998,44.065183370000000,23.869603157000000
994,993,-93.537736809999998,44.065144769999989,23.613366603999999
995,994,-93.537736809999998,44.065106169999993,22.926490783999999
996,995,-93.537736809999998,44.065067569999997,22.510866164999999
997,996,-93.537736809999998,44.065028970000000,22.565931797000001
998,997,-93.537736809999998,44.064990369999990,22.982081413000000
999,998,-93.537736809999998,44.064951769999986,23.482240200000000
1000,999,-93.537736809999998,44.064913169999997,23.677465438999999
1001,1000,-93.537698210000002,44.065646569999991,17.943056583000001
1002,1001,-93.537698210000002,44.065607969999988,14.801194905999999
1003,1002,-93.537698210000002,44.065569369999992,14.424180507999999
1004,1003,-93.537698210000002,44.065530769999995,14.400709151999999
1005,1004,-93.537698210000002,44.065492169999999,13.789376259000001
1006,1005,-93.537698210000002,44.065453569999981,18.890300751000002
1007,1006,-93.537698210000002,44.065414969999992,21.471961497999999
1008,1007,-93.537698210000002,44.065376369999996,21.500396728999998
1009,1008,-93.537698210000002,44.065337769999999,20.916453361999999
1010,1009,-93.537698210000002,44.065299169999989,21.131569861999999
1011,1010,-93.537698210000002,44.065260569999992,21.705218792000000
1012,1011,-93.537698210000002,44.065221970000003,23.232010365000001
1013,1012,-93.537698210000002,44.065183370000000,23.336113930000000
1014,1013,-93.537698210000002,44.065144769999989,22.835105419000001
1015,1014,-93.537698210000002,44.065106169999993,22.127603054000001
1016,1015,-93.537698210000002,44.065067569999997,21.969994067999998
1017,1016,-93.537698210000002,44.065028970000000,21.905785560999998
1018,1017,-93.537698210000002,44.064990369999990,22.192115783999999
1019,1018,-93.537698210000002,44.064951769999986,23.141495705000001
1020,1019,-93.537698210000002,44.064913169999997,23.720077515000000
1021,1020,-93.537659609999992,44.065646569999991,18.179075241000000
1022,1021,-93.537659609999992,44.065607969999988,15.412653923000001
1023,1022,-93.537659609999992,44.065569369999992,15.071584701999999
1024,1023,-93.537659609999992,44.065530769999995,16.806053162000001
1025,1024,-93.537659609999992,44.065492169999999,13.744011402000000
1026,1025,-93.537659609999992,44.065453569999981,18.370263099999999
1027,1026,-93.537659609999992,44.065414969999992,21.213780403000001
1028,1027,-93.537659609999992,44.065376369999996,21.264902115000002
1029,1028,-93.537659609999992,44.065337769999999,20.861184120000001
1030,1029,-93.537659609999992,44.065299169999989,21.147230147999998
1031,1030,-93.537659609999992,44.065260569999992,21.519044875999999
1032,1031,-93.537659609999992,44.065221970000003,22.536557198000001
1033,1032,-93.537659609999992,44.065183370000000,22.701848984000002
1034,1033,-93.537659609999992,44.065144769999989,22.264988898999999
1035,1034,-93.537659609999992,44.065106169999993,21.613967895999998
1036,1035,-93.537659609999992,44.065067569999997,21.636043549000000
1037,1036,-93.537659609999992,44.065028970000000,21.640587806999999
1038,1037,-93.537659609999992,44.064990369999990,21.764540671999999
1039,1038,-93.537659609999992,44.064951769999986,22.410940170000000
1040,1039,-93.537659609999992,44.064913169999997,22.966497421000000
1041,1040,-93.537621009999995,44.065646569999991,18.327604294000000
1042,1041,-93.537621009999995,44.065607969999988,16.063942909000001
1043,1042,-93.537621009999995,44.065569369999992,16.183839798000001
1044,1043,-93.537621009999995,44.065530769999995,17.787681103000001
1045,1044,-93.537621009999995,44.065492169999999,12.981231450999999
1046,1045,-93.537621009999995,44.065453569999981,17.741572380000001
1047,1046,-93.537621009999995,44.065414969999992,20.754739761000000
1048,1047,-93.537621009999995,44.065376369999996,20.848711013999999
1049,1048,-93.537621009999995,44.065337769999999,20.485434531999999
1050,1049,-93.537621009999995,44.065299169999989,21.146084308999999
1051,1050,-93.537621009999995,44.065260569999992,21.778709888000002
1052,1051,-93.537621009999995,44.065221970000003,22.082251548999999
1053,1052,-93.537621009999995,44.065183370000000,22.349891663000001
1054,1053,-93.537621009999995,44.065144769999989,21.974383354000000
1055,1054,-93.537621009999995,44.065106169999993,21.369173527000001
1056,1055,-93.537621009999995,44.065067569999997,21.667701244000000
1057,1056,-93.537621009999995,44.065028970000000,21.743853568999999
1058,1057,-93.537621009999995,44.064990369999990,21.631312370000000
1059,1058,-93.537621009999995,44.064951769999986,21.611996174000002
1060,1059,-93.537621009999995,44.064913169999997,22.099453925999999
1061,1060,-93.537582409999985,44.065646569999991,17.762532710999999
1062,1061,-93.537582409999985,44.065607969999988,16.314126492000000
1063,1062,-93.537582409999985,44.065569369999992,16.825866221999998
1064,1063,-93.537582409999985,44.065530769999995,16.412823915000001
1065,1064,-93.537582409999985,44.065492169999999,13.228009223999999
1066,1065,-93.537582409999985,44.065453569999981,16.424936533000000
1067,1066,-93.537582409999985,44.065414969999992,19.642699241999999
1068,1067,-93.537582409999985,44.065376369999996,20.132349013999999
1069,1068,-93.537582409999985,44.065337769999999,19.377954006000000
1070,1069,-93.537582409999985,44.065299169999989,18.917234421000000
1071,1070,-93.537582409999985,44.065260569999992,20.403200626000000
1072,1071,-93.537582409999985,44.065221970000003,20.749351501000000
1073,1072,-93.537582409999985,44.065183370000000,20.614458083999999
1074,1073,-93.537582409999985,44.065144769999989,20.940083504000000
1075,1074,-93.537582409999985,44.065106169999993,21.244332790000001
1076,1075,-93.537582409999985,44.065067569999997,21.076840877999999
1077,1076,-93.537582409999985,44.065028970000000,21.234896183000000
1078,1077,-93.537582409999985,44.064990369999990,21.198334216999999
1079,1078,-93.537582409999985,44.064951769999986,20.887195587000001
1080,1079,-93.537582409999985,44.064913169999997,20.849112511000001
1081,1080,-93.537543809999988,44.065646569999991,17.246159077000002
1082,1081,-93.537543809999988,44.065607969999988,15.917452097000000
1083,1082,-93.537543809999988,44.065569369999992,16.827829360999999
1084,1083,-93.537543809999988,44.065530769999995,17.716694355000001
1085,1084,-93.537543809999988,44.065492169999999,12.931104897999999
1086,1085,-93.537543809999988,44.065453569999981,15.730670452000000
1087,1086,-93.537543809999988,44.065414969999992,18.658298492000000
1088,1087,-93.537543809999988,44.065376369999996,19.126781940000001
1089,1088,-93.537543809999988,44.065337769999999,18.238281250000000
1090,1089,-93.537543809999988,44.065299169999989,17.803993224999999
1091,1090,-93.537543809999988,44.065260569999992,19.432610989000001
1092,1091,-93.537543809999988,44.065221970000003,19.827708721000000
1093,1092,-93.537543809999988,44.065183370000000,19.256184577999999
1094,1093,-93.537543809999988,44.065144769999989,19.342334269999998
1095,1094,-93.537543809999988,44.065106169999993,19.773663998000000
1096,1095,-93.537543809999988,44.065067569999997,19.862360476999999
1097,1096,-93.537543809999988,44.065028970000000,20.245364666000000
1098,1097,-93.537543809999988,44.064990369999990,20.202251434000001
1099,1098,-93.537543809999988,44.064951769999986,19.727352142000001
1100,1099,-93.537543809999988,44.064913169999997,19.774342536999999
1101,1100,-93.537505210000006,44.065646569999991,17.547852515999999
1102,1101,-93.537505210000006,44.065607969999988,15.513526917000000
1103,1102,-93.537505210000006,44.065569369999992,16.663385390999998
1104,1103,-93.537505210000006,44.065530769999995,18.157384872000002
1105,1104,-93.537505210000006,44.065492169999999,10.832958937000001
1106,1105,-93.537505210000006,44.065453569999981,15.888581514000000
1107,1106,-93.537505210000006,44.065414969999992,18.071317195999999
1108,1107,-93.537505210000006,44.065376369999996,18.307501316000000
1109,1108,-93.537505210000006,44.065337769999999,17.626804352000001
1110,1109,-93.537505210000006,44.065299169999989,18.293716431000000
1111,1110,-93.537505210000006,44.065260569999992,19.553659916000001
1112,1111,-93.537505210000006,44.065221970000003,19.804950714000000
1113,1112,-93.537505210000006,44.065183370000000,18.884514808999999
1114,1113,-93.537505210000006,44.065144769999989,18.304375648000001
1115,1114,-93.537505210000006,44.065106169999993,18.399724007000000
1116,1115,-93.537505210000006,44.065067569999997,19.043895720999998
1117,1116,-93.537505210000006,44.065028970000000,19.749984740999999
1118,1117,-93.537505210000006,44.064990369999990,19.490156650999999
1119,1118,-93.537505210000006,44.064951769999986,18.803894520000000
1120,1119,-93.537505210000006,44.064913169999997,19.292866230000001
1121,1120,-93.537466609999996,44.065646569999991,17.754002571000001
1122,1121,-93.537466609999996,44.065607969999988,15.135492563000000
1123,1122,-93.537466609999996,44.065569369999992,15.840996742000000
1124,1123,-93.537466609999996,44.065530769999995,17.167533398000000
1125,1124,-93.537466609999996,44.065492169999999,13.328315735000000
1126,1125,-93.537466609999996,44.065453569999981,15.132041693000000
1127,1126,-93.537466609999996,44.065414969999992,17.024825096000001
1128,1127,-93.537466609999996,44.065376369999996,17.767099380000001
1129,1128,-93.537466609999996,44.065337769999999,17.396560668999999
1130,1129,-93.537466609999996,44.065299169999989,18.367797851999999
1131,1130,-93.537466609999996,44.065260569999992,19.061203480000000
1132,1131,-93.537466609999996,44.065221970000003,18.933675289000000
1133,1132,-93.537466609999996,44.065183370000000,19.431540489000000
1134,1133,-93.537466609999996,44.065144769999989,19.814932822999999
1135,1134,-93.537466609999996,44.065106169999993,19.649107455999999
1136,1135,-93.537466609999996,44.065067569999997,20.030817032000002
1137,1136,-93.537466609999996,44.065028970000000,20.230123042999999
1138,1137,-93.537466609999996,44.064990369999990,19.731674194000000
1139,1138,-93.537466609999996,44.064951769999986,19.077093601000001
1140,1139,-93.537466609999996,44.064913169999997,19.542086601000001
1141,1140,-93.537428009999985,44.065646569999991,17.303940773000001
1142,1141,-93.537428009999985,44.065607969999988,14.570602179000000
1143,1142,-93.537428009999985,44.065569369999992,14.987009524999999
1144,1143,-93.537428009999985,44.065530769999995,17.076866627000001
1145,1144,-93.537428009999985,44.065492169999999,13.135295630000000
1146,1145,-93.537428009999985,44.065453569999981,15.528730392000000
1147,1146,-93.537428009999985,44.065414969999992,17.305167675000000
1148,1147,-93.537428009999985,44.065376369999996,17.848393439999999
1149,1148,-93.537428009999985,44.065337769999999,18.073216915000000
1150,1149,-93.537428009999985,44.065299169999989,18.697632313000000
1151,1150,-93.537428009999985,44.065260569999992,18.877231121000001
1152,1151,-93.537428009999985,44.065221970000003,18.700907706999999
1153,1152,-93.537428009999985,44.065183370000000,19.233548163999998
1154,1153,-93.537428009999985,44.065144769999989,19.731195450000001
1155,1154,-93.537428009999985,44.065106169999993,19.540609360000001
1156,1155,-93.537428009999985,44.065067569999997,19.711326121999999
1157,1156,-93.537428009999985,44.065028970000000,19.676533699000000
1158,1157,-93.537428009999985,44.064990369999990,19.203814507000001
1159,1158,-93.537428009999985,44.064951769999986,18.928859711000001
1160,1159,-93.537428009999985,44.064913169999997,19.503071307999999
1161,1160,-93.537389410000003,44.065646569999991,17.137287140000002
1162,1161,-93.537389410000003,44.065607969999988,13.900480508999999
1163,1162,-93.537389410000003,44.065569369999992,14.968136787000001
1164,1163,-93.537389410000003,44.065530769999995,17.806477547000000
1165,1164,-93.537389410000003,44.065492169999999,11.752024174000001
1166,1165,-93.537389410000003,44.065453569999981,16.605826855000000
1167,1166,-93.537389410000003,44.065414969999992,18.218007565000001
1168,1167,-93.537389410000003,44.065376369999996,18.470438956999999
1169,1168,-93.537389410000003,44.065337769999999,19.316754340999999
1170,1169,-93.537389410000003,44.065299169999989,19.350518702999999
1171,1170,-93.537389410000003,44.065260569999992,19.281482697000001
1172,1171,-93.537389410000003,44.065221970000003,19.178024292000000
1173,1172,-93.537389410000003,44.065183370000000,19.496375084000000
1174,1173,-93.537389410000003,44.065144769999989,19.614437580000001
1175,1174,-93.537389410000003,44.065106169999993,19.294653893000000
1176,1175,-93.537389410000003,44.065067569999997,19.210749149000002
1177,1176,-93.537389410000003,44.065028970000000,18.998136043999999
1178,1177,-93.537389410000003,44.064990369999990,18.946434021000002
1179,1178,-93.537389410000003,44.064951769999986,18.996275902000001
1180,1179,-93.537389410000003,44.064913169999997,19.773303509000002
1181,1180,-93.537350809999992,44.065646569999991,17.378018379000000
1182,1181,-93.537350809999992,44.065607969999988,13.419531344999999
1183,1182,-93.537350809999992,44.065569369999992,15.274027586000001
1184,1183,-93.537350809999992,44.065530769999995,18.354892731000000
1185,1184,-93.537350809999992,44.065492169999999,14.114129305000001
1186,1185,-93.537350809999992,44.065453569999981,15.698924541000000
1187,1186,-93.537350809999992,44.065414969999992,17.383468150999999
1188,1187,-93.537350809999992,44.065376369999996,18.745630740999999
1189,1188,-93.537350809999992,44.065337769999999,19.334106922000000
1190,1189,-93.537350809999992,44.065299169999989,19.275952816000000
1191,1190,-93.537350809999992,44.065260569999992,19.596192360000000
1192,1191,-93.537350809999992,44.065221970000003,20.011762618999999
1193,1192,-93.537350809999992,44.065183370000000,20.583399773000000
1194,1193,-93.537350809999992,44.065144769999989,20.671396255000001
1195,1194,-93.537350809999992,44.065106169999993,20.313189983000001
1196,1195,-93.537350809999992,44.065067569999997,19.445597649000000
1197,1196,-93.537350809999992,44.065028970000000,19.249103069000000
1198,1197,-93.537350809999992,44.064990369999990,19.864104270999999
1199,1198,-93.537350809999992,44.064951769999986,19.719761372000001
1200,1199,-93.537350809999992,44.064913169999997,20.445601462999999
1201,1200,-93.537312210000010,44.065646569999991,16.969235181999998
1202,1201,-93.537312210000010,44.065607969999988,13.233437061000000
1203,1202,-93.537312210000010,44.065569369999992,15.342874764999999
1204,1203,-93.537312210000010,44.065530769999995,18.905659198999999
1205,1204,-93.537312210000010,44.065492169999999,13.929613590000001
1206,1205,-93.537312210000010,44.065453569999981,14.895435333000000
1207,1206,-93.537312210000010,44.065414969999992,17.232858658000001
1208,1207,-93.537312210000010,44.065376369999996,18.671082020000000
1209,1208,-93.537312210000010,44.065337769999999,18.706303596000001
1210,1209,-93.537312210000010,44.065299169999989,18.264001845999999
1211,1210,-93.537312210000010,44.065260569999992,18.421855926999999
1212,1211,-93.537312210000010,44.065221970000003,19.109194756000001
1213,1212,-93.537312210000010,44.065183370000000,19.690988540999999
1214,1213,-93.537312210000010,44.065144769999989,19.426179409000000
1215,1214,-93.537312210000010,44.065106169999993,18.957982540000000
1216,1215,-93.537312210000010,44.065067569999997,18.217896937999999
1217,1216,-93.537312210000010,44.065028970000000,18.187852858999999
1218,1217,-93.537312210000010,44.064990369999990,18.953552723000001
1219,1218,-93.537312210000010,44.064951769999986,19.299553394000000
1220,1219,-93.537312210000010,44.064913169999997,20.375183581999998
1221,1220,-93.537273610000000,44.065646569999991,15.772357225000000
1222,1221,-93.537273610000000,44.065607969999988,13.276511430999999
1223,1222,-93.537273610000000,44.065569369999992,14.934719085999999
1224,1223,-93.537273610000000,44.065530769999995,17.887939453000001
1225,1224,-93.537273610000000,44.065492169999999,12.621005774000000
1226,1225,-93.537273610000000,44.065453569999981,15.347437143000001
1227,1226,-93.537273610000000,44.065414969999992,18.119121074999999
1228,1227,-93.537273610000000,44.065376369999996,19.268435955000001
1229,1228,-93.537273610000000,44.065337769999999,18.778356552000002
1230,1229,-93.537273610000000,44.065299169999989,18.176434994000001
1231,1230,-93.537273610000000,44.065260569999992,18.009257793000000
1232,1231,-93.537273610000000,44.065221970000003,18.547150611999999
1233,1232,-93.537273610000000,44.065183370000000,18.996858596999999
1234,1233,-93.537273610000000,44.065144769999989,18.475515842000000
1235,1234,-93.537273610000000,44.065106169999993,18.105800629000001
1236,1235,-93.537273610000000,44.065067569999997,17.794514656000000
1237,1236,-93.537273610000000,44.065028970000000,18.206314563999999
1238,1237,-93.537273610000000,44.064990369999990,18.939604759000002
1239,1238,-93.537273610000000,44.064951769999986,19.379437923000001
1240,1239,-93.537273610000000,44.064913169999997,20.375484467000000
1241,1240,-93.537235010000003,44.065646569999991,15.167712212000000
1242,1241,-93.537235010000003,44.065607969999988,13.228451013999999
1243,1242,-93.537235010000003,44.065569369999992,13.689682245000000
1244,1243,-93.537235010000003,44.065530769999995,16.227690458000001
1245,1244,-93.537235010000003,44.065492169999999,14.835844517000000
1246,1245,-93.537235010000003,44.065453569999981,17.328197002000000
1247,1246,-93.537235010000003,44.065414969999992,18.978206634999999
1248,1247,-93.537235010000003,44.065376369999996,19.632635117000000
1249,1248,-93.537235010000003,44.065337769999999,20.211475848999999
1250,1249,-93.537235010000003,44.065299169999989,20.367002964000001
1251,1250,-93.537235010000003,44.065260569999992,20.370654583000000
1252,1251,-93.537235010000003,44.065221970000003,19.818289756999999
1253,1252,-93.537235010000003,44.065183370000000,19.616797447000000
1254,1253,-93.537235010000003,44.065144769999989,20.086746692999998
1255,1254,-93.537235010000003,44.065106169999993,19.769465922999998
1256,1255,-93.537235010000003,44.065067569999997,19.442348002999999
1257,1256,-93.537235010000003,44.065028970000000,20.334879398000002
1258,1257,-93.537235010000003,44.064990369999990,20.804994582999999
1259,1258,-93.537235010000003,44.064951769999986,20.730673313000000
1260,1259,-93.537235010000003,44.064913169999997,20.783698082000001
1261,1260,-93.537196410000007,44.065646569999991,15.023958683000000
1262,1261,-93.537196410000007,44.065607969999988,12.740360259999999
1263,1262,-93.537196410000007,44.065569369999992,11.870046138999999
1264,1263,-93.537196410000007,44.065530769999995,13.122724533000000
1265,1264,-93.537196410000007,44.065492169999999,12.153845787000000
1266,1265,-93.537196410000007,44.065453569999981,15.602629900000000
1267,1266,-93.537196410000007,44.065414969999992,17.741559981999998
1268,1267,-93.537196410000007,44.065376369999996,18.574899673000001
1269,1268,-93.537196410000007,44.065337769999999,19.319007397000000
1270,1269,-93.537196410000007,44.065299169999989,20.024111270999999
1271,1270,-93.537196410000007,44.065260569999992,20.255010604999999
1272,1271,-93.537196410000007,44.065221970000003,19.522818565000001
1273,1272,-93.537196410000007,44.065183370000000,19.216259955999998
1274,1273,-93.537196410000007,44.065144769999989,19.527629852000000
1275,1274,-93.537196410000007,44.065106169999993,19.758395671999999
1276,1275,-93.537196410000007,44.065067569999997,19.597818374999999
1277,1276,-93.537196410000007,44.065028970000000,19.853363990999998
1278,1277,-93.537196410000007,44.064990369999990,20.226129055000001
1279,1278,-93.537196410000007,44.064951769999986,20.602895260000000
1280,1279,-93.537196410000007,44.064913169999997,20.930211543999999
1281,1280,-93.537157809999997,44.065646569999991,14.367921352000000
1282,1281,-93.537157809999997,44.065607969999988,11.884323119999999
1283,1282,-93.537157809999997,44.065569369999992,10.412471771000000
1284,1283,-93.537157809999997,44.065530769999995,10.030995846000000
1285,1284,-93.537157809999997,44.065492169999999,8.561464548000000
1286,1285,-93.537157809999997,44.065453569999981,14.392121315000001
1287,1286,-93.537157809999997,44.065414969999992,17.030971526999998
1288,1287,-93.537157809999997,44.065376369999996,17.858158112000002
1289,1288,-93.537157809999997,44.065337769999999,18.457957268000001
1290,1289,-93.537157809999997,44.065299169999989,19.686391830000002
1291,1290,-93.537157809999997,44.065260569999992,20.180429458999999
1292,1291,-93.537157809999997,44.065221970000003,19.281808853000001
1293,1292,-93.537157809999997,44.065183370000000,18.759731293000002
1294,1293,-93.537157809999997,44.065144769999989,19.129459381000000
1295,1294,-93.537157809999997,44.065106169999993,19.750585556000001
1296,1295,-93.537157809999997,44.065067569999997,19.330085753999999
1297,1296,-93.537157809999997,44.065028970000000,18.701096535000001
1298,1297,-93.537157809999997,44.064990369999990,18.553883552999999
1299,1298,-93.537157809999997,44.064951769999986,19.339190482999999
1300,1299,-93.537157809999997,44.064913169999997,21.227714539000001
1301,1300,-93.537119209999986,44.065646569999991,12.415769815000001
1302,1301,-93.537119209999986,44.065607969999988,10.180313110000000
1303,1302,-93.537119209999986,44.065569369999992,10.374467611000000
1304,1303,-93.537119209999986,44.065530769999995,10.706885815000000
1305,1304,-93.537119209999986,44.065492169999999,9.736405373000000
1306,1305,-93.537119209999986,44.065453569999981,13.721822977000000
1307,1306,-93.537119209999986,44.065414969999992,16.137855768000001
1308,1307,-93.537119209999986,44.065376369999996,16.671519279000002
1309,1308,-93.537119209999986,44.065337769999999,17.748931408000001
1310,1309,-93.537119209999986,44.065299169999989,19.552446841999998
1311,1310,-93.537119209999986,44.065260569999992,19.780119418999998
1312,1311,-93.537119209999986,44.065221970000003,18.558510779999999
1313,1312,-93.537119209999986,44.065183370000000,17.957767487000002
1314,1313,-93.537119209999986,44.065144769999989,18.306313037999999
1315,1314,-93.537119209999986,44.065106169999993,18.974737644000001
1316,1315,-93.537119209999986,44.065067569999997,17.570101738000002
1317,1316,-93.537119209999986,44.065028970000000,14.638931274000001
1318,1317,-93.537119209999986,44.064990369999990,12.147877215999999
1319,1318,-93.537119209999986,44.064951769999986,14.103784322999999
1320,1319,-93.537119209999986,44.064913169999997,20.950020313000000
1321,1320,-93.537080609999990,44.065646569999991,8.411377668000000
1322,1321,-93.537080609999990,44.065607969999988,7.607277274000000
1323,1322,-93.537080609999990,44.065569369999992,10.111057997000000
1324,1323,-93.537080609999990,44.065530769999995,11.155550003000000
1325,1324,-93.537080609999990,44.065492169999999,9.925876379000000
1326,1325,-93.537080609999990,44.065453569999981,12.858814955000000
1327,1326,-93.537080609999990,44.065414969999992,15.430309296000001
1328,1327,-93.537080609999990,44.065376369999996,16.148908377000001
1329,1328,-93.537080609999990,44.065337769999999,17.474609852000000
1330,1329,-93.537080609999990,44.065299169999989,19.605595589000000
1331,1330,-93.537080609999990,44.065260569999992,19.596136569999999
1332,1331,-93.537080609999990,44.065221970000003,18.127110003999999
1333,1332,-93.537080609999990,44.065183370000000,17.445156097000002
1334,1333,-93.537080609999990,44.065144769999989,17.716736316999999
1335,1334,-93.537080609999990,44.065106169999993,18.294584750999999
1336,1335,-93.537080609999990,44.065067569999997,16.849008560000001
1337,1336,-93.537080609999990,44.065028970000000,14.687714815000000
1338,1337,-93.537080609999990,44.064990369999990,14.600989103000000
1339,1338,-93.537080609999990,44.064951769999986,18.286204338000001
1340,1339,-93.537080609999990,44.064913169999997,22.905788898000001
