OID_,FID,X,Y,Extract_elev_2020
1,0,-93.539628209999975,44.065646569999991,1155.380859375000000
2,1,-93.539628209999975,44.065607969999988,1154.771087646000069
3,2,-93.539628209999975,44.065569369999992,1154.109619140999939
4,3,-93.539628209999975,44.065530769999995,1153.886718750000000
5,4,-93.539628209999975,44.065492169999999,1154.528961182000103
6,5,-93.539628209999975,44.065453569999981,1154.857727050999983
7,6,-93.539628209999975,44.065414969999992,1154.641540526999961
8,7,-93.539628209999975,44.065376369999996,1154.546875000000000
9,8,-93.539628209999975,44.065337769999999,1154.360626221000075
10,9,-93.539628209999975,44.065299169999989,1154.186401366999917
11,10,-93.539628209999975,44.065260569999992,1153.995361327999944
12,11,-93.539628209999975,44.065221970000003,1153.900238037000008
13,12,-93.539628209999975,44.065183370000000,1153.882263184000067
14,13,-93.539628209999975,44.065144769999989,1153.808410645000095
15,14,-93.539628209999975,44.065106169999993,1153.425140380999892
16,15,-93.539628209999975,44.065067569999997,1153.246948241999917
17,16,-93.539628209999975,44.065028970000000,1153.069000244000108
18,17,-93.539628209999975,44.064990369999990,1152.960052489999953
19,18,-93.539628209999975,44.064951769999986,1152.728210449000017
20,19,-93.539628209999975,44.064913169999997,1152.623962401999961
21,20,-93.539589610000007,44.065646569999991,1155.371673584000064
22,21,-93.539589610000007,44.065607969999988,1154.714782714999956
23,22,-93.539589610000007,44.065569369999992,1154.102935790999936
24,23,-93.539589610000007,44.065530769999995,1154.315307616999917
25,24,-93.539589610000007,44.065492169999999,1154.801788329999908
26,25,-93.539589610000007,44.065453569999981,1155.461578369000108
27,26,-93.539589610000007,44.065414969999992,1155.571746825999981
28,27,-93.539589610000007,44.065376369999996,1155.336303711000028
29,28,-93.539589610000007,44.065337769999999,1155.174591063999969
30,29,-93.539589610000007,44.065299169999989,1155.112548827999944
31,30,-93.539589610000007,44.065260569999992,1154.749420165999936
32,31,-93.539589610000007,44.065221970000003,1154.747192383000083
33,32,-93.539589610000007,44.065183370000000,1154.592773437999995
34,33,-93.539589610000007,44.065144769999989,1154.360168457000100
35,34,-93.539589610000007,44.065106169999993,1154.126983642999903
36,35,-93.539589610000007,44.065067569999997,1153.885650635000047
37,36,-93.539589610000007,44.065028970000000,1153.722076415999936
38,37,-93.539589610000007,44.064990369999990,1153.423583984000061
39,38,-93.539589610000007,44.064951769999986,1153.259246825999981
40,39,-93.539589610000007,44.064913169999997,1153.013977050999983
41,40,-93.539551009999997,44.065646569999991,1155.356475829999908
42,41,-93.539551009999997,44.065607969999988,1154.754119873000036
43,42,-93.539551009999997,44.065569369999992,1154.323120116999917
44,43,-93.539551009999997,44.065530769999995,1155.214935302999947
45,44,-93.539551009999997,44.065492169999999,1156.354797362999989
46,45,-93.539551009999997,44.065453569999981,1157.217681885000047
47,46,-93.539551009999997,44.065414969999992,1157.160064697000053
48,47,-93.539551009999997,44.065376369999996,1156.966857910000044
49,48,-93.539551009999997,44.065337769999999,1156.817108153999925
50,49,-93.539551009999997,44.065299169999989,1156.653289795000092
51,50,-93.539551009999997,44.065260569999992,1156.367980957000100
52,51,-93.539551009999997,44.065221970000003,1156.328857422000056
53,52,-93.539551009999997,44.065183370000000,1156.213439940999933
54,53,-93.539551009999997,44.065144769999989,1155.998657226999967
55,54,-93.539551009999997,44.065106169999993,1155.754302978999931
56,55,-93.539551009999997,44.065067569999997,1155.386566162000008
57,56,-93.539551009999997,44.065028970000000,1155.040222167999900
58,57,-93.539551009999997,44.064990369999990,1154.624969482000097
59,58,-93.539551009999997,44.064951769999986,1154.350524901999961
60,59,-93.539551009999997,44.064913169999997,1153.974334716999920
61,60,-93.539512409999986,44.065646569999991,1155.337371825999981
62,61,-93.539512409999986,44.065607969999988,1154.660583496000072
63,62,-93.539512409999986,44.065569369999992,1154.346527100000003
64,63,-93.539512409999986,44.065530769999995,1155.230773925999983
65,64,-93.539512409999986,44.065492169999999,1157.028656005999892
66,65,-93.539512409999986,44.065453569999981,1158.125549315999933
67,66,-93.539512409999986,44.065414969999992,1158.028106688999969
68,67,-93.539512409999986,44.065376369999996,1157.870300292999900
69,68,-93.539512409999986,44.065337769999999,1157.708679199000017
70,69,-93.539512409999986,44.065299169999989,1157.526885986000025
71,70,-93.539512409999986,44.065260569999992,1157.398986815999933
72,71,-93.539512409999986,44.065221970000003,1157.217987061000031
73,72,-93.539512409999986,44.065183370000000,1157.068420410000044
74,73,-93.539512409999986,44.065144769999989,1156.874694824000017
75,74,-93.539512409999986,44.065106169999993,1156.554779052999947
76,75,-93.539512409999986,44.065067569999997,1156.197052001999964
77,76,-93.539512409999986,44.065028970000000,1155.789642334000064
78,77,-93.539512409999986,44.064990369999990,1155.350006103999931
79,78,-93.539512409999986,44.064951769999986,1154.896118163999972
80,79,-93.539512409999986,44.064913169999997,1154.433135986000025
81,80,-93.539473810000004,44.065646569999991,1155.376556396000069
82,81,-93.539473810000004,44.065607969999988,1154.653930663999972
83,82,-93.539473810000004,44.065569369999992,1154.345397949000017
84,83,-93.539473810000004,44.065530769999995,1155.354248047000056
85,84,-93.539473810000004,44.065492169999999,1156.837097167999900
86,85,-93.539473810000004,44.065453569999981,1157.901092528999925
87,86,-93.539473810000004,44.065414969999992,1158.042633057000103
88,87,-93.539473810000004,44.065376369999996,1157.866821288999972
89,88,-93.539473810000004,44.065337769999999,1157.721649170000092
90,89,-93.539473810000004,44.065299169999989,1157.565185547000056
91,90,-93.539473810000004,44.065260569999992,1157.410980225000003
92,91,-93.539473810000004,44.065221970000003,1157.217315674000019
93,92,-93.539473810000004,44.065183370000000,1157.060485839999956
94,93,-93.539473810000004,44.065144769999989,1156.848266601999967
95,94,-93.539473810000004,44.065106169999993,1156.502929687999995
96,95,-93.539473810000004,44.065067569999997,1156.102325438999969
97,96,-93.539473810000004,44.065028970000000,1155.678680420000092
98,97,-93.539473810000004,44.064990369999990,1155.216949462999992
99,98,-93.539473810000004,44.064951769999986,1154.689025878999928
100,99,-93.539473810000004,44.064913169999997,1154.231292725000003
101,100,-93.539435209999994,44.065646569999991,1155.429382324000017
102,101,-93.539435209999994,44.065607969999988,1154.742523192999897
103,102,-93.539435209999994,44.065569369999992,1154.393005371000072
104,103,-93.539435209999994,44.065530769999995,1155.281860351999967
105,104,-93.539435209999994,44.065492169999999,1156.774627686000031
106,105,-93.539435209999994,44.065453569999981,1158.128356934000067
107,106,-93.539435209999994,44.065414969999992,1158.206573486000025
108,107,-93.539435209999994,44.065376369999996,1158.064941405999889
109,108,-93.539435209999994,44.065337769999999,1157.915863037000008
110,109,-93.539435209999994,44.065299169999989,1157.726013184000067
111,110,-93.539435209999994,44.065260569999992,1157.547271728999931
112,111,-93.539435209999994,44.065221970000003,1157.346649170000092
113,112,-93.539435209999994,44.065183370000000,1157.154663086000028
114,113,-93.539435209999994,44.065144769999989,1156.970214844000111
115,114,-93.539435209999994,44.065106169999993,1156.566253662000008
116,115,-93.539435209999994,44.065067569999997,1156.155670165999936
117,116,-93.539435209999994,44.065028970000000,1155.689270020000095
118,117,-93.539435209999994,44.064990369999990,1155.180877686000031
119,118,-93.539435209999994,44.064951769999986,1154.691711425999983
120,119,-93.539435209999994,44.064913169999997,1154.200256348000039
121,120,-93.539396609999983,44.065646569999991,1155.521789550999983
122,121,-93.539396609999983,44.065607969999988,1154.851593017999903
123,122,-93.539396609999983,44.065569369999992,1154.422363280999889
124,123,-93.539396609999983,44.065530769999995,1155.322265625000000
125,124,-93.539396609999983,44.065492169999999,1157.127319336000028
126,125,-93.539396609999983,44.065453569999981,1158.430541991999917
127,126,-93.539396609999983,44.065414969999992,1158.488952637000011
128,127,-93.539396609999983,44.065376369999996,1158.391906737999989
129,128,-93.539396609999983,44.065337769999999,1158.212615966999920
130,129,-93.539396609999983,44.065299169999989,1158.008178711000028
131,130,-93.539396609999983,44.065260569999992,1157.748901366999917
132,131,-93.539396609999983,44.065221970000003,1157.537811278999925
133,132,-93.539396609999983,44.065183370000000,1157.359741211000028
134,133,-93.539396609999983,44.065144769999989,1157.089721679999911
135,134,-93.539396609999983,44.065106169999993,1156.719451903999925
136,135,-93.539396609999983,44.065067569999997,1156.258148192999897
137,136,-93.539396609999983,44.065028970000000,1155.782867432000103
138,137,-93.539396609999983,44.064990369999990,1155.284332274999997
139,138,-93.539396609999983,44.064951769999986,1154.817443848000039
140,139,-93.539396609999983,44.064913169999997,1154.314697265999939
141,140,-93.539358010000001,44.065646569999991,1155.628997802999947
142,141,-93.539358010000001,44.065607969999988,1154.963653563999969
143,142,-93.539358010000001,44.065569369999992,1154.609283447000053
144,143,-93.539358010000001,44.065530769999995,1155.831909179999911
145,144,-93.539358010000001,44.065492169999999,1157.404998778999925
146,145,-93.539358010000001,44.065453569999981,1158.459411621000072
147,146,-93.539358010000001,44.065414969999992,1158.776855469000111
148,147,-93.539358010000001,44.065376369999996,1158.617034912000008
149,148,-93.539358010000001,44.065337769999999,1158.434234619000108
150,149,-93.539358010000001,44.065299169999989,1158.213623047000056
151,150,-93.539358010000001,44.065260569999992,1157.942230225000003
152,151,-93.539358010000001,44.065221970000003,1157.651123047000056
153,152,-93.539358010000001,44.065183370000000,1157.417053223000039
154,153,-93.539358010000001,44.065144769999989,1157.174591063999969
155,154,-93.539358010000001,44.065106169999993,1156.756866454999908
156,155,-93.539358010000001,44.065067569999997,1156.299438476999967
157,156,-93.539358010000001,44.065028970000000,1155.833068848000039
158,157,-93.539358010000001,44.064990369999990,1155.352966309000067
159,158,-93.539358010000001,44.064951769999986,1154.892333984000061
160,159,-93.539358010000001,44.064913169999997,1154.423431396000069
161,160,-93.539319409999990,44.065646569999991,1155.735809325999981
162,161,-93.539319409999990,44.065607969999988,1155.079772949000017
163,162,-93.539319409999990,44.065569369999992,1154.672668457000100
164,163,-93.539319409999990,44.065530769999995,1155.754882812000005
165,164,-93.539319409999990,44.065492169999999,1157.524383545000092
166,165,-93.539319409999990,44.065453569999981,1158.840881348000039
167,166,-93.539319409999990,44.065414969999992,1158.939605712999992
168,167,-93.539319409999990,44.065376369999996,1158.777832030999889
169,168,-93.539319409999990,44.065337769999999,1158.575561523000033
170,169,-93.539319409999990,44.065299169999989,1158.341705322000053
171,170,-93.539319409999990,44.065260569999992,1158.026092528999925
172,171,-93.539319409999990,44.065221970000003,1157.698791503999928
173,172,-93.539319409999990,44.065183370000000,1157.425659179999911
174,173,-93.539319409999990,44.065144769999989,1157.167358398000033
175,174,-93.539319409999990,44.065106169999993,1156.745605469000111
176,175,-93.539319409999990,44.065067569999997,1156.266510010000047
177,176,-93.539319409999990,44.065028970000000,1155.791839600000003
178,177,-93.539319409999990,44.064990369999990,1155.324951172000056
179,178,-93.539319409999990,44.064951769999986,1154.852386475000003
180,179,-93.539319409999990,44.064913169999997,1154.393341063999969
181,180,-93.539280810000008,44.065646569999991,1155.823059082000100
182,181,-93.539280810000008,44.065607969999988,1155.182800292999900
183,182,-93.539280810000008,44.065569369999992,1154.765289307000103
184,183,-93.539280810000008,44.065530769999995,1155.962219237999989
185,184,-93.539280810000008,44.065492169999999,1157.645782471000075
186,185,-93.539280810000008,44.065453569999981,1158.996856688999969
187,186,-93.539280810000008,44.065414969999992,1158.986572265999939
188,187,-93.539280810000008,44.065376369999996,1158.798645020000095
189,188,-93.539280810000008,44.065337769999999,1158.549652100000003
190,189,-93.539280810000008,44.065299169999989,1158.322509765999939
191,190,-93.539280810000008,44.065260569999992,1158.014892577999944
192,191,-93.539280810000008,44.065221970000003,1157.644775390999939
193,192,-93.539280810000008,44.065183370000000,1157.372436523000033
194,193,-93.539280810000008,44.065144769999989,1157.079559325999981
195,194,-93.539280810000008,44.065106169999993,1156.627075195000089
196,195,-93.539280810000008,44.065067569999997,1156.161010741999917
197,196,-93.539280810000008,44.065028970000000,1155.697967528999925
198,197,-93.539280810000008,44.064990369999990,1155.165069579999908
199,198,-93.539280810000008,44.064951769999986,1154.729248047000056
200,199,-93.539280810000008,44.064913169999997,1154.318664550999983
201,200,-93.539242209999998,44.065646569999991,1155.878540038999972
202,201,-93.539242209999998,44.065607969999988,1155.243713378999928
203,202,-93.539242209999998,44.065569369999992,1154.933776854999905
204,203,-93.539242209999998,44.065530769999995,1156.249633788999972
205,204,-93.539242209999998,44.065492169999999,1157.725830077999944
206,205,-93.539242209999998,44.065453569999981,1158.829101562000005
207,206,-93.539242209999998,44.065414969999992,1159.014587401999961
208,207,-93.539242209999998,44.065376369999996,1158.731567383000083
209,208,-93.539242209999998,44.065337769999999,1158.526428223000039
210,209,-93.539242209999998,44.065299169999989,1158.292236327999944
211,210,-93.539242209999998,44.065260569999992,1157.971557616999917
212,211,-93.539242209999998,44.065221970000003,1157.612670898000033
213,212,-93.539242209999998,44.065183370000000,1157.317626952999944
214,213,-93.539242209999998,44.065144769999989,1156.948303223000039
215,214,-93.539242209999998,44.065106169999993,1156.541015625000000
216,215,-93.539242209999998,44.065067569999997,1156.081542969000111
217,216,-93.539242209999998,44.065028970000000,1155.550109862999989
218,217,-93.539242209999998,44.064990369999990,1155.077697753999928
219,218,-93.539242209999998,44.064951769999986,1154.598449707000100
220,219,-93.539242209999998,44.064913169999997,1154.169982910000044
221,220,-93.539203609999987,44.065646569999991,1155.915313721000075
222,221,-93.539203609999987,44.065607969999988,1155.258483887000011
223,222,-93.539203609999987,44.065569369999992,1154.878967285000044
224,223,-93.539203609999987,44.065530769999995,1156.203582763999975
225,224,-93.539203609999987,44.065492169999999,1157.688812255999892
226,225,-93.539203609999987,44.065453569999981,1158.907135010000047
227,226,-93.539203609999987,44.065414969999992,1158.976165771000069
228,227,-93.539203609999987,44.065376369999996,1158.721374512000011
229,228,-93.539203609999987,44.065337769999999,1158.479156494000108
230,229,-93.539203609999987,44.065299169999989,1158.243041991999917
231,230,-93.539203609999987,44.065260569999992,1157.940032959000064
232,231,-93.539203609999987,44.065221970000003,1157.548858642999903
233,232,-93.539203609999987,44.065183370000000,1157.234436035000044
234,233,-93.539203609999987,44.065144769999989,1156.911468505999892
235,234,-93.539203609999987,44.065106169999993,1156.464080811000031
236,235,-93.539203609999987,44.065067569999997,1155.979522704999908
237,236,-93.539203609999987,44.065028970000000,1155.485565186000031
238,237,-93.539203609999987,44.064990369999990,1154.974151611000025
239,238,-93.539203609999987,44.064951769999986,1154.503845214999956
240,239,-93.539203609999987,44.064913169999997,1154.061859130999892
241,240,-93.539165010000019,44.065646569999991,1155.971862792999900
242,241,-93.539165010000019,44.065607969999988,1155.275360107000097
243,242,-93.539165010000019,44.065569369999992,1154.817596436000031
244,243,-93.539165010000019,44.065530769999995,1155.988830565999933
245,244,-93.539165010000019,44.065492169999999,1157.742401123000036
246,245,-93.539165010000019,44.065453569999981,1158.975128174000019
247,246,-93.539165010000019,44.065414969999992,1158.790100098000039
248,247,-93.539165010000019,44.065376369999996,1158.547698975000003
249,248,-93.539165010000019,44.065337769999999,1158.317565917999900
250,249,-93.539165010000019,44.065299169999989,1158.026824950999981
251,250,-93.539165010000019,44.065260569999992,1157.699157714999956
252,251,-93.539165010000019,44.065221970000003,1157.262420653999925
253,252,-93.539165010000019,44.065183370000000,1156.976745604999905
254,253,-93.539165010000019,44.065144769999989,1156.644561767999903
255,254,-93.539165010000019,44.065106169999993,1156.136352538999972
256,255,-93.539165010000019,44.065067569999997,1155.688201903999925
257,256,-93.539165010000019,44.065028970000000,1155.175018311000031
258,257,-93.539165010000019,44.064990369999990,1154.726226807000103
259,258,-93.539165010000019,44.064951769999986,1154.284118651999961
260,259,-93.539165010000019,44.064913169999997,1153.866821288999972
261,260,-93.539126409999980,44.065646569999991,1156.014678954999908
262,261,-93.539126409999980,44.065607969999988,1155.306396484000061
263,262,-93.539126409999980,44.065569369999992,1154.824768065999933
264,263,-93.539126409999980,44.065530769999995,1155.834564209000064
265,264,-93.539126409999980,44.065492169999999,1157.399353026999961
266,265,-93.539126409999980,44.065453569999981,1158.604095459000064
267,266,-93.539126409999980,44.065414969999992,1158.475799561000031
268,267,-93.539126409999980,44.065376369999996,1158.221984862999989
269,268,-93.539126409999980,44.065337769999999,1157.978118896000069
270,269,-93.539126409999980,44.065299169999989,1157.715270996000072
271,270,-93.539126409999980,44.065260569999992,1157.351715087999992
272,271,-93.539126409999980,44.065221970000003,1156.924560547000056
273,272,-93.539126409999980,44.065183370000000,1156.571716309000067
274,273,-93.539126409999980,44.065144769999989,1156.189178466999920
275,274,-93.539126409999980,44.065106169999993,1155.727935790999936
276,275,-93.539126409999980,44.065067569999997,1155.253601074000017
277,276,-93.539126409999980,44.065028970000000,1154.788146973000039
278,277,-93.539126409999980,44.064990369999990,1154.355529785000044
279,278,-93.539126409999980,44.064951769999986,1153.890991211000028
280,279,-93.539126409999980,44.064913169999997,1153.479064940999933
281,280,-93.539087809999970,44.065646569999991,1156.058593750000000
282,281,-93.539087809999970,44.065607969999988,1155.398956299000019
283,282,-93.539087809999970,44.065569369999992,1154.896148682000103
284,283,-93.539087809999970,44.065530769999995,1155.793823241999917
285,284,-93.539087809999970,44.065492169999999,1157.108947753999928
286,285,-93.539087809999970,44.065453569999981,1158.045043945000089
287,286,-93.539087809999970,44.065414969999992,1158.098663329999908
288,287,-93.539087809999970,44.065376369999996,1157.849304199000017
289,288,-93.539087809999970,44.065337769999999,1157.616027832000100
290,289,-93.539087809999970,44.065299169999989,1157.356506348000039
291,290,-93.539087809999970,44.065260569999992,1156.989715575999981
292,291,-93.539087809999970,44.065221970000003,1156.589935302999947
293,292,-93.539087809999970,44.065183370000000,1156.239929199000017
294,293,-93.539087809999970,44.065144769999989,1155.893188476999967
295,294,-93.539087809999970,44.065106169999993,1155.393218994000108
296,295,-93.539087809999970,44.065067569999997,1154.905853271000069
297,296,-93.539087809999970,44.065028970000000,1154.420562744000108
298,297,-93.539087809999970,44.064990369999990,1153.942657471000075
299,298,-93.539087809999970,44.064951769999986,1153.468048096000075
300,299,-93.539087809999970,44.064913169999997,1153.008239746000072
301,300,-93.539049210000002,44.065646569999991,1156.099060059000067
302,301,-93.539049210000002,44.065607969999988,1155.494598388999975
303,302,-93.539049210000002,44.065569369999992,1155.011047362999989
304,303,-93.539049210000002,44.065530769999995,1155.933746337999992
305,304,-93.539049210000002,44.065492169999999,1157.264495850000003
306,305,-93.539049210000002,44.065453569999981,1157.970611572000053
307,306,-93.539049210000002,44.065414969999992,1157.825622559000067
308,307,-93.539049210000002,44.065376369999996,1157.552795410000044
309,308,-93.539049210000002,44.065337769999999,1157.311004638999975
310,309,-93.539049210000002,44.065299169999989,1157.020446776999961
311,310,-93.539049210000002,44.065260569999992,1156.691467285000044
312,311,-93.539049210000002,44.065221970000003,1156.373016357000097
313,312,-93.539049210000002,44.065183370000000,1156.078125000000000
314,313,-93.539049210000002,44.065144769999989,1155.739929199000017
315,314,-93.539049210000002,44.065106169999993,1155.232269287000008
316,315,-93.539049210000002,44.065067569999997,1154.699066162000008
317,316,-93.539049210000002,44.065028970000000,1154.140533447000053
318,317,-93.539049210000002,44.064990369999990,1153.604064940999933
319,318,-93.539049210000002,44.064951769999986,1153.040649413999972
320,319,-93.539049210000002,44.064913169999997,1152.560638427999947
321,320,-93.539010609999991,44.065646569999991,1156.069335937999995
322,321,-93.539010609999991,44.065607969999988,1155.542205811000031
323,322,-93.539010609999991,44.065569369999992,1155.213623047000056
324,323,-93.539010609999991,44.065530769999995,1156.088348388999975
325,324,-93.539010609999991,44.065492169999999,1157.265594482000097
326,325,-93.539010609999991,44.065453569999981,1157.945373535000044
327,326,-93.539010609999991,44.065414969999992,1157.739929199000017
328,327,-93.539010609999991,44.065376369999996,1157.447143554999911
329,328,-93.539010609999991,44.065337769999999,1157.152465820000089
330,329,-93.539010609999991,44.065299169999989,1156.880249023000033
331,330,-93.539010609999991,44.065260569999992,1156.589416503999928
332,331,-93.539010609999991,44.065221970000003,1156.279449462999992
333,332,-93.539010609999991,44.065183370000000,1155.992065429999911
334,333,-93.539010609999991,44.065144769999989,1155.684844971000075
335,334,-93.539010609999991,44.065106169999993,1155.179962158000080
336,335,-93.539010609999991,44.065067569999997,1154.588775635000047
337,336,-93.539010609999991,44.065028970000000,1154.029022216999920
338,337,-93.539010609999991,44.064990369999990,1153.401824950999981
339,338,-93.539010609999991,44.064951769999986,1152.813201903999925
340,339,-93.539010609999991,44.064913169999997,1152.281555175999983
341,340,-93.538972010000009,44.065646569999991,1156.120330811000031
342,341,-93.538972010000009,44.065607969999988,1155.719085692999897
343,342,-93.538972010000009,44.065569369999992,1155.097351074000017
344,343,-93.538972010000009,44.065530769999995,1156.052734375000000
345,344,-93.538972010000009,44.065492169999999,1157.297760010000047
346,345,-93.538972010000009,44.065453569999981,1158.080688476999967
347,346,-93.538972010000009,44.065414969999992,1157.879119873000036
348,347,-93.538972010000009,44.065376369999996,1157.572021484000061
349,348,-93.538972010000009,44.065337769999999,1157.283599853999931
350,349,-93.538972010000009,44.065299169999989,1156.986419677999947
351,350,-93.538972010000009,44.065260569999992,1156.681945800999983
352,351,-93.538972010000009,44.065221970000003,1156.345642089999956
353,352,-93.538972010000009,44.065183370000000,1156.029602050999983
354,353,-93.538972010000009,44.065144769999989,1155.733093262000011
355,354,-93.538972010000009,44.065106169999993,1155.248352050999983
356,355,-93.538972010000009,44.065067569999997,1154.677642822000053
357,356,-93.538972010000009,44.065028970000000,1154.056762695000089
358,357,-93.538972010000009,44.064990369999990,1153.455047607000097
359,358,-93.538972010000009,44.064951769999986,1152.864318848000039
360,359,-93.538972010000009,44.064913169999997,1152.321441649999997
361,360,-93.538933409999999,44.065646569999991,1156.090698241999917
362,361,-93.538933409999999,44.065607969999988,1155.538177489999953
363,362,-93.538933409999999,44.065569369999992,1155.155822753999928
364,363,-93.538933409999999,44.065530769999995,1156.358093262000011
365,364,-93.538933409999999,44.065492169999999,1157.659973145000095
366,365,-93.538933409999999,44.065453569999981,1158.486267089999956
367,366,-93.538933409999999,44.065414969999992,1158.374938964999956
368,367,-93.538933409999999,44.065376369999996,1158.055389403999925
369,368,-93.538933409999999,44.065337769999999,1157.738861084000064
370,369,-93.538933409999999,44.065299169999989,1157.461273192999897
371,370,-93.538933409999999,44.065260569999992,1157.127471924000019
372,371,-93.538933409999999,44.065221970000003,1156.783203125000000
373,372,-93.538933409999999,44.065183370000000,1156.476928711000028
374,373,-93.538933409999999,44.065144769999989,1156.117401123000036
375,374,-93.538933409999999,44.065106169999993,1155.556884765999939
376,375,-93.538933409999999,44.065067569999997,1155.022949219000111
377,376,-93.538933409999999,44.065028970000000,1154.396057128999928
378,377,-93.538933409999999,44.064990369999990,1153.791198729999905
379,378,-93.538933409999999,44.064951769999986,1153.188354491999917
380,379,-93.538933409999999,44.064913169999997,1152.637359619000108
381,380,-93.538894809999988,44.065646569999991,1156.151092528999925
382,381,-93.538894809999988,44.065607969999988,1155.451660155999889
383,382,-93.538894809999988,44.065569369999992,1155.243072510000047
384,383,-93.538894809999988,44.065530769999995,1156.258483887000011
385,384,-93.538894809999988,44.065492169999999,1158.035491942999897
386,385,-93.538894809999988,44.065453569999981,1159.066833496000072
387,386,-93.538894809999988,44.065414969999992,1158.928009033000080
388,387,-93.538894809999988,44.065376369999996,1158.589416503999928
389,388,-93.538894809999988,44.065337769999999,1158.299530028999925
390,389,-93.538894809999988,44.065299169999989,1157.959808350000003
391,390,-93.538894809999988,44.065260569999992,1157.617980957000100
392,391,-93.538894809999988,44.065221970000003,1157.179016112999989
393,392,-93.538894809999988,44.065183370000000,1156.853332520000095
394,393,-93.538894809999988,44.065144769999989,1156.469238280999889
395,394,-93.538894809999988,44.065106169999993,1155.926513672000056
396,395,-93.538894809999988,44.065067569999997,1155.287750244000108
397,396,-93.538894809999988,44.065028970000000,1154.686431885000047
398,397,-93.538894809999988,44.064990369999990,1154.077850341999920
399,398,-93.538894809999988,44.064951769999986,1153.482849121000072
400,399,-93.538894809999988,44.064913169999997,1152.905517577999944
401,400,-93.538856210000006,44.065646569999991,1156.206573486000025
402,401,-93.538856210000006,44.065607969999988,1155.693969726999967
403,402,-93.538856210000006,44.065569369999992,1155.464599609000061
404,403,-93.538856210000006,44.065530769999995,1156.872192383000083
405,404,-93.538856210000006,44.065492169999999,1158.311828612999989
406,405,-93.538856210000006,44.065453569999981,1159.303466797000056
407,406,-93.538856210000006,44.065414969999992,1159.022674561000031
408,407,-93.538856210000006,44.065376369999996,1158.717803954999908
409,408,-93.538856210000006,44.065337769999999,1158.378204346000075
410,409,-93.538856210000006,44.065299169999989,1158.023956299000019
411,410,-93.538856210000006,44.065260569999992,1157.661407471000075
412,411,-93.538856210000006,44.065221970000003,1157.240814209000064
413,412,-93.538856210000006,44.065183370000000,1156.851318359000061
414,413,-93.538856210000006,44.065144769999989,1156.472442626999964
415,414,-93.538856210000006,44.065106169999993,1155.846923827999944
416,415,-93.538856210000006,44.065067569999997,1155.239379883000083
417,416,-93.538856210000006,44.065028970000000,1154.633636475000003
418,417,-93.538856210000006,44.064990369999990,1154.001800537000008
419,418,-93.538856210000006,44.064951769999986,1153.447204589999956
420,419,-93.538856210000006,44.064913169999997,1152.865631103999931
421,420,-93.538817609999995,44.065646569999991,1156.315521239999953
422,421,-93.538817609999995,44.065607969999988,1155.870910645000095
423,422,-93.538817609999995,44.065569369999992,1155.628479003999928
424,423,-93.538817609999995,44.065530769999995,1156.916687012000011
425,424,-93.538817609999995,44.065492169999999,1158.390777587999992
426,425,-93.538817609999995,44.065453569999981,1158.961486815999933
427,426,-93.538817609999995,44.065414969999992,1158.642395020000095
428,427,-93.538817609999995,44.065376369999996,1158.289184570000089
429,428,-93.538817609999995,44.065337769999999,1157.912841797000056
430,429,-93.538817609999995,44.065299169999989,1157.534210204999908
431,430,-93.538817609999995,44.065260569999992,1157.068237304999911
432,431,-93.538817609999995,44.065221970000003,1156.599365234000061
433,432,-93.538817609999995,44.065183370000000,1156.244323729999905
434,433,-93.538817609999995,44.065144769999989,1155.782928466999920
435,434,-93.538817609999995,44.065106169999993,1155.258544922000056
436,435,-93.538817609999995,44.065067569999997,1154.650909424000019
437,436,-93.538817609999995,44.065028970000000,1154.049774170000092
438,437,-93.538817609999995,44.064990369999990,1153.478912353999931
439,438,-93.538817609999995,44.064951769999986,1152.884674072000053
440,439,-93.538817609999995,44.064913169999997,1152.348846436000031
441,440,-93.538779009999999,44.065646569999991,1156.258026123000036
442,441,-93.538779009999999,44.065607969999988,1155.790985107000097
443,442,-93.538779009999999,44.065569369999992,1155.571441649999997
444,443,-93.538779009999999,44.065530769999995,1156.644775390999939
445,444,-93.538779009999999,44.065492169999999,1157.906097412000008
446,445,-93.538779009999999,44.065453569999981,1158.500030517999903
447,446,-93.538779009999999,44.065414969999992,1158.175170898000033
448,447,-93.538779009999999,44.065376369999996,1157.773406982000097
449,448,-93.538779009999999,44.065337769999999,1157.359680175999983
450,449,-93.538779009999999,44.065299169999989,1156.905364989999953
451,450,-93.538779009999999,44.065260569999992,1156.442871094000111
452,451,-93.538779009999999,44.065221970000003,1155.909729003999928
453,452,-93.538779009999999,44.065183370000000,1155.503234862999989
454,453,-93.538779009999999,44.065144769999989,1155.144348145000095
455,454,-93.538779009999999,44.065106169999993,1154.573425292999900
456,455,-93.538779009999999,44.065067569999997,1154.033691405999889
457,456,-93.538779009999999,44.065028970000000,1153.485870361000025
458,457,-93.538779009999999,44.064990369999990,1152.918457030999889
459,458,-93.538779009999999,44.064951769999986,1152.408233642999903
460,459,-93.538779009999999,44.064913169999997,1151.894683837999992
461,460,-93.538740410000003,44.065646569999991,1156.278167725000003
462,461,-93.538740410000003,44.065607969999988,1155.652679442999897
463,462,-93.538740410000003,44.065569369999992,1155.328460692999897
464,463,-93.538740410000003,44.065530769999995,1156.312042236000025
465,464,-93.538740410000003,44.065492169999999,1157.329925537000008
466,465,-93.538740410000003,44.065453569999981,1157.979339600000003
467,466,-93.538740410000003,44.065414969999992,1157.892913817999897
468,467,-93.538740410000003,44.065376369999996,1157.457885741999917
469,468,-93.538740410000003,44.065337769999999,1156.995422362999989
470,469,-93.538740410000003,44.065299169999989,1156.551574707000100
471,470,-93.538740410000003,44.065260569999992,1156.019470214999956
472,471,-93.538740410000003,44.065221970000003,1155.494049072000053
473,472,-93.538740410000003,44.065183370000000,1155.127258300999983
474,473,-93.538740410000003,44.065144769999989,1154.703796387000011
475,474,-93.538740410000003,44.065106169999993,1154.179870604999905
476,475,-93.538740410000003,44.065067569999997,1153.656921387000011
477,476,-93.538740410000003,44.065028970000000,1153.135650635000047
478,477,-93.538740410000003,44.064990369999990,1152.662780762000011
479,478,-93.538740410000003,44.064951769999986,1152.154968262000011
480,479,-93.538740410000003,44.064913169999997,1151.666503905999889
481,480,-93.538701809999992,44.065646569999991,1156.281250000000000
482,481,-93.538701809999992,44.065607969999988,1155.665893554999911
483,482,-93.538701809999992,44.065569369999992,1155.644470214999956
484,483,-93.538701809999992,44.065530769999995,1156.341796875000000
485,484,-93.538701809999992,44.065492169999999,1157.359313964999956
486,485,-93.538701809999992,44.065453569999981,1157.947326660000044
487,486,-93.538701809999992,44.065414969999992,1157.779907226999967
488,487,-93.538701809999992,44.065376369999996,1157.312683104999905
489,488,-93.538701809999992,44.065337769999999,1156.844604491999917
490,489,-93.538701809999992,44.065299169999989,1156.307373047000056
491,490,-93.538701809999992,44.065260569999992,1155.790649413999972
492,491,-93.538701809999992,44.065221970000003,1155.304687500000000
493,492,-93.538701809999992,44.065183370000000,1154.835693359000061
494,493,-93.538701809999992,44.065144769999989,1154.480163574000017
495,494,-93.538701809999992,44.065106169999993,1153.980651854999905
496,495,-93.538701809999992,44.065067569999997,1153.410217285000044
497,496,-93.538701809999992,44.065028970000000,1152.979370116999917
498,497,-93.538701809999992,44.064990369999990,1152.492126464999956
499,498,-93.538701809999992,44.064951769999986,1152.030212401999961
500,499,-93.538701809999992,44.064913169999997,1151.561706542999900
501,500,-93.538663210000024,44.065646569999991,1156.361572265999939
502,501,-93.538663210000024,44.065607969999988,1155.873901366999917
503,502,-93.538663210000024,44.065569369999992,1155.747375487999989
504,503,-93.538663210000024,44.065530769999995,1156.676818848000039
505,504,-93.538663210000024,44.065492169999999,1157.583953857000097
506,505,-93.538663210000024,44.065453569999981,1158.163208008000083
507,506,-93.538663210000024,44.065414969999992,1157.794189452999944
508,507,-93.538663210000024,44.065376369999996,1157.301452637000011
509,508,-93.538663210000024,44.065337769999999,1156.779144287000008
510,509,-93.538663210000024,44.065299169999989,1156.234558104999905
511,510,-93.538663210000024,44.065260569999992,1155.691040038999972
512,511,-93.538663210000024,44.065221970000003,1155.109375000000000
513,512,-93.538663210000024,44.065183370000000,1154.716186523000033
514,513,-93.538663210000024,44.065144769999989,1154.319702148000033
515,514,-93.538663210000024,44.065106169999993,1153.801696776999961
516,515,-93.538663210000024,44.065067569999997,1153.315063476999967
517,516,-93.538663210000024,44.065028970000000,1152.820404052999947
518,517,-93.538663210000024,44.064990369999990,1152.340118408000080
519,518,-93.538663210000024,44.064951769999986,1151.896972655999889
520,519,-93.538663210000024,44.064913169999997,1151.502777100000003
521,520,-93.538624609999985,44.065646569999991,1156.326354979999905
522,521,-93.538624609999985,44.065607969999988,1155.967529297000056
523,522,-93.538624609999985,44.065569369999992,1155.768341063999969
524,523,-93.538624609999985,44.065530769999995,1156.728210449000017
525,524,-93.538624609999985,44.065492169999999,1157.653045653999925
526,525,-93.538624609999985,44.065453569999981,1158.311767577999944
527,526,-93.538624609999985,44.065414969999992,1157.943786621000072
528,527,-93.538624609999985,44.065376369999996,1157.409057616999917
529,528,-93.538624609999985,44.065337769999999,1156.843902587999992
530,529,-93.538624609999985,44.065299169999989,1156.269134521000069
531,530,-93.538624609999985,44.065260569999992,1155.752563476999967
532,531,-93.538624609999985,44.065221970000003,1155.164672851999967
533,532,-93.538624609999985,44.065183370000000,1154.776550292999900
534,533,-93.538624609999985,44.065144769999989,1154.311859130999892
535,534,-93.538624609999985,44.065106169999993,1153.811706542999900
536,535,-93.538624609999985,44.065067569999997,1153.315307616999917
537,536,-93.538624609999985,44.065028970000000,1152.823211670000092
538,537,-93.538624609999985,44.064990369999990,1152.364624023000033
539,538,-93.538624609999985,44.064951769999986,1151.909881591999920
540,539,-93.538624609999985,44.064913169999997,1151.537139892999903
541,540,-93.538586009999975,44.065646569999991,1156.304840087999992
542,541,-93.538586009999975,44.065607969999988,1155.803680420000092
543,542,-93.538586009999975,44.065569369999992,1155.607971190999933
544,543,-93.538586009999975,44.065530769999995,1156.649200438999969
545,544,-93.538586009999975,44.065492169999999,1157.768554687999995
546,545,-93.538586009999975,44.065453569999981,1158.311248778999925
547,546,-93.538586009999975,44.065414969999992,1158.052093505999892
548,547,-93.538586009999975,44.065376369999996,1157.511291503999928
549,548,-93.538586009999975,44.065337769999999,1156.923248290999936
550,549,-93.538586009999975,44.065299169999989,1156.328460692999897
551,550,-93.538586009999975,44.065260569999992,1155.726989746000072
552,551,-93.538586009999975,44.065221970000003,1155.177947998000036
553,552,-93.538586009999975,44.065183370000000,1154.688415526999961
554,553,-93.538586009999975,44.065144769999989,1154.324157714999956
555,554,-93.538586009999975,44.065106169999993,1153.789062500000000
556,555,-93.538586009999975,44.065067569999997,1153.279876709000064
557,556,-93.538586009999975,44.065028970000000,1152.828002929999911
558,557,-93.538586009999975,44.064990369999990,1152.373046875000000
559,558,-93.538586009999975,44.064951769999986,1151.955535888999975
560,559,-93.538586009999975,44.064913169999997,1151.537322998000036
561,560,-93.538547410000007,44.065646569999991,1156.418029785000044
562,561,-93.538547410000007,44.065607969999988,1155.727935790999936
563,562,-93.538547410000007,44.065569369999992,1155.396728515999939
564,563,-93.538547410000007,44.065530769999995,1156.337677001999964
565,564,-93.538547410000007,44.065492169999999,1157.735961913999972
566,565,-93.538547410000007,44.065453569999981,1158.430389403999925
567,566,-93.538547410000007,44.065414969999992,1158.024993896000069
568,567,-93.538547410000007,44.065376369999996,1157.422637938999969
569,568,-93.538547410000007,44.065337769999999,1156.791137695000089
570,569,-93.538547410000007,44.065299169999989,1156.213897704999908
571,570,-93.538547410000007,44.065260569999992,1155.603271484000061
572,571,-93.538547410000007,44.065221970000003,1155.030517577999944
573,572,-93.538547410000007,44.065183370000000,1154.626770020000095
574,573,-93.538547410000007,44.065144769999989,1154.142822265999939
575,574,-93.538547410000007,44.065106169999993,1153.615631103999931
576,575,-93.538547410000007,44.065067569999997,1153.144348145000095
577,576,-93.538547410000007,44.065028970000000,1152.674011229999905
578,577,-93.538547410000007,44.064990369999990,1152.267761229999905
579,578,-93.538547410000007,44.064951769999986,1151.852081299000019
580,579,-93.538547410000007,44.064913169999997,1151.382232665999936
581,580,-93.538508809999996,44.065646569999991,1156.540557861000025
582,581,-93.538508809999996,44.065607969999988,1155.718231200999981
583,582,-93.538508809999996,44.065569369999992,1155.455657959000064
584,583,-93.538508809999996,44.065530769999995,1156.428405762000011
585,584,-93.538508809999996,44.065492169999999,1157.538269042999900
586,585,-93.538508809999996,44.065453569999981,1158.196899413999972
587,586,-93.538508809999996,44.065414969999992,1157.844909667999900
588,587,-93.538508809999996,44.065376369999996,1157.189544677999947
589,588,-93.538508809999996,44.065337769999999,1156.558227538999972
590,589,-93.538508809999996,44.065299169999989,1155.934082030999889
591,590,-93.538508809999996,44.065260569999992,1155.304565429999911
592,591,-93.538508809999996,44.065221970000003,1154.700134276999961
593,592,-93.538508809999996,44.065183370000000,1154.305664062000005
594,593,-93.538508809999996,44.065144769999989,1153.860687255999892
595,594,-93.538508809999996,44.065106169999993,1153.336730957000100
596,595,-93.538508809999996,44.065067569999997,1152.877685547000056
597,596,-93.538508809999996,44.065028970000000,1152.412445067999897
598,597,-93.538508809999996,44.064990369999990,1152.007019042999900
599,598,-93.538508809999996,44.064951769999986,1151.585632324000017
600,599,-93.538508809999996,44.064913169999997,1151.123809813999969
601,600,-93.538470209999986,44.065646569999991,1156.635620116999917
602,601,-93.538470209999986,44.065607969999988,1155.752990723000039
603,602,-93.538470209999986,44.065569369999992,1155.369140625000000
604,603,-93.538470209999986,44.065530769999995,1156.264312744000108
605,604,-93.538470209999986,44.065492169999999,1157.479583739999953
606,605,-93.538470209999986,44.065453569999981,1158.099639892999903
607,606,-93.538470209999986,44.065414969999992,1157.666870116999917
608,607,-93.538470209999986,44.065376369999996,1157.008789062000005
609,608,-93.538470209999986,44.065337769999999,1156.357269287000008
610,609,-93.538470209999986,44.065299169999989,1155.693572998000036
611,610,-93.538470209999986,44.065260569999992,1155.068603515999939
612,611,-93.538470209999986,44.065221970000003,1154.464141846000075
613,612,-93.538470209999986,44.065183370000000,1154.043151854999905
614,613,-93.538470209999986,44.065144769999989,1153.610778809000067
615,614,-93.538470209999986,44.065106169999993,1153.067443848000039
616,615,-93.538470209999986,44.065067569999997,1152.618469237999989
617,616,-93.538470209999986,44.065028970000000,1152.176483153999925
618,617,-93.538470209999986,44.064990369999990,1151.774230957000100
619,618,-93.538470209999986,44.064951769999986,1151.333679199000017
620,619,-93.538470209999986,44.064913169999997,1150.908996582000100
621,620,-93.538431610000004,44.065646569999991,1156.692871094000111
622,621,-93.538431610000004,44.065607969999988,1155.867401123000036
623,622,-93.538431610000004,44.065569369999992,1155.310058594000111
624,623,-93.538431610000004,44.065530769999995,1156.115173339999956
625,624,-93.538431610000004,44.065492169999999,1157.449645996000072
626,625,-93.538431610000004,44.065453569999981,1158.096527100000003
627,626,-93.538431610000004,44.065414969999992,1157.468353271000069
628,627,-93.538431610000004,44.065376369999996,1156.831756591999920
629,628,-93.538431610000004,44.065337769999999,1156.117584228999931
630,629,-93.538431610000004,44.065299169999989,1155.445220947000053
631,630,-93.538431610000004,44.065260569999992,1154.759094237999989
632,631,-93.538431610000004,44.065221970000003,1154.166259765999939
633,632,-93.538431610000004,44.065183370000000,1153.726684570000089
634,633,-93.538431610000004,44.065144769999989,1153.263153075999981
635,634,-93.538431610000004,44.065106169999993,1152.780364989999953
636,635,-93.538431610000004,44.065067569999997,1152.271362304999911
637,636,-93.538431610000004,44.065028970000000,1151.842376709000064
638,637,-93.538431610000004,44.064990369999990,1151.445739746000072
639,638,-93.538431610000004,44.064951769999986,1151.007873535000044
640,639,-93.538431610000004,44.064913169999997,1150.608978271000069
641,640,-93.538393009999993,44.065646569999991,1156.816925049000019
642,641,-93.538393009999993,44.065607969999988,1156.036163329999908
643,642,-93.538393009999993,44.065569369999992,1155.594696045000092
644,643,-93.538393009999993,44.065530769999995,1156.356384276999961
645,644,-93.538393009999993,44.065492169999999,1157.241394042999900
646,645,-93.538393009999993,44.065453569999981,1157.854187012000011
647,646,-93.538393009999993,44.065414969999992,1157.431915283000080
648,647,-93.538393009999993,44.065376369999996,1156.663818359000061
649,648,-93.538393009999993,44.065337769999999,1155.933624267999903
650,649,-93.538393009999993,44.065299169999989,1155.223571776999961
651,650,-93.538393009999993,44.065260569999992,1154.558837890999939
652,651,-93.538393009999993,44.065221970000003,1153.882904052999947
653,652,-93.538393009999993,44.065183370000000,1153.406494140999939
654,653,-93.538393009999993,44.065144769999989,1153.027984619000108
655,654,-93.538393009999993,44.065106169999993,1152.449707030999889
656,655,-93.538393009999993,44.065067569999997,1151.959289550999983
657,656,-93.538393009999993,44.065028970000000,1151.507324219000111
658,657,-93.538393009999993,44.064990369999990,1151.077941895000095
659,658,-93.538393009999993,44.064951769999986,1150.675781250000000
660,659,-93.538393009999993,44.064913169999997,1150.248260498000036
661,660,-93.538354409999982,44.065646569999991,1156.872344971000075
662,661,-93.538354409999982,44.065607969999988,1156.218811035000044
663,662,-93.538354409999982,44.065569369999992,1155.663665771000069
664,663,-93.538354409999982,44.065530769999995,1156.455474853999931
665,664,-93.538354409999982,44.065492169999999,1157.561553954999908
666,665,-93.538354409999982,44.065453569999981,1157.961944579999908
667,666,-93.538354409999982,44.065414969999992,1157.412506103999931
668,667,-93.538354409999982,44.065376369999996,1156.691558837999992
669,668,-93.538354409999982,44.065337769999999,1155.919250487999989
670,669,-93.538354409999982,44.065299169999989,1155.221740723000039
671,670,-93.538354409999982,44.065260569999992,1154.526123047000056
672,671,-93.538354409999982,44.065221970000003,1153.818511962999992
673,672,-93.538354409999982,44.065183370000000,1153.367736815999933
674,673,-93.538354409999982,44.065144769999989,1152.920928954999908
675,674,-93.538354409999982,44.065106169999993,1152.351684570000089
676,675,-93.538354409999982,44.065067569999997,1151.836059570000089
677,676,-93.538354409999982,44.065028970000000,1151.357727050999983
678,677,-93.538354409999982,44.064990369999990,1150.941162109000061
679,678,-93.538354409999982,44.064951769999986,1150.534912109000061
680,679,-93.538354409999982,44.064913169999997,1150.131988524999997
681,680,-93.538315810000000,44.065646569999991,1156.956817626999964
682,681,-93.538315810000000,44.065607969999988,1156.416687012000011
683,682,-93.538315810000000,44.065569369999992,1156.016082763999975
684,683,-93.538315810000000,44.065530769999995,1156.710327148000033
685,684,-93.538315810000000,44.065492169999999,1157.946868896000069
686,685,-93.538315810000000,44.065453569999981,1158.187683104999905
687,686,-93.538315810000000,44.065414969999992,1157.544250487999989
688,687,-93.538315810000000,44.065376369999996,1156.828674315999933
689,688,-93.538315810000000,44.065337769999999,1156.118194579999908
690,689,-93.538315810000000,44.065299169999989,1155.360839844000111
691,690,-93.538315810000000,44.065260569999992,1154.679077148000033
692,691,-93.538315810000000,44.065221970000003,1153.997833251999964
693,692,-93.538315810000000,44.065183370000000,1153.529113770000095
694,693,-93.538315810000000,44.065144769999989,1153.020446776999961
695,694,-93.538315810000000,44.065106169999993,1152.435424804999911
696,695,-93.538315810000000,44.065067569999997,1151.891143799000019
697,696,-93.538315810000000,44.065028970000000,1151.424102783000080
698,697,-93.538315810000000,44.064990369999990,1150.977386475000003
699,698,-93.538315810000000,44.064951769999986,1150.560607910000044
700,699,-93.538315810000000,44.064913169999997,1150.155120850000003
701,700,-93.538277210000004,44.065646569999991,1157.074279785000044
702,701,-93.538277210000004,44.065607969999988,1156.325531005999892
703,702,-93.538277210000004,44.065569369999992,1155.924163817999897
704,703,-93.538277210000004,44.065530769999995,1156.935729979999905
705,704,-93.538277210000004,44.065492169999999,1157.778198241999917
706,705,-93.538277210000004,44.065453569999981,1158.153167725000003
707,706,-93.538277210000004,44.065414969999992,1157.762176513999975
708,707,-93.538277210000004,44.065376369999996,1157.040924072000053
709,708,-93.538277210000004,44.065337769999999,1156.326599121000072
710,709,-93.538277210000004,44.065299169999989,1155.638214111000025
711,710,-93.538277210000004,44.065260569999992,1154.924713135000047
712,711,-93.538277210000004,44.065221970000003,1154.256134033000080
713,712,-93.538277210000004,44.065183370000000,1153.724731445000089
714,713,-93.538277210000004,44.065144769999989,1153.236724853999931
715,714,-93.538277210000004,44.065106169999993,1152.613647461000028
716,715,-93.538277210000004,44.065067569999997,1152.077087401999961
717,716,-93.538277210000004,44.065028970000000,1151.563934325999981
718,717,-93.538277210000004,44.064990369999990,1151.086883545000092
719,718,-93.538277210000004,44.064951769999986,1150.648864746000072
720,719,-93.538277210000004,44.064913169999997,1150.236022949000017
721,720,-93.538238610000008,44.065646569999991,1157.173492432000103
722,721,-93.538238610000008,44.065607969999988,1156.465332030999889
723,722,-93.538238610000008,44.065569369999992,1155.943359375000000
724,723,-93.538238610000008,44.065530769999995,1156.908294677999947
725,724,-93.538238610000008,44.065492169999999,1157.830413817999897
726,725,-93.538238610000008,44.065453569999981,1158.267486572000053
727,726,-93.538238610000008,44.065414969999992,1157.738494873000036
728,727,-93.538238610000008,44.065376369999996,1157.099090575999981
729,728,-93.538238610000008,44.065337769999999,1156.431152344000111
730,729,-93.538238610000008,44.065299169999989,1155.774719237999989
731,730,-93.538238610000008,44.065260569999992,1155.079498290999936
732,731,-93.538238610000008,44.065221970000003,1154.393920898000033
733,732,-93.538238610000008,44.065183370000000,1153.883300780999889
734,733,-93.538238610000008,44.065144769999989,1153.365936278999925
735,734,-93.538238610000008,44.065106169999993,1152.737792969000111
736,735,-93.538238610000008,44.065067569999997,1152.179840087999992
737,736,-93.538238610000008,44.065028970000000,1151.657562255999892
738,737,-93.538238610000008,44.064990369999990,1151.148803711000028
739,738,-93.538238610000008,44.064951769999986,1150.664672851999967
740,739,-93.538238610000008,44.064913169999997,1150.236358642999903
741,740,-93.538200009999997,44.065646569999991,1157.359924315999933
742,741,-93.538200009999997,44.065607969999988,1156.353210449000017
743,742,-93.538200009999997,44.065569369999992,1156.015747070000089
744,743,-93.538200009999997,44.065530769999995,1156.736022949000017
745,744,-93.538200009999997,44.065492169999999,1157.906311035000044
746,745,-93.538200009999997,44.065453569999981,1158.151428223000039
747,746,-93.538200009999997,44.065414969999992,1157.626586913999972
748,747,-93.538200009999997,44.065376369999996,1157.001525878999928
749,748,-93.538200009999997,44.065337769999999,1156.391723633000083
750,749,-93.538200009999997,44.065299169999989,1155.693176270000095
751,750,-93.538200009999997,44.065260569999992,1155.044372559000067
752,751,-93.538200009999997,44.065221970000003,1154.334594726999967
753,752,-93.538200009999997,44.065183370000000,1153.793090820000089
754,753,-93.538200009999997,44.065144769999989,1153.317138672000056
755,754,-93.538200009999997,44.065106169999993,1152.675292969000111
756,755,-93.538200009999997,44.065067569999997,1152.092346190999933
757,756,-93.538200009999997,44.065028970000000,1151.546936035000044
758,757,-93.538200009999997,44.064990369999990,1151.039672851999967
759,758,-93.538200009999997,44.064951769999986,1150.560485839999956
760,759,-93.538200009999997,44.064913169999997,1150.097106934000067
761,760,-93.538161409999987,44.065646569999991,1157.260314940999933
762,761,-93.538161409999987,44.065607969999988,1156.450561523000033
763,762,-93.538161409999987,44.065569369999992,1155.974365234000061
764,763,-93.538161409999987,44.065530769999995,1156.669250487999989
765,764,-93.538161409999987,44.065492169999999,1157.688507079999908
766,765,-93.538161409999987,44.065453569999981,1158.000549315999933
767,766,-93.538161409999987,44.065414969999992,1157.541717528999925
768,767,-93.538161409999987,44.065376369999996,1156.947448729999905
769,768,-93.538161409999987,44.065337769999999,1156.309936523000033
770,769,-93.538161409999987,44.065299169999989,1155.658172607000097
771,770,-93.538161409999987,44.065260569999992,1154.994720459000064
772,771,-93.538161409999987,44.065221970000003,1154.287322998000036
773,772,-93.538161409999987,44.065183370000000,1153.774169922000056
774,773,-93.538161409999987,44.065144769999989,1153.235473633000083
775,774,-93.538161409999987,44.065106169999993,1152.615966797000056
776,775,-93.538161409999987,44.065067569999997,1152.022674561000031
777,776,-93.538161409999987,44.065028970000000,1151.480621337999992
778,777,-93.538161409999987,44.064990369999990,1150.970977783000080
779,778,-93.538161409999987,44.064951769999986,1150.473114013999975
780,779,-93.538161409999987,44.064913169999997,1150.028198241999917
781,780,-93.538122809999990,44.065646569999991,1157.233184813999969
782,781,-93.538122809999990,44.065607969999988,1156.524322510000047
783,782,-93.538122809999990,44.065569369999992,1156.307830811000031
784,783,-93.538122809999990,44.065530769999995,1156.906585692999897
785,784,-93.538122809999990,44.065492169999999,1158.050994873000036
786,785,-93.538122809999990,44.065453569999981,1158.264862061000031
787,786,-93.538122809999990,44.065414969999992,1157.807098388999975
788,787,-93.538122809999990,44.065376369999996,1157.206878662000008
789,788,-93.538122809999990,44.065337769999999,1156.527435302999947
790,789,-93.538122809999990,44.065299169999989,1155.891113280999889
791,790,-93.538122809999990,44.065260569999992,1155.219329834000064
792,791,-93.538122809999990,44.065221970000003,1154.539550780999889
793,792,-93.538122809999990,44.065183370000000,1154.006896973000039
794,793,-93.538122809999990,44.065144769999989,1153.493499755999892
795,794,-93.538122809999990,44.065106169999993,1152.817382812000005
796,795,-93.538122809999990,44.065067569999997,1152.211883545000092
797,796,-93.538122809999990,44.065028970000000,1151.701873778999925
798,797,-93.538122809999990,44.064990369999990,1151.166870116999917
799,798,-93.538122809999990,44.064951769999986,1150.678833008000083
800,799,-93.538122809999990,44.064913169999997,1150.231842040999936
801,800,-93.538084209999980,44.065646569999991,1157.322875976999967
802,801,-93.538084209999980,44.065607969999988,1156.709411621000072
803,802,-93.538084209999980,44.065569369999992,1156.328369140999939
804,803,-93.538084209999980,44.065530769999995,1157.380035399999997
805,804,-93.538084209999980,44.065492169999999,1158.217041015999939
806,805,-93.538084209999980,44.065453569999981,1158.716278075999981
807,806,-93.538084209999980,44.065414969999992,1158.208374023000033
808,807,-93.538084209999980,44.065376369999996,1157.622192383000083
809,808,-93.538084209999980,44.065337769999999,1157.009521484000061
810,809,-93.538084209999980,44.065299169999989,1156.328948975000003
811,810,-93.538084209999980,44.065260569999992,1155.657165526999961
812,811,-93.538084209999980,44.065221970000003,1154.987731934000067
813,812,-93.538084209999980,44.065183370000000,1154.498046875000000
814,813,-93.538084209999980,44.065144769999989,1153.952728271000069
815,814,-93.538084209999980,44.065106169999993,1153.235198975000003
816,815,-93.538084209999980,44.065067569999997,1152.657409667999900
817,816,-93.538084209999980,44.065028970000000,1152.126556396000069
818,817,-93.538084209999980,44.064990369999990,1151.620025635000047
819,818,-93.538084209999980,44.064951769999986,1151.108917236000025
820,819,-93.538084209999980,44.064913169999997,1150.573394774999997
821,820,-93.538045609999983,44.065646569999991,1157.418579101999967
822,821,-93.538045609999983,44.065607969999988,1156.747314452999944
823,822,-93.538045609999983,44.065569369999992,1156.421295165999936
824,823,-93.538045609999983,44.065530769999995,1157.322357177999947
825,824,-93.538045609999983,44.065492169999999,1158.481384276999961
826,825,-93.538045609999983,44.065453569999981,1158.960540771000069
827,826,-93.538045609999983,44.065414969999992,1158.543823241999917
828,827,-93.538045609999983,44.065376369999996,1157.986602783000080
829,828,-93.538045609999983,44.065337769999999,1157.372711182000103
830,829,-93.538045609999983,44.065299169999989,1156.746185302999947
831,830,-93.538045609999983,44.065260569999992,1156.064880371000072
832,831,-93.538045609999983,44.065221970000003,1155.385162353999931
833,832,-93.538045609999983,44.065183370000000,1154.802917479999905
834,833,-93.538045609999983,44.065144769999989,1154.333526611000025
835,834,-93.538045609999983,44.065106169999993,1153.647277832000100
836,835,-93.538045609999983,44.065067569999997,1153.009155273000033
837,836,-93.538045609999983,44.065028970000000,1152.486358642999903
838,837,-93.538045609999983,44.064990369999990,1151.961547851999967
839,838,-93.538045609999983,44.064951769999986,1151.432891846000075
840,839,-93.538045609999983,44.064913169999997,1150.907104491999917
841,840,-93.538007010000001,44.065646569999991,1157.534484862999989
842,841,-93.538007010000001,44.065607969999988,1156.619537353999931
843,842,-93.538007010000001,44.065569369999992,1156.200225829999908
844,843,-93.538007010000001,44.065530769999995,1157.142425537000008
845,844,-93.538007010000001,44.065492169999999,1158.396972655999889
846,845,-93.538007010000001,44.065453569999981,1158.995544434000067
847,846,-93.538007010000001,44.065414969999992,1158.622894287000008
848,847,-93.538007010000001,44.065376369999996,1158.100494385000047
849,848,-93.538007010000001,44.065337769999999,1157.522399901999961
850,849,-93.538007010000001,44.065299169999989,1156.888397216999920
851,850,-93.538007010000001,44.065260569999992,1156.187896728999931
852,851,-93.538007010000001,44.065221970000003,1155.473693848000039
853,852,-93.538007010000001,44.065183370000000,1154.946960449000017
854,853,-93.538007010000001,44.065144769999989,1154.378204346000075
855,854,-93.538007010000001,44.065106169999993,1153.724029540999936
856,855,-93.538007010000001,44.065067569999997,1153.098999023000033
857,856,-93.538007010000001,44.065028970000000,1152.533294677999947
858,857,-93.538007010000001,44.064990369999990,1151.999816895000095
859,858,-93.538007010000001,44.064951769999986,1151.475402832000100
860,859,-93.538007010000001,44.064913169999997,1150.982635498000036
861,860,-93.537968409999991,44.065646569999991,1157.653686523000033
862,861,-93.537968409999991,44.065607969999988,1156.702575684000067
863,862,-93.537968409999991,44.065569369999992,1156.122802734000061
864,863,-93.537968409999991,44.065530769999995,1157.152282714999956
865,864,-93.537968409999991,44.065492169999999,1158.665405273000033
866,865,-93.537968409999991,44.065453569999981,1159.227996825999981
867,866,-93.537968409999991,44.065414969999992,1158.879028320000089
868,867,-93.537968409999991,44.065376369999996,1158.333068848000039
869,868,-93.537968409999991,44.065337769999999,1157.738830565999933
870,869,-93.537968409999991,44.065299169999989,1157.100189209000064
871,870,-93.537968409999991,44.065260569999992,1156.381683350000003
872,871,-93.537968409999991,44.065221970000003,1155.640838623000036
873,872,-93.537968409999991,44.065183370000000,1155.124206542999900
874,873,-93.537968409999991,44.065144769999989,1154.585327148000033
875,874,-93.537968409999991,44.065106169999993,1153.858184813999969
876,875,-93.537968409999991,44.065067569999997,1153.265869140999939
877,876,-93.537968409999991,44.065028970000000,1152.647827148000033
878,877,-93.537968409999991,44.064990369999990,1152.102935790999936
879,878,-93.537968409999991,44.064951769999986,1151.582183837999992
880,879,-93.537968409999991,44.064913169999997,1151.064636229999905
881,880,-93.537929810000009,44.065646569999991,1157.685668945000089
882,881,-93.537929810000009,44.065607969999988,1156.869232177999947
883,882,-93.537929810000009,44.065569369999992,1156.324340820000089
884,883,-93.537929810000009,44.065530769999995,1157.438537598000039
885,884,-93.537929810000009,44.065492169999999,1158.718750000000000
886,885,-93.537929810000009,44.065453569999981,1159.463134765999939
887,886,-93.537929810000009,44.065414969999992,1159.201019287000008
888,887,-93.537929810000009,44.065376369999996,1158.684692383000083
889,888,-93.537929810000009,44.065337769999999,1158.084228515999939
890,889,-93.537929810000009,44.065299169999989,1157.421020508000083
891,890,-93.537929810000009,44.065260569999992,1156.700103760000047
892,891,-93.537929810000009,44.065221970000003,1155.961029052999947
893,892,-93.537929810000009,44.065183370000000,1155.438598633000083
894,893,-93.537929810000009,44.065144769999989,1154.862762450999981
895,894,-93.537929810000009,44.065106169999993,1154.179077148000033
896,895,-93.537929810000009,44.065067569999997,1153.517669677999947
897,896,-93.537929810000009,44.065028970000000,1152.886779785000044
898,897,-93.537929810000009,44.064990369999990,1152.321258545000092
899,898,-93.537929810000009,44.064951769999986,1151.781127929999911
900,899,-93.537929810000009,44.064913169999997,1151.256042479999905
901,900,-93.537891209999998,44.065646569999991,1157.794738770000095
902,901,-93.537891209999998,44.065607969999988,1157.023498535000044
903,902,-93.537891209999998,44.065569369999992,1156.577148437999995
904,903,-93.537891209999998,44.065530769999995,1157.731475829999908
905,904,-93.537891209999998,44.065492169999999,1159.022583008000083
906,905,-93.537891209999998,44.065453569999981,1159.741210937999995
907,906,-93.537891209999998,44.065414969999992,1159.472961425999983
908,907,-93.537891209999998,44.065376369999996,1158.928588866999917
909,908,-93.537891209999998,44.065337769999999,1158.337829589999956
910,909,-93.537891209999998,44.065299169999989,1157.685333251999964
911,910,-93.537891209999998,44.065260569999992,1156.938232422000056
912,911,-93.537891209999998,44.065221970000003,1156.176818848000039
913,912,-93.537891209999998,44.065183370000000,1155.685241699000017
914,913,-93.537891209999998,44.065144769999989,1155.114074707000100
915,914,-93.537891209999998,44.065106169999993,1154.379577637000011
916,915,-93.537891209999998,44.065067569999997,1153.683471679999911
917,916,-93.537891209999998,44.065028970000000,1153.047210692999897
918,917,-93.537891209999998,44.064990369999990,1152.432067871000072
919,918,-93.537891209999998,44.064951769999986,1151.930297851999967
920,919,-93.537891209999998,44.064913169999997,1151.397949219000111
921,920,-93.537852609999987,44.065646569999991,1157.768371582000100
922,921,-93.537852609999987,44.065607969999988,1157.095550537000008
923,922,-93.537852609999987,44.065569369999992,1156.626495361000025
924,923,-93.537852609999987,44.065530769999995,1157.952972412000008
925,924,-93.537852609999987,44.065492169999999,1159.376129149999997
926,925,-93.537852609999987,44.065453569999981,1159.978790283000080
927,926,-93.537852609999987,44.065414969999992,1159.567993163999972
928,927,-93.537852609999987,44.065376369999996,1159.004577637000011
929,928,-93.537852609999987,44.065337769999999,1158.388916015999939
930,929,-93.537852609999987,44.065299169999989,1157.699462890999939
931,930,-93.537852609999987,44.065260569999992,1156.965393065999933
932,931,-93.537852609999987,44.065221970000003,1156.235229491999917
933,932,-93.537852609999987,44.065183370000000,1155.670104979999905
934,933,-93.537852609999987,44.065144769999989,1155.100341797000056
935,934,-93.537852609999987,44.065106169999993,1154.362579346000075
936,935,-93.537852609999987,44.065067569999997,1153.659484862999989
937,936,-93.537852609999987,44.065028970000000,1152.990112304999911
938,937,-93.537852609999987,44.064990369999990,1152.413940429999911
939,938,-93.537852609999987,44.064951769999986,1151.848236084000064
940,939,-93.537852609999987,44.064913169999997,1151.351623535000044
941,940,-93.537814010000005,44.065646569999991,1157.680175780999889
942,941,-93.537814010000005,44.065607969999988,1157.009918212999992
943,942,-93.537814010000005,44.065569369999992,1156.761749267999903
944,943,-93.537814010000005,44.065530769999995,1157.944152832000100
945,944,-93.537814010000005,44.065492169999999,1159.183837890999939
946,945,-93.537814010000005,44.065453569999981,1159.643859862999989
947,946,-93.537814010000005,44.065414969999992,1159.436431885000047
948,947,-93.537814010000005,44.065376369999996,1158.847076415999936
949,948,-93.537814010000005,44.065337769999999,1158.218200684000067
950,949,-93.537814010000005,44.065299169999989,1157.534179687999995
951,950,-93.537814010000005,44.065260569999992,1156.806274413999972
952,951,-93.537814010000005,44.065221970000003,1156.067138672000056
953,952,-93.537814010000005,44.065183370000000,1155.466918945000089
954,953,-93.537814010000005,44.065144769999989,1154.926635741999917
955,954,-93.537814010000005,44.065106169999993,1154.188659667999900
956,955,-93.537814010000005,44.065067569999997,1153.489166260000047
957,956,-93.537814010000005,44.065028970000000,1152.867156982000097
958,957,-93.537814010000005,44.064990369999990,1152.266143799000019
959,958,-93.537814010000005,44.064951769999986,1151.707702637000011
960,959,-93.537814010000005,44.064913169999997,1151.295806885000047
961,960,-93.537775409999995,44.065646569999991,1157.559448241999917
962,961,-93.537775409999995,44.065607969999988,1156.850006103999931
963,962,-93.537775409999995,44.065569369999992,1156.354217528999925
964,963,-93.537775409999995,44.065530769999995,1157.539062500000000
965,964,-93.537775409999995,44.065492169999999,1158.779083251999964
966,965,-93.537775409999995,44.065453569999981,1159.429870604999905
967,966,-93.537775409999995,44.065414969999992,1159.196655273000033
968,967,-93.537775409999995,44.065376369999996,1158.596069336000028
969,968,-93.537775409999995,44.065337769999999,1157.993255614999953
970,969,-93.537775409999995,44.065299169999989,1157.312744140999939
971,970,-93.537775409999995,44.065260569999992,1156.579284667999900
972,971,-93.537775409999995,44.065221970000003,1155.839263915999936
973,972,-93.537775409999995,44.065183370000000,1155.298278809000067
974,973,-93.537775409999995,44.065144769999989,1154.772308350000003
975,974,-93.537775409999995,44.065106169999993,1154.053527832000100
976,975,-93.537775409999995,44.065067569999997,1153.360656737999989
977,976,-93.537775409999995,44.065028970000000,1152.757507324000017
978,977,-93.537775409999995,44.064990369999990,1152.213958739999953
979,978,-93.537775409999995,44.064951769999986,1151.709747313999969
980,979,-93.537775409999995,44.064913169999997,1151.259857177999947
981,980,-93.537736809999998,44.065646569999991,1157.384399413999972
982,981,-93.537736809999998,44.065607969999988,1156.581878662000008
983,982,-93.537736809999998,44.065569369999992,1156.374633788999972
984,983,-93.537736809999998,44.065530769999995,1157.273620604999905
985,984,-93.537736809999998,44.065492169999999,1158.735748290999936
986,985,-93.537736809999998,44.065453569999981,1159.382476807000103
987,986,-93.537736809999998,44.065414969999992,1158.940124512000011
988,987,-93.537736809999998,44.065376369999996,1158.402557373000036
989,988,-93.537736809999998,44.065337769999999,1157.781707763999975
990,989,-93.537736809999998,44.065299169999989,1157.107604979999905
991,990,-93.537736809999998,44.065260569999992,1156.409301758000083
992,991,-93.537736809999998,44.065221970000003,1155.709716797000056
993,992,-93.537736809999998,44.065183370000000,1155.200439452999944
994,993,-93.537736809999998,44.065144769999989,1154.674652100000003
995,994,-93.537736809999998,44.065106169999993,1154.002929687999995
996,995,-93.537736809999998,44.065067569999997,1153.383178711000028
997,996,-93.537736809999998,44.065028970000000,1152.784423827999944
998,997,-93.537736809999998,44.064990369999990,1152.221313476999967
999,998,-93.537736809999998,44.064951769999986,1151.767639160000044
1000,999,-93.537736809999998,44.064913169999997,1151.290283202999944
1001,1000,-93.537698210000002,44.065646569999991,1157.193878174000019
1002,1001,-93.537698210000002,44.065607969999988,1156.500518799000019
1003,1002,-93.537698210000002,44.065569369999992,1156.012664795000092
1004,1003,-93.537698210000002,44.065530769999995,1156.868988037000008
1005,1004,-93.537698210000002,44.065492169999999,1157.644592285000044
1006,1005,-93.537698210000002,44.065453569999981,1157.959106445000089
1007,1006,-93.537698210000002,44.065414969999992,1157.762695312000005
1008,1007,-93.537698210000002,44.065376369999996,1157.305572510000047
1009,1008,-93.537698210000002,44.065337769999999,1156.653564452999944
1010,1009,-93.537698210000002,44.065299169999989,1155.990081787000008
1011,1010,-93.537698210000002,44.065260569999992,1155.290313721000075
1012,1011,-93.537698210000002,44.065221970000003,1154.617126464999956
1013,1012,-93.537698210000002,44.065183370000000,1154.195068359000061
1014,1013,-93.537698210000002,44.065144769999989,1153.618072510000047
1015,1014,-93.537698210000002,44.065106169999993,1152.998779297000056
1016,1015,-93.537698210000002,44.065067569999997,1152.425720214999956
1017,1016,-93.537698210000002,44.065028970000000,1151.811340332000100
1018,1017,-93.537698210000002,44.064990369999990,1151.213195800999983
1019,1018,-93.537698210000002,44.064951769999986,1150.704132079999908
1020,1019,-93.537698210000002,44.064913169999997,1150.259948729999905
1021,1020,-93.537659609999992,44.065646569999991,1157.022277832000100
1022,1021,-93.537659609999992,44.065607969999988,1156.312988280999889
1023,1022,-93.537659609999992,44.065569369999992,1155.695312500000000
1024,1023,-93.537659609999992,44.065530769999995,1156.019226074000017
1025,1024,-93.537659609999992,44.065492169999999,1156.548156737999989
1026,1025,-93.537659609999992,44.065453569999981,1156.432617187999995
1027,1026,-93.537659609999992,44.065414969999992,1156.483154297000056
1028,1027,-93.537659609999992,44.065376369999996,1155.673400878999928
1029,1028,-93.537659609999992,44.065337769999999,1155.112854003999928
1030,1029,-93.537659609999992,44.065299169999989,1154.460205077999944
1031,1030,-93.537659609999992,44.065260569999992,1153.923889160000044
1032,1031,-93.537659609999992,44.065221970000003,1153.133117675999983
1033,1032,-93.537659609999992,44.065183370000000,1152.679931640999939
1034,1033,-93.537659609999992,44.065144769999989,1152.164733887000011
1035,1034,-93.537659609999992,44.065106169999993,1151.627014160000044
1036,1035,-93.537659609999992,44.065067569999997,1150.889465332000100
1037,1036,-93.537659609999992,44.065028970000000,1150.263122559000067
1038,1037,-93.537659609999992,44.064990369999990,1149.721679687999995
1039,1038,-93.537659609999992,44.064951769999986,1149.174682616999917
1040,1039,-93.537659609999992,44.064913169999997,1148.770141601999967
1041,1040,-93.537621009999995,44.065646569999991,1156.835388184000067
1042,1041,-93.537621009999995,44.065607969999988,1155.956726074000017
1043,1042,-93.537621009999995,44.065569369999992,1155.326080322000053
1044,1043,-93.537621009999995,44.065530769999995,1155.325805663999972
1045,1044,-93.537621009999995,44.065492169999999,1155.230682373000036
1046,1045,-93.537621009999995,44.065453569999981,1154.869323729999905
1047,1046,-93.537621009999995,44.065414969999992,1154.444274901999961
1048,1047,-93.537621009999995,44.065376369999996,1154.045104979999905
1049,1048,-93.537621009999995,44.065337769999999,1153.280212401999961
1050,1049,-93.537621009999995,44.065299169999989,1152.667053223000039
1051,1050,-93.537621009999995,44.065260569999992,1152.080139160000044
1052,1051,-93.537621009999995,44.065221970000003,1151.455780028999925
1053,1052,-93.537621009999995,44.065183370000000,1150.882812500000000
1054,1053,-93.537621009999995,44.065144769999989,1150.431640625000000
1055,1054,-93.537621009999995,44.065106169999993,1149.794586182000103
1056,1055,-93.537621009999995,44.065067569999997,1149.261474609000061
1057,1056,-93.537621009999995,44.065028970000000,1148.701843262000011
1058,1057,-93.537621009999995,44.064990369999990,1148.115905762000011
1059,1058,-93.537621009999995,44.064951769999986,1147.703735351999967
1060,1059,-93.537621009999995,44.064913169999997,1147.417297362999989
1061,1060,-93.537582409999985,44.065646569999991,1156.619415283000080
1062,1061,-93.537582409999985,44.065607969999988,1155.719024658000080
1063,1062,-93.537582409999985,44.065569369999992,1154.942382812000005
1064,1063,-93.537582409999985,44.065530769999995,1154.470153809000067
1065,1064,-93.537582409999985,44.065492169999999,1153.841308594000111
1066,1065,-93.537582409999985,44.065453569999981,1153.034301758000083
1067,1066,-93.537582409999985,44.065414969999992,1152.549713135000047
1068,1067,-93.537582409999985,44.065376369999996,1152.072998047000056
1069,1068,-93.537582409999985,44.065337769999999,1151.571990966999920
1070,1069,-93.537582409999985,44.065299169999989,1150.801666260000047
1071,1070,-93.537582409999985,44.065260569999992,1150.389801024999997
1072,1071,-93.537582409999985,44.065221970000003,1149.669036864999953
1073,1072,-93.537582409999985,44.065183370000000,1149.285705565999933
1074,1073,-93.537582409999985,44.065144769999989,1148.690490723000039
1075,1074,-93.537582409999985,44.065106169999993,1148.206115723000039
1076,1075,-93.537582409999985,44.065067569999997,1147.677520751999964
1077,1076,-93.537582409999985,44.065028970000000,1147.285369873000036
1078,1077,-93.537582409999985,44.064990369999990,1146.778717040999936
1079,1078,-93.537582409999985,44.064951769999986,1146.439575195000089
1080,1079,-93.537582409999985,44.064913169999997,1146.087280273000033
1081,1080,-93.537543809999988,44.065646569999991,1156.436218262000011
1082,1081,-93.537543809999988,44.065607969999988,1155.543121337999992
1083,1082,-93.537543809999988,44.065569369999992,1154.737060547000056
1084,1083,-93.537543809999988,44.065530769999995,1154.072570800999983
1085,1084,-93.537543809999988,44.065492169999999,1153.300964354999905
1086,1085,-93.537543809999988,44.065453569999981,1152.479400635000047
1087,1086,-93.537543809999988,44.065414969999992,1152.020935059000067
1088,1087,-93.537543809999988,44.065376369999996,1151.520599364999953
1089,1088,-93.537543809999988,44.065337769999999,1150.938140869000108
1090,1089,-93.537543809999988,44.065299169999989,1150.372711182000103
1091,1090,-93.537543809999988,44.065260569999992,1149.774993896000069
1092,1091,-93.537543809999988,44.065221970000003,1149.151947021000069
1093,1092,-93.537543809999988,44.065183370000000,1148.745788574000017
1094,1093,-93.537543809999988,44.065144769999989,1148.319580077999944
1095,1094,-93.537543809999988,44.065106169999993,1147.864410399999997
1096,1095,-93.537543809999988,44.065067569999997,1147.412261962999992
1097,1096,-93.537543809999988,44.065028970000000,1147.030609130999892
1098,1097,-93.537543809999988,44.064990369999990,1146.643127440999933
1099,1098,-93.537543809999988,44.064951769999986,1146.290191649999997
1100,1099,-93.537543809999988,44.064913169999997,1145.968322753999928
1101,1100,-93.537505210000006,44.065646569999991,1156.298675537000008
1102,1101,-93.537505210000006,44.065607969999988,1155.367675780999889
1103,1102,-93.537505210000006,44.065569369999992,1154.531646728999931
1104,1103,-93.537505210000006,44.065530769999995,1153.857849121000072
1105,1104,-93.537505210000006,44.065492169999999,1153.210388184000067
1106,1105,-93.537505210000006,44.065453569999981,1152.394073486000025
1107,1106,-93.537505210000006,44.065414969999992,1151.887145996000072
1108,1107,-93.537505210000006,44.065376369999996,1151.398895263999975
1109,1108,-93.537505210000006,44.065337769999999,1150.829772949000017
1110,1109,-93.537505210000006,44.065299169999989,1150.248657226999967
1111,1110,-93.537505210000006,44.065260569999992,1149.677032471000075
1112,1111,-93.537505210000006,44.065221970000003,1149.084442138999975
1113,1112,-93.537505210000006,44.065183370000000,1148.697204589999956
1114,1113,-93.537505210000006,44.065144769999989,1148.305908202999944
1115,1114,-93.537505210000006,44.065106169999993,1147.845520020000095
1116,1115,-93.537505210000006,44.065067569999997,1147.472686767999903
1117,1116,-93.537505210000006,44.065028970000000,1147.106628417999900
1118,1117,-93.537505210000006,44.064990369999990,1146.767791748000036
1119,1118,-93.537505210000006,44.064951769999986,1146.447662353999931
1120,1119,-93.537505210000006,44.064913169999997,1146.181365966999920
1121,1120,-93.537466609999996,44.065646569999991,1156.106445312000005
1122,1121,-93.537466609999996,44.065607969999988,1155.243194579999908
1123,1122,-93.537466609999996,44.065569369999992,1154.413085937999995
1124,1123,-93.537466609999996,44.065530769999995,1153.879516601999967
1125,1124,-93.537466609999996,44.065492169999999,1153.128112792999900
1126,1125,-93.537466609999996,44.065453569999981,1152.379547119000108
1127,1126,-93.537466609999996,44.065414969999992,1151.883483887000011
1128,1127,-93.537466609999996,44.065376369999996,1151.382873535000044
1129,1128,-93.537466609999996,44.065337769999999,1150.844543457000100
1130,1129,-93.537466609999996,44.065299169999989,1150.249328612999989
1131,1130,-93.537466609999996,44.065260569999992,1149.695007324000017
1132,1131,-93.537466609999996,44.065221970000003,1149.105224609000061
1133,1132,-93.537466609999996,44.065183370000000,1148.735534667999900
1134,1133,-93.537466609999996,44.065144769999989,1148.363952637000011
1135,1134,-93.537466609999996,44.065106169999993,1147.960571288999972
1136,1135,-93.537466609999996,44.065067569999997,1147.567901611000025
1137,1136,-93.537466609999996,44.065028970000000,1147.251586913999972
1138,1137,-93.537466609999996,44.064990369999990,1146.954101562000005
1139,1138,-93.537466609999996,44.064951769999986,1146.670532226999967
1140,1139,-93.537466609999996,44.064913169999997,1146.411041260000047
1141,1140,-93.537428009999985,44.065646569999991,1156.009155273000033
1142,1141,-93.537428009999985,44.065607969999988,1155.108245850000003
1143,1142,-93.537428009999985,44.065569369999992,1154.291198729999905
1144,1143,-93.537428009999985,44.065530769999995,1153.745269774999997
1145,1144,-93.537428009999985,44.065492169999999,1153.130767822000053
1146,1145,-93.537428009999985,44.065453569999981,1152.360412598000039
1147,1146,-93.537428009999985,44.065414969999992,1151.822723388999975
1148,1147,-93.537428009999985,44.065376369999996,1151.328186035000044
1149,1148,-93.537428009999985,44.065337769999999,1150.819671630999892
1150,1149,-93.537428009999985,44.065299169999989,1150.225982665999936
1151,1150,-93.537428009999985,44.065260569999992,1149.660064697000053
1152,1151,-93.537428009999985,44.065221970000003,1149.118652344000111
1153,1152,-93.537428009999985,44.065183370000000,1148.722839354999905
1154,1153,-93.537428009999985,44.065144769999989,1148.392974853999931
1155,1154,-93.537428009999985,44.065106169999993,1148.014160155999889
1156,1155,-93.537428009999985,44.065067569999997,1147.626831054999911
1157,1156,-93.537428009999985,44.065028970000000,1147.288177489999953
1158,1157,-93.537428009999985,44.064990369999990,1147.039031982000097
1159,1158,-93.537428009999985,44.064951769999986,1146.761810302999947
1160,1159,-93.537428009999985,44.064913169999997,1146.528350829999908
1161,1160,-93.537389410000003,44.065646569999991,1155.925476074000017
1162,1161,-93.537389410000003,44.065607969999988,1154.988952637000011
1163,1162,-93.537389410000003,44.065569369999992,1154.145782471000075
1164,1163,-93.537389410000003,44.065530769999995,1153.495056151999961
1165,1164,-93.537389410000003,44.065492169999999,1152.832214354999905
1166,1165,-93.537389410000003,44.065453569999981,1152.050720214999956
1167,1166,-93.537389410000003,44.065414969999992,1151.601593017999903
1168,1167,-93.537389410000003,44.065376369999996,1151.093444824000017
1169,1168,-93.537389410000003,44.065337769999999,1150.558929442999897
1170,1169,-93.537389410000003,44.065299169999989,1150.063262938999969
1171,1170,-93.537389410000003,44.065260569999992,1149.511291503999928
1172,1171,-93.537389410000003,44.065221970000003,1148.981201172000056
1173,1172,-93.537389410000003,44.065183370000000,1148.637023925999983
1174,1173,-93.537389410000003,44.065144769999989,1148.289276123000036
1175,1174,-93.537389410000003,44.065106169999993,1147.888000487999989
1176,1175,-93.537389410000003,44.065067569999997,1147.518188476999967
1177,1176,-93.537389410000003,44.065028970000000,1147.196075438999969
1178,1177,-93.537389410000003,44.064990369999990,1146.887054442999897
1179,1178,-93.537389410000003,44.064951769999986,1146.609405517999903
1180,1179,-93.537389410000003,44.064913169999997,1146.398864746000072
1181,1180,-93.537350809999992,44.065646569999991,1155.800903320000089
1182,1181,-93.537350809999992,44.065607969999988,1154.867553711000028
1183,1182,-93.537350809999992,44.065569369999992,1153.979278563999969
1184,1183,-93.537350809999992,44.065530769999995,1153.339019774999997
1185,1184,-93.537350809999992,44.065492169999999,1152.489074707000100
1186,1185,-93.537350809999992,44.065453569999981,1151.680053711000028
1187,1186,-93.537350809999992,44.065414969999992,1151.221923827999944
1188,1187,-93.537350809999992,44.065376369999996,1150.782623290999936
1189,1188,-93.537350809999992,44.065337769999999,1150.328063964999956
1190,1189,-93.537350809999992,44.065299169999989,1149.801788329999908
1191,1190,-93.537350809999992,44.065260569999992,1149.304473876999964
1192,1191,-93.537350809999992,44.065221970000003,1148.810272216999920
1193,1192,-93.537350809999992,44.065183370000000,1148.460205077999944
1194,1193,-93.537350809999992,44.065144769999989,1148.140106200999981
1195,1194,-93.537350809999992,44.065106169999993,1147.753479003999928
1196,1195,-93.537350809999992,44.065067569999997,1147.373291015999939
1197,1196,-93.537350809999992,44.065028970000000,1147.048889160000044
1198,1197,-93.537350809999992,44.064990369999990,1146.738342285000044
1199,1198,-93.537350809999992,44.064951769999986,1146.469573975000003
1200,1199,-93.537350809999992,44.064913169999997,1146.223541260000047
1201,1200,-93.537312210000010,44.065646569999991,1155.707153320000089
1202,1201,-93.537312210000010,44.065607969999988,1154.849700927999947
1203,1202,-93.537312210000010,44.065569369999992,1153.864746094000111
1204,1203,-93.537312210000010,44.065530769999995,1153.127014160000044
1205,1204,-93.537312210000010,44.065492169999999,1152.409729003999928
1206,1205,-93.537312210000010,44.065453569999981,1151.575439452999944
1207,1206,-93.537312210000010,44.065414969999992,1151.048614501999964
1208,1207,-93.537312210000010,44.065376369999996,1150.595275878999928
1209,1208,-93.537312210000010,44.065337769999999,1150.182037353999931
1210,1209,-93.537312210000010,44.065299169999989,1149.702911376999964
1211,1210,-93.537312210000010,44.065260569999992,1149.206542969000111
1212,1211,-93.537312210000010,44.065221970000003,1148.746795653999925
1213,1212,-93.537312210000010,44.065183370000000,1148.417053223000039
1214,1213,-93.537312210000010,44.065144769999989,1148.102874755999892
1215,1214,-93.537312210000010,44.065106169999993,1147.730377197000053
1216,1215,-93.537312210000010,44.065067569999997,1147.392822265999939
1217,1216,-93.537312210000010,44.065028970000000,1147.052947998000036
1218,1217,-93.537312210000010,44.064990369999990,1146.768157959000064
1219,1218,-93.537312210000010,44.064951769999986,1146.506378174000019
1220,1219,-93.537312210000010,44.064913169999997,1146.264495850000003
1221,1220,-93.537273610000000,44.065646569999991,1155.581573486000025
1222,1221,-93.537273610000000,44.065607969999988,1154.696746825999981
1223,1222,-93.537273610000000,44.065569369999992,1153.676666260000047
1224,1223,-93.537273610000000,44.065530769999995,1153.110321045000092
1225,1224,-93.537273610000000,44.065492169999999,1152.537261962999992
1226,1225,-93.537273610000000,44.065453569999981,1151.800140380999892
1227,1226,-93.537273610000000,44.065414969999992,1151.322723388999975
1228,1227,-93.537273610000000,44.065376369999996,1150.855834961000028
1229,1228,-93.537273610000000,44.065337769999999,1150.375854491999917
1230,1229,-93.537273610000000,44.065299169999989,1149.931610107000097
1231,1230,-93.537273610000000,44.065260569999992,1149.519775390999939
1232,1231,-93.537273610000000,44.065221970000003,1149.083648682000103
1233,1232,-93.537273610000000,44.065183370000000,1148.725585937999995
1234,1233,-93.537273610000000,44.065144769999989,1148.458892822000053
1235,1234,-93.537273610000000,44.065106169999993,1148.085449219000111
1236,1235,-93.537273610000000,44.065067569999997,1147.747100829999908
1237,1236,-93.537273610000000,44.065028970000000,1147.461059570000089
1238,1237,-93.537273610000000,44.064990369999990,1147.156341552999947
1239,1238,-93.537273610000000,44.064951769999986,1146.895874023000033
1240,1239,-93.537273610000000,44.064913169999997,1146.663635253999928
1241,1240,-93.537235010000003,44.065646569999991,1155.426147461000028
1242,1241,-93.537235010000003,44.065607969999988,1154.417175292999900
1243,1242,-93.537235010000003,44.065569369999992,1153.487884521000069
1244,1243,-93.537235010000003,44.065530769999995,1153.088714600000003
1245,1244,-93.537235010000003,44.065492169999999,1152.558013915999936
1246,1245,-93.537235010000003,44.065453569999981,1152.013549804999911
1247,1246,-93.537235010000003,44.065414969999992,1151.580902100000003
1248,1247,-93.537235010000003,44.065376369999996,1151.173156737999989
1249,1248,-93.537235010000003,44.065337769999999,1150.747344971000075
1250,1249,-93.537235010000003,44.065299169999989,1150.306304932000103
1251,1250,-93.537235010000003,44.065260569999992,1149.857757567999897
1252,1251,-93.537235010000003,44.065221970000003,1149.469818114999953
1253,1252,-93.537235010000003,44.065183370000000,1149.203857422000056
1254,1253,-93.537235010000003,44.065144769999989,1148.885742187999995
1255,1254,-93.537235010000003,44.065106169999993,1148.538360596000075
1256,1255,-93.537235010000003,44.065067569999997,1148.207641601999967
1257,1256,-93.537235010000003,44.065028970000000,1147.912963866999917
1258,1257,-93.537235010000003,44.064990369999990,1147.626098633000083
1259,1258,-93.537235010000003,44.064951769999986,1147.400054932000103
1260,1259,-93.537235010000003,44.064913169999997,1147.171295165999936
1261,1260,-93.537196410000007,44.065646569999991,1155.145538329999908
1262,1261,-93.537196410000007,44.065607969999988,1154.074768065999933
1263,1262,-93.537196410000007,44.065569369999992,1153.272033690999933
1264,1263,-93.537196410000007,44.065530769999995,1152.825836182000103
1265,1264,-93.537196410000007,44.065492169999999,1152.559387207000100
1266,1265,-93.537196410000007,44.065453569999981,1152.104614258000083
1267,1266,-93.537196410000007,44.065414969999992,1151.702728271000069
1268,1267,-93.537196410000007,44.065376369999996,1151.287414550999983
1269,1268,-93.537196410000007,44.065337769999999,1150.898651123000036
1270,1269,-93.537196410000007,44.065299169999989,1150.491210937999995
1271,1270,-93.537196410000007,44.065260569999992,1150.092620850000003
1272,1271,-93.537196410000007,44.065221970000003,1149.716705322000053
1273,1272,-93.537196410000007,44.065183370000000,1149.404479979999905
1274,1273,-93.537196410000007,44.065144769999989,1149.159973145000095
1275,1274,-93.537196410000007,44.065106169999993,1148.774414062000005
1276,1275,-93.537196410000007,44.065067569999997,1148.487091063999969
1277,1276,-93.537196410000007,44.065028970000000,1148.220550537000008
1278,1277,-93.537196410000007,44.064990369999990,1147.959228515999939
1279,1278,-93.537196410000007,44.064951769999986,1147.720458984000061
1280,1279,-93.537196410000007,44.064913169999997,1147.488616942999897
1281,1280,-93.537157809999997,44.065646569999991,1154.955993651999961
1282,1281,-93.537157809999997,44.065607969999988,1153.885498047000056
1283,1282,-93.537157809999997,44.065569369999992,1152.994567871000072
1284,1283,-93.537157809999997,44.065530769999995,1152.548706054999911
1285,1284,-93.537157809999997,44.065492169999999,1152.331176758000083
1286,1285,-93.537157809999997,44.065453569999981,1151.961547851999967
1287,1286,-93.537157809999997,44.065414969999992,1151.611511229999905
1288,1287,-93.537157809999997,44.065376369999996,1151.216735839999956
1289,1288,-93.537157809999997,44.065337769999999,1150.847900390999939
1290,1289,-93.537157809999997,44.065299169999989,1150.437683104999905
1291,1290,-93.537157809999997,44.065260569999992,1150.028503417999900
1292,1291,-93.537157809999997,44.065221970000003,1149.665893554999911
1293,1292,-93.537157809999997,44.065183370000000,1149.426025390999939
1294,1293,-93.537157809999997,44.065144769999989,1149.156433104999905
1295,1294,-93.537157809999997,44.065106169999993,1148.778808594000111
1296,1295,-93.537157809999997,44.065067569999997,1148.502563476999967
1297,1296,-93.537157809999997,44.065028970000000,1148.278015137000011
1298,1297,-93.537157809999997,44.064990369999990,1148.022216797000056
1299,1298,-93.537157809999997,44.064951769999986,1147.797180175999983
1300,1299,-93.537157809999997,44.064913169999997,1147.578735351999967
1301,1300,-93.537119209999986,44.065646569999991,1154.997009276999961
1302,1301,-93.537119209999986,44.065607969999988,1153.821319579999908
1303,1302,-93.537119209999986,44.065569369999992,1152.668914795000092
1304,1303,-93.537119209999986,44.065530769999995,1152.414245604999905
1305,1304,-93.537119209999986,44.065492169999999,1152.096801758000083
1306,1305,-93.537119209999986,44.065453569999981,1151.738677978999931
1307,1306,-93.537119209999986,44.065414969999992,1151.404266357000097
1308,1307,-93.537119209999986,44.065376369999996,1151.073516846000075
1309,1308,-93.537119209999986,44.065337769999999,1150.698516846000075
1310,1309,-93.537119209999986,44.065299169999989,1150.325439452999944
1311,1310,-93.537119209999986,44.065260569999992,1149.930755614999953
1312,1311,-93.537119209999986,44.065221970000003,1149.564910888999975
1313,1312,-93.537119209999986,44.065183370000000,1149.350402832000100
1314,1313,-93.537119209999986,44.065144769999989,1149.086578369000108
1315,1314,-93.537119209999986,44.065106169999993,1148.770111084000064
1316,1315,-93.537119209999986,44.065067569999997,1148.503967285000044
1317,1316,-93.537119209999986,44.065028970000000,1148.259857177999947
1318,1317,-93.537119209999986,44.064990369999990,1148.035369873000036
1319,1318,-93.537119209999986,44.064951769999986,1147.812286376999964
1320,1319,-93.537119209999986,44.064913169999997,1147.595153809000067
1321,1320,-93.537080609999990,44.065646569999991,1155.300476074000017
1322,1321,-93.537080609999990,44.065607969999988,1154.048156737999989
1323,1322,-93.537080609999990,44.065569369999992,1152.621612549000019
1324,1323,-93.537080609999990,44.065530769999995,1152.282135010000047
1325,1324,-93.537080609999990,44.065492169999999,1151.949737549000019
1326,1325,-93.537080609999990,44.065453569999981,1151.585266112999989
1327,1326,-93.537080609999990,44.065414969999992,1151.295837401999961
1328,1327,-93.537080609999990,44.065376369999996,1150.953582763999975
1329,1328,-93.537080609999990,44.065337769999999,1150.611450195000089
1330,1329,-93.537080609999990,44.065299169999989,1150.252319336000028
1331,1330,-93.537080609999990,44.065260569999992,1149.867401123000036
1332,1331,-93.537080609999990,44.065221970000003,1149.551544188999969
1333,1332,-93.537080609999990,44.065183370000000,1149.307250976999967
1334,1333,-93.537080609999990,44.065144769999989,1149.113983153999925
1335,1334,-93.537080609999990,44.065106169999993,1148.826202392999903
1336,1335,-93.537080609999990,44.065067569999997,1148.552795410000044
1337,1336,-93.537080609999990,44.065028970000000,1148.327911376999964
1338,1337,-93.537080609999990,44.064990369999990,1148.093811035000044
1339,1338,-93.537080609999990,44.064951769999986,1147.831848145000095
1340,1339,-93.537080609999990,44.064913169999997,1147.611480712999992
