OID_,FID,X,Y,Extract_GALa2_dry_vol
1,0,-93.539628209999975,44.065646569999991,176.450725554999991
2,1,-93.539628209999975,44.065607969999988,174.343204498000006
3,2,-93.539628209999975,44.065569369999992,169.097595215000013
4,3,-93.539628209999975,44.065530769999995,178.036678314000000
5,4,-93.539628209999975,44.065492169999999,185.994934081999986
6,5,-93.539628209999975,44.065453569999981,193.967208862000007
7,6,-93.539628209999975,44.065414969999992,209.958610534999991
8,7,-93.539628209999975,44.065376369999996,217.224788665999995
9,8,-93.539628209999975,44.065337769999999,217.891933440999992
10,9,-93.539628209999975,44.065299169999989,218.262737273999988
11,10,-93.539628209999975,44.065260569999992,221.955986023000008
12,11,-93.539628209999975,44.065221970000003,225.210102081000002
13,12,-93.539628209999975,44.065183370000000,223.893203734999986
14,13,-93.539628209999975,44.065144769999989,221.238201140999990
15,14,-93.539628209999975,44.065106169999993,221.134292603000006
16,15,-93.539628209999975,44.065067569999997,225.162242888999998
17,16,-93.539628209999975,44.065028970000000,228.129474640000012
18,17,-93.539628209999975,44.064990369999990,228.712654114000003
19,18,-93.539628209999975,44.064951769999986,227.778503418000014
20,19,-93.539628209999975,44.064913169999997,226.547748565999996
21,20,-93.539589610000007,44.065646569999991,182.364589690999992
22,21,-93.539589610000007,44.065607969999988,178.609546660999996
23,22,-93.539589610000007,44.065569369999992,173.035953522000000
24,23,-93.539589610000007,44.065530769999995,183.671581268000011
25,24,-93.539589610000007,44.065492169999999,191.973056793000012
26,25,-93.539589610000007,44.065453569999981,198.219100951999991
27,26,-93.539589610000007,44.065414969999992,211.741748809999990
28,27,-93.539589610000007,44.065376369999996,219.477581023999988
29,28,-93.539589610000007,44.065337769999999,219.053329467999987
30,29,-93.539589610000007,44.065299169999989,219.053482056000007
31,30,-93.539589610000007,44.065260569999992,221.147647857999999
32,31,-93.539589610000007,44.065221970000003,221.809780120999989
33,32,-93.539589610000007,44.065183370000000,220.891555785999998
34,33,-93.539589610000007,44.065144769999989,220.253288268999995
35,34,-93.539589610000007,44.065106169999993,223.972705840999993
36,35,-93.539589610000007,44.065067569999997,228.436882018999995
37,36,-93.539589610000007,44.065028970000000,229.764869690000012
38,37,-93.539589610000007,44.064990369999990,229.593166351000008
39,38,-93.539589610000007,44.064951769999986,229.092536926000008
40,39,-93.539589610000007,44.064913169999997,228.043666839999986
41,40,-93.539551009999997,44.065646569999991,187.003532409999991
42,41,-93.539551009999997,44.065607969999988,181.444114684999988
43,42,-93.539551009999997,44.065569369999992,178.210292815999992
44,43,-93.539551009999997,44.065530769999995,192.339576720999986
45,44,-93.539551009999997,44.065492169999999,199.159130096000013
46,45,-93.539551009999997,44.065453569999981,201.416934967000003
47,46,-93.539551009999997,44.065414969999992,215.781650543000012
48,47,-93.539551009999997,44.065376369999996,222.604442596000013
49,48,-93.539551009999997,44.065337769999999,221.343006134000007
50,49,-93.539551009999997,44.065299169999989,219.430038451999991
51,50,-93.539551009999997,44.065260569999992,219.668476104999996
52,51,-93.539551009999997,44.065221970000003,219.890773773000006
53,52,-93.539551009999997,44.065183370000000,219.395240784000009
54,53,-93.539551009999997,44.065144769999989,220.033775329999997
55,54,-93.539551009999997,44.065106169999993,224.189304351999994
56,55,-93.539551009999997,44.065067569999997,227.526927948000008
57,56,-93.539551009999997,44.065028970000000,227.577186584000003
58,57,-93.539551009999997,44.064990369999990,226.055908203000001
59,58,-93.539551009999997,44.064951769999986,225.544837951999995
60,59,-93.539551009999997,44.064913169999997,224.160758971999996
61,60,-93.539512409999986,44.065646569999991,188.352272034000009
62,61,-93.539512409999986,44.065607969999988,180.122272490999990
63,62,-93.539512409999986,44.065569369999992,180.771198273000010
64,63,-93.539512409999986,44.065530769999995,199.868614196999999
65,64,-93.539512409999986,44.065492169999999,204.007484435999999
66,65,-93.539512409999986,44.065453569999981,209.657756804999991
67,66,-93.539512409999986,44.065414969999992,222.163688659999991
68,67,-93.539512409999986,44.065376369999996,226.192909240999995
69,68,-93.539512409999986,44.065337769999999,224.069568634000007
70,69,-93.539512409999986,44.065299169999989,221.105770110999998
71,70,-93.539512409999986,44.065260569999992,221.212444304999991
72,71,-93.539512409999986,44.065221970000003,222.675083160000014
73,72,-93.539512409999986,44.065183370000000,222.825767517000003
74,73,-93.539512409999986,44.065144769999989,221.714820862000010
75,74,-93.539512409999986,44.065106169999993,222.245704651000011
76,75,-93.539512409999986,44.065067569999997,221.833477020000004
77,76,-93.539512409999986,44.065028970000000,220.745948792000007
78,77,-93.539512409999986,44.064990369999990,220.289474487000007
79,78,-93.539512409999986,44.064951769999986,220.421184540000013
80,79,-93.539512409999986,44.064913169999997,218.961570740000013
81,80,-93.539473810000004,44.065646569999991,189.093505859000004
82,81,-93.539473810000004,44.065607969999988,178.744102478000002
83,82,-93.539473810000004,44.065569369999992,175.217525482000013
84,83,-93.539473810000004,44.065530769999995,185.942581176999994
85,84,-93.539473810000004,44.065492169999999,199.312126159999991
86,85,-93.539473810000004,44.065453569999981,216.849555968999994
87,86,-93.539473810000004,44.065414969999992,227.914585114000005
88,87,-93.539473810000004,44.065376369999996,231.433753967000001
89,88,-93.539473810000004,44.065337769999999,228.705188751000009
90,89,-93.539473810000004,44.065299169999989,225.350662231000001
91,90,-93.539473810000004,44.065260569999992,225.583049773999988
92,91,-93.539473810000004,44.065221970000003,227.662067412999988
93,92,-93.539473810000004,44.065183370000000,227.862937926999990
94,93,-93.539473810000004,44.065144769999989,228.187278748000011
95,94,-93.539473810000004,44.065106169999993,227.994647979999996
96,95,-93.539473810000004,44.065067569999997,226.252014159999987
97,96,-93.539473810000004,44.065028970000000,224.989784240999995
98,97,-93.539473810000004,44.064990369999990,226.337371826000009
99,98,-93.539473810000004,44.064951769999986,226.348468781000008
100,99,-93.539473810000004,44.064913169999997,222.566360473999993
101,100,-93.539435209999994,44.065646569999991,190.683612823000004
102,101,-93.539435209999994,44.065607969999988,179.432781218999992
103,102,-93.539435209999994,44.065569369999992,169.477928162000012
104,103,-93.539435209999994,44.065530769999995,182.541069031000006
105,104,-93.539435209999994,44.065492169999999,206.014682770000007
106,105,-93.539435209999994,44.065453569999981,223.167240142999987
107,106,-93.539435209999994,44.065414969999992,228.995361328000001
108,107,-93.539435209999994,44.065376369999996,229.232395171999997
109,108,-93.539435209999994,44.065337769999999,226.370140076000013
110,109,-93.539435209999994,44.065299169999989,223.463588714999986
111,110,-93.539435209999994,44.065260569999992,224.155311584000003
112,111,-93.539435209999994,44.065221970000003,226.894351959000005
113,112,-93.539435209999994,44.065183370000000,227.896133423000009
114,113,-93.539435209999994,44.065144769999989,228.179702759000008
115,114,-93.539435209999994,44.065106169999993,228.420372009000005
116,115,-93.539435209999994,44.065067569999997,227.112167357999994
117,116,-93.539435209999994,44.065028970000000,227.597309112999994
118,117,-93.539435209999994,44.064990369999990,231.660465240000008
119,118,-93.539435209999994,44.064951769999986,231.798324584999989
120,119,-93.539435209999994,44.064913169999997,225.981719970999990
121,120,-93.539396609999983,44.065646569999991,191.457469940000010
122,121,-93.539396609999983,44.065607969999988,179.656265259000008
123,122,-93.539396609999983,44.065569369999992,166.673328400000003
124,123,-93.539396609999983,44.065530769999995,181.163524628000005
125,124,-93.539396609999983,44.065492169999999,209.728542328000003
126,125,-93.539396609999983,44.065453569999981,221.304203032999993
127,126,-93.539396609999983,44.065414969999992,221.273021698000008
128,127,-93.539396609999983,44.065376369999996,216.618122101000012
129,128,-93.539396609999983,44.065337769999999,213.454826354999994
130,129,-93.539396609999983,44.065299169999989,207.984577179000013
131,130,-93.539396609999983,44.065260569999992,209.181877135999997
132,131,-93.539396609999983,44.065221970000003,213.240680695000009
133,132,-93.539396609999983,44.065183370000000,214.719924926999994
134,133,-93.539396609999983,44.065144769999989,215.138710021999998
135,134,-93.539396609999983,44.065106169999993,216.727287292000000
136,135,-93.539396609999983,44.065067569999997,219.905559540000013
137,136,-93.539396609999983,44.065028970000000,224.934108734000006
138,137,-93.539396609999983,44.064990369999990,230.597648620999990
139,138,-93.539396609999983,44.064951769999986,231.755111693999993
140,139,-93.539396609999983,44.064913169999997,226.694522857999999
141,140,-93.539358010000001,44.065646569999991,191.005867004000010
142,141,-93.539358010000001,44.065607969999988,179.607627868999998
143,142,-93.539358010000001,44.065569369999992,166.311477660999998
144,143,-93.539358010000001,44.065530769999995,174.758152007999996
145,144,-93.539358010000001,44.065492169999999,190.441879271999994
146,145,-93.539358010000001,44.065453569999981,202.095882415999995
147,146,-93.539358010000001,44.065414969999992,200.241897582999997
148,147,-93.539358010000001,44.065376369999996,194.775531768999997
149,148,-93.539358010000001,44.065337769999999,187.446308135999999
150,149,-93.539358010000001,44.065299169999989,180.985054015999992
151,150,-93.539358010000001,44.065260569999992,177.346302032000011
152,151,-93.539358010000001,44.065221970000003,179.199851990000013
153,152,-93.539358010000001,44.065183370000000,182.104034423999991
154,153,-93.539358010000001,44.065144769999989,186.682456970000004
155,154,-93.539358010000001,44.065106169999993,198.597858429000013
156,155,-93.539358010000001,44.065067569999997,214.313014984000006
157,156,-93.539358010000001,44.065028970000000,224.624809265000010
158,157,-93.539358010000001,44.064990369999990,229.735321045000006
159,158,-93.539358010000001,44.064951769999986,231.252174376999989
160,159,-93.539358010000001,44.064913169999997,230.415699004999993
161,160,-93.539319409999990,44.065646569999991,190.327003479000012
162,161,-93.539319409999990,44.065607969999988,181.055809020999988
163,162,-93.539319409999990,44.065569369999992,167.222362518000011
164,163,-93.539319409999990,44.065530769999995,173.129783629999991
165,164,-93.539319409999990,44.065492169999999,182.536682129000013
166,165,-93.539319409999990,44.065453569999981,185.025814056000002
167,166,-93.539319409999990,44.065414969999992,186.195598601999990
168,167,-93.539319409999990,44.065376369999996,177.829929351999994
169,168,-93.539319409999990,44.065337769999999,166.793285370000007
170,169,-93.539319409999990,44.065299169999989,158.785537720000008
171,170,-93.539319409999990,44.065260569999992,154.453289031999986
172,171,-93.539319409999990,44.065221970000003,158.037174225000001
173,172,-93.539319409999990,44.065183370000000,165.941810607999997
174,173,-93.539319409999990,44.065144769999989,175.455371856999989
175,174,-93.539319409999990,44.065106169999993,194.049213409000004
176,175,-93.539319409999990,44.065067569999997,214.810836792000003
177,176,-93.539319409999990,44.065028970000000,225.321266173999987
178,177,-93.539319409999990,44.064990369999990,228.933956146000014
179,178,-93.539319409999990,44.064951769999986,230.189159393000011
180,179,-93.539319409999990,44.064913169999997,231.581577301000010
181,180,-93.539280810000008,44.065646569999991,190.082046509000008
182,181,-93.539280810000008,44.065607969999988,182.819702148000005
183,182,-93.539280810000008,44.065569369999992,167.636695862000010
184,183,-93.539280810000008,44.065530769999995,170.226036071999999
185,184,-93.539280810000008,44.065492169999999,174.797496795999990
186,185,-93.539280810000008,44.065453569999981,180.647518157999997
187,186,-93.539280810000008,44.065414969999992,185.303890228000000
188,187,-93.539280810000008,44.065376369999996,178.454170226999992
189,188,-93.539280810000008,44.065337769999999,168.074195862000010
190,189,-93.539280810000008,44.065299169999989,160.792793273999990
191,190,-93.539280810000008,44.065260569999992,157.953723907000011
192,191,-93.539280810000008,44.065221970000003,164.262451171999999
193,192,-93.539280810000008,44.065183370000000,173.512695312000005
194,193,-93.539280810000008,44.065144769999989,185.207180023000006
195,194,-93.539280810000008,44.065106169999993,203.862815856999987
196,195,-93.539280810000008,44.065067569999997,217.361087798999989
197,196,-93.539280810000008,44.065028970000000,224.149600982999999
198,197,-93.539280810000008,44.064990369999990,225.753631592000005
199,198,-93.539280810000008,44.064951769999986,226.352336884000010
200,199,-93.539280810000008,44.064913169999997,227.909950256000002
201,200,-93.539242209999998,44.065646569999991,189.706611632999994
202,201,-93.539242209999998,44.065607969999988,184.037948607999994
203,202,-93.539242209999998,44.065569369999992,167.598167418999992
204,203,-93.539242209999998,44.065530769999995,163.944885254000013
205,204,-93.539242209999998,44.065492169999999,166.364723206000008
206,205,-93.539242209999998,44.065453569999981,177.573738098000007
207,206,-93.539242209999998,44.065414969999992,193.586761475000003
208,207,-93.539242209999998,44.065376369999996,194.520317078000005
209,208,-93.539242209999998,44.065337769999999,186.636192321999999
210,209,-93.539242209999998,44.065299169999989,180.197746276999993
211,210,-93.539242209999998,44.065260569999992,177.133117676000012
212,211,-93.539242209999998,44.065221970000003,181.729034423999991
213,212,-93.539242209999998,44.065183370000000,187.292007446000014
214,213,-93.539242209999998,44.065144769999989,199.255798340000013
215,214,-93.539242209999998,44.065106169999993,211.998939514000000
216,215,-93.539242209999998,44.065067569999997,218.503089904999996
217,216,-93.539242209999998,44.065028970000000,220.975280762000011
218,217,-93.539242209999998,44.064990369999990,221.876235962000010
219,218,-93.539242209999998,44.064951769999986,222.213775634999990
220,219,-93.539242209999998,44.064913169999997,222.728973389000004
221,220,-93.539203609999987,44.065646569999991,189.302360534999991
222,221,-93.539203609999987,44.065607969999988,185.438354492000002
223,222,-93.539203609999987,44.065569369999992,170.324558257999996
224,223,-93.539203609999987,44.065530769999995,164.038757323999988
225,224,-93.539203609999987,44.065492169999999,167.687274932999998
226,225,-93.539203609999987,44.065453569999981,184.386898040999995
227,226,-93.539203609999987,44.065414969999992,207.514076232999997
228,227,-93.539203609999987,44.065376369999996,213.939746856999989
229,228,-93.539203609999987,44.065337769999999,208.600131989000005
230,229,-93.539203609999987,44.065299169999989,201.602909087999990
231,230,-93.539203609999987,44.065260569999992,198.976783751999989
232,231,-93.539203609999987,44.065221970000003,200.502281189000001
233,232,-93.539203609999987,44.065183370000000,204.720581054999997
234,233,-93.539203609999987,44.065144769999989,210.264553070000005
235,234,-93.539203609999987,44.065106169999993,216.844764709000003
236,235,-93.539203609999987,44.065067569999997,220.448390961000001
237,236,-93.539203609999987,44.065028970000000,221.276851654000012
238,237,-93.539203609999987,44.064990369999990,221.588584900000001
239,238,-93.539203609999987,44.064951769999986,220.742702484000006
240,239,-93.539203609999987,44.064913169999997,219.808525085000014
241,240,-93.539165010000019,44.065646569999991,189.590072631999988
242,241,-93.539165010000019,44.065607969999988,186.309738159000005
243,242,-93.539165010000019,44.065569369999992,174.622005462999994
244,243,-93.539165010000019,44.065530769999995,176.058578490999992
245,244,-93.539165010000019,44.065492169999999,184.914913176999988
246,245,-93.539165010000019,44.065453569999981,205.248271942000002
247,246,-93.539165010000019,44.065414969999992,226.246322631999988
248,247,-93.539165010000019,44.065376369999996,229.763820648000006
249,248,-93.539165010000019,44.065337769999999,225.870986937999987
250,249,-93.539165010000019,44.065299169999989,222.596458434999988
251,250,-93.539165010000019,44.065260569999992,221.011707306000005
252,251,-93.539165010000019,44.065221970000003,221.924125671000013
253,252,-93.539165010000019,44.065183370000000,222.763786315999994
254,253,-93.539165010000019,44.065144769999989,223.779106140000010
255,254,-93.539165010000019,44.065106169999993,225.329467773000005
256,255,-93.539165010000019,44.065067569999997,225.889297484999986
257,256,-93.539165010000019,44.065028970000000,228.795257568000011
258,257,-93.539165010000019,44.064990369999990,229.664150237999991
259,258,-93.539165010000019,44.064951769999986,227.703285217000001
260,259,-93.539165010000019,44.064913169999997,225.660316467000001
261,260,-93.539126409999980,44.065646569999991,189.873806000000002
262,261,-93.539126409999980,44.065607969999988,184.081245421999995
263,262,-93.539126409999980,44.065569369999992,175.282516479000009
264,263,-93.539126409999980,44.065530769999995,186.694664001000007
265,264,-93.539126409999980,44.065492169999999,207.018352509000010
266,265,-93.539126409999980,44.065453569999981,225.504234314000001
267,266,-93.539126409999980,44.065414969999992,238.389427184999988
268,267,-93.539126409999980,44.065376369999996,239.540496826000009
269,268,-93.539126409999980,44.065337769999999,235.477695465000011
270,269,-93.539126409999980,44.065299169999989,235.486843109000006
271,270,-93.539126409999980,44.065260569999992,236.626399993999996
272,271,-93.539126409999980,44.065221970000003,236.664134979000011
273,272,-93.539126409999980,44.065183370000000,238.701042174999998
274,273,-93.539126409999980,44.065144769999989,240.001663207999997
275,274,-93.539126409999980,44.065106169999993,239.789608001999994
276,275,-93.539126409999980,44.065067569999997,239.082096100000001
277,276,-93.539126409999980,44.065028970000000,241.041561126999994
278,277,-93.539126409999980,44.064990369999990,243.705177307000014
279,278,-93.539126409999980,44.064951769999986,242.700256348000011
280,279,-93.539126409999980,44.064913169999997,241.317813873000006
281,280,-93.539087809999970,44.065646569999991,188.495399474999999
282,281,-93.539087809999970,44.065607969999988,178.767276764000002
283,282,-93.539087809999970,44.065569369999992,171.857269287000008
284,283,-93.539087809999970,44.065530769999995,182.616363524999997
285,284,-93.539087809999970,44.065492169999999,204.238479613999999
286,285,-93.539087809999970,44.065453569999981,225.083629607999995
287,286,-93.539087809999970,44.065414969999992,239.320308684999986
288,287,-93.539087809999970,44.065376369999996,239.800701140999990
289,288,-93.539087809999970,44.065337769999999,237.102020264000004
290,289,-93.539087809999970,44.065299169999989,240.222450256000002
291,290,-93.539087809999970,44.065260569999992,244.004840851000012
292,291,-93.539087809999970,44.065221970000003,244.769527434999986
293,292,-93.539087809999970,44.065183370000000,244.705512999999996
294,293,-93.539087809999970,44.065144769999989,244.626499176000010
295,294,-93.539087809999970,44.065106169999993,245.071025848000005
296,295,-93.539087809999970,44.065067569999997,245.648239136000001
297,296,-93.539087809999970,44.065028970000000,246.757972717000001
298,297,-93.539087809999970,44.064990369999990,246.836181640999996
299,298,-93.539087809999970,44.064951769999986,247.510044098000009
300,299,-93.539087809999970,44.064913169999997,247.807331084999987
301,300,-93.539049210000002,44.065646569999991,185.980201720999986
302,301,-93.539049210000002,44.065607969999988,173.367813109999986
303,302,-93.539049210000002,44.065569369999992,163.490909576000007
304,303,-93.539049210000002,44.065530769999995,171.685787201000011
305,304,-93.539049210000002,44.065492169999999,184.920650482000013
306,305,-93.539049210000002,44.065453569999981,209.169761657999999
307,306,-93.539049210000002,44.065414969999992,228.622879028000000
308,307,-93.539049210000002,44.065376369999996,232.139972687000011
309,308,-93.539049210000002,44.065337769999999,231.778633117999988
310,309,-93.539049210000002,44.065299169999989,235.758644104000012
311,310,-93.539049210000002,44.065260569999992,240.809776306000003
312,311,-93.539049210000002,44.065221970000003,241.677654265999990
313,312,-93.539049210000002,44.065183370000000,239.419776917000007
314,313,-93.539049210000002,44.065144769999989,236.470890045000004
315,314,-93.539049210000002,44.065106169999993,237.376773834000005
316,315,-93.539049210000002,44.065067569999997,241.319187163999999
317,316,-93.539049210000002,44.065028970000000,240.714214325000000
318,317,-93.539049210000002,44.064990369999990,236.027809143000013
319,318,-93.539049210000002,44.064951769999986,235.297199248999988
320,319,-93.539049210000002,44.064913169999997,238.427001953000001
321,320,-93.539010609999991,44.065646569999991,183.970569611000002
322,321,-93.539010609999991,44.065607969999988,171.851619720000002
323,322,-93.539010609999991,44.065569369999992,161.837966918999996
324,323,-93.539010609999991,44.065530769999995,173.525699615000008
325,324,-93.539010609999991,44.065492169999999,185.282142639000000
326,325,-93.539010609999991,44.065453569999981,201.819522857999999
327,326,-93.539010609999991,44.065414969999992,221.621059417999987
328,327,-93.539010609999991,44.065376369999996,226.901367187999995
329,328,-93.539010609999991,44.065337769999999,228.131217956999990
330,329,-93.539010609999991,44.065299169999989,230.899944304999991
331,330,-93.539010609999991,44.065260569999992,233.392314911000000
332,331,-93.539010609999991,44.065221970000003,234.571334839000002
333,332,-93.539010609999991,44.065183370000000,232.907211303999986
334,333,-93.539010609999991,44.065144769999989,230.633155823000010
335,334,-93.539010609999991,44.065106169999993,231.493061065999996
336,335,-93.539010609999991,44.065067569999997,234.824626923000011
337,336,-93.539010609999991,44.065028970000000,232.425003051999994
338,337,-93.539010609999991,44.064990369999990,225.204551696999999
339,338,-93.539010609999991,44.064951769999986,224.379013062000013
340,339,-93.539010609999991,44.064913169999997,230.523303986000002
341,340,-93.538972010000009,44.065646569999991,181.054367065000008
342,341,-93.538972010000009,44.065607969999988,171.701782226999995
343,342,-93.538972010000009,44.065569369999992,163.253845215000013
344,343,-93.538972010000009,44.065530769999995,174.946327209000003
345,344,-93.538972010000009,44.065492169999999,187.207454681000002
346,345,-93.538972010000009,44.065453569999981,206.868091582999995
347,346,-93.538972010000009,44.065414969999992,224.694610595999990
348,347,-93.538972010000009,44.065376369999996,230.991657257000014
349,348,-93.538972010000009,44.065337769999999,231.516349792000000
350,349,-93.538972010000009,44.065299169999989,231.104766845999990
351,350,-93.538972010000009,44.065260569999992,231.135208129999995
352,351,-93.538972010000009,44.065221970000003,231.692726134999987
353,352,-93.538972010000009,44.065183370000000,231.548439026000011
354,353,-93.538972010000009,44.065144769999989,229.830104828000003
355,354,-93.538972010000009,44.065106169999993,228.458618164000001
356,355,-93.538972010000009,44.065067569999997,229.862377167000005
357,356,-93.538972010000009,44.065028970000000,228.400485992000000
358,357,-93.538972010000009,44.064990369999990,223.608219147000000
359,358,-93.538972010000009,44.064951769999986,222.677524567000006
360,359,-93.538972010000009,44.064913169999997,227.449020386000001
361,360,-93.538933409999999,44.065646569999991,175.072975159000009
362,361,-93.538933409999999,44.065607969999988,170.022312163999999
363,362,-93.538933409999999,44.065569369999992,163.688930510999995
364,363,-93.538933409999999,44.065530769999995,173.575042725000003
365,364,-93.538933409999999,44.065492169999999,186.407562256000006
366,365,-93.538933409999999,44.065453569999981,209.124958037999988
367,366,-93.538933409999999,44.065414969999992,228.637783051000014
368,367,-93.538933409999999,44.065376369999996,235.761405945000007
369,368,-93.538933409999999,44.065337769999999,234.974712371999999
370,369,-93.538933409999999,44.065299169999989,232.021141051999990
371,370,-93.538933409999999,44.065260569999992,229.733181000000002
372,371,-93.538933409999999,44.065221970000003,230.430347442999988
373,372,-93.538933409999999,44.065183370000000,231.007011414000004
374,373,-93.538933409999999,44.065144769999989,228.338134765999996
375,374,-93.538933409999999,44.065106169999993,224.465728759999990
376,375,-93.538933409999999,44.065067569999997,225.133693695000005
377,376,-93.538933409999999,44.065028970000000,227.390491486000002
378,377,-93.538933409999999,44.064990369999990,226.849559784000007
379,378,-93.538933409999999,44.064951769999986,227.174839020000007
380,379,-93.538933409999999,44.064913169999997,228.834617615000013
381,380,-93.538894809999988,44.065646569999991,168.297252654999994
382,381,-93.538894809999988,44.065607969999988,166.062618256000007
383,382,-93.538894809999988,44.065569369999992,163.127166748000008
384,383,-93.538894809999988,44.065530769999995,177.550487518000011
385,384,-93.538894809999988,44.065492169999999,188.304676056000005
386,385,-93.538894809999988,44.065453569999981,206.365200042999987
387,386,-93.538894809999988,44.065414969999992,223.489463806000003
388,387,-93.538894809999988,44.065376369999996,230.356094359999986
389,388,-93.538894809999988,44.065337769999999,230.963680267000001
390,389,-93.538894809999988,44.065299169999989,227.811233520999991
391,390,-93.538894809999988,44.065260569999992,224.571468353000000
392,391,-93.538894809999988,44.065221970000003,225.371437073000010
393,392,-93.538894809999988,44.065183370000000,225.755714417000007
394,393,-93.538894809999988,44.065144769999989,224.184944153000004
395,394,-93.538894809999988,44.065106169999993,220.325847626000012
396,395,-93.538894809999988,44.065067569999997,220.258609772000000
397,396,-93.538894809999988,44.065028970000000,223.884738921999997
398,397,-93.538894809999988,44.064990369999990,227.113044739000003
399,398,-93.538894809999988,44.064951769999986,230.420761107999994
400,399,-93.538894809999988,44.064913169999997,232.566139220999986
401,400,-93.538856210000006,44.065646569999991,164.808593750000000
402,401,-93.538856210000006,44.065607969999988,163.611156464000004
403,402,-93.538856210000006,44.065569369999992,165.176929473999991
404,403,-93.538856210000006,44.065530769999995,186.283756256000004
405,404,-93.538856210000006,44.065492169999999,201.403743743999996
406,405,-93.538856210000006,44.065453569999981,212.301013947000001
407,406,-93.538856210000006,44.065414969999992,222.042461395000004
408,407,-93.538856210000006,44.065376369999996,225.689643859999990
409,408,-93.538856210000006,44.065337769999999,225.853736876999989
410,409,-93.538856210000006,44.065299169999989,225.142925262000006
411,410,-93.538856210000006,44.065260569999992,225.042255401999995
412,411,-93.538856210000006,44.065221970000003,227.649944304999991
413,412,-93.538856210000006,44.065183370000000,229.519500732000012
414,413,-93.538856210000006,44.065144769999989,229.646335601999994
415,414,-93.538856210000006,44.065106169999993,227.544261932000012
416,415,-93.538856210000006,44.065067569999997,224.600070952999999
417,416,-93.538856210000006,44.065028970000000,224.610736846999998
418,417,-93.538856210000006,44.064990369999990,228.308570862000010
419,418,-93.538856210000006,44.064951769999986,233.616733551000010
420,419,-93.538856210000006,44.064913169999997,236.574134826999995
421,420,-93.538817609999995,44.065646569999991,162.094058990000008
422,421,-93.538817609999995,44.065607969999988,160.794349670000003
423,422,-93.538817609999995,44.065569369999992,170.747951508000000
424,423,-93.538817609999995,44.065530769999995,195.968727112000010
425,424,-93.538817609999995,44.065492169999999,210.184520721000013
426,425,-93.538817609999995,44.065453569999981,219.024906157999993
427,426,-93.538817609999995,44.065414969999992,225.224678039999986
428,427,-93.538817609999995,44.065376369999996,225.730064392000003
429,428,-93.538817609999995,44.065337769999999,224.558403015000010
430,429,-93.538817609999995,44.065299169999989,225.646957396999994
431,430,-93.538817609999995,44.065260569999992,229.184135437000009
432,431,-93.538817609999995,44.065221970000003,234.265274048000009
433,432,-93.538817609999995,44.065183370000000,237.013687134000008
434,433,-93.538817609999995,44.065144769999989,238.652118682999998
435,434,-93.538817609999995,44.065106169999993,237.920585632000012
436,435,-93.538817609999995,44.065067569999997,233.912204742000000
437,436,-93.538817609999995,44.065028970000000,230.876899718999994
438,437,-93.538817609999995,44.064990369999990,232.044265746999997
439,438,-93.538817609999995,44.064951769999986,235.060180664000001
440,439,-93.538817609999995,44.064913169999997,237.120105743000011
441,440,-93.538779009999999,44.065646569999991,156.400657654000014
442,441,-93.538779009999999,44.065607969999988,155.441539763999998
443,442,-93.538779009999999,44.065569369999992,169.944545745999989
444,443,-93.538779009999999,44.065530769999995,189.665771484000004
445,444,-93.538779009999999,44.065492169999999,201.186111449999999
446,445,-93.538779009999999,44.065453569999981,215.951808929000009
447,446,-93.538779009999999,44.065414969999992,226.858734131000006
448,447,-93.538779009999999,44.065376369999996,228.884593964000004
449,448,-93.538779009999999,44.065337769999999,228.026615142999987
450,449,-93.538779009999999,44.065299169999989,229.213401793999992
451,450,-93.538779009999999,44.065260569999992,233.015762329000012
452,451,-93.538779009999999,44.065221970000003,237.451526642000005
453,452,-93.538779009999999,44.065183370000000,239.586616515999992
454,453,-93.538779009999999,44.065144769999989,240.810230254999993
455,454,-93.538779009999999,44.065106169999993,242.144531250000000
456,455,-93.538779009999999,44.065067569999997,240.066974640000012
457,456,-93.538779009999999,44.065028970000000,237.407337189000003
458,457,-93.538779009999999,44.064990369999990,236.091415404999992
459,458,-93.538779009999999,44.064951769999986,235.439193726000013
460,459,-93.538779009999999,44.064913169999997,232.855022429999991
461,460,-93.538740410000003,44.065646569999991,149.851696013999998
462,461,-93.538740410000003,44.065607969999988,147.758571625000002
463,462,-93.538740410000003,44.065569369999992,154.566085815000008
464,463,-93.538740410000003,44.065530769999995,170.578823089999986
465,464,-93.538740410000003,44.065492169999999,182.137306212999988
466,465,-93.538740410000003,44.065453569999981,203.822937012000011
467,466,-93.538740410000003,44.065414969999992,221.890350342000005
468,467,-93.538740410000003,44.065376369999996,228.154045104999994
469,468,-93.538740410000003,44.065337769999999,230.517406464000004
470,469,-93.538740410000003,44.065299169999989,233.118858337000006
471,470,-93.538740410000003,44.065260569999992,237.352394104000012
472,471,-93.538740410000003,44.065221970000003,242.036560059000010
473,472,-93.538740410000003,44.065183370000000,243.905853271000012
474,473,-93.538740410000003,44.065144769999989,244.202445984000008
475,474,-93.538740410000003,44.065106169999993,243.072921753000003
476,475,-93.538740410000003,44.065067569999997,240.503086090000011
477,476,-93.538740410000003,44.065028970000000,238.202327728000000
478,477,-93.538740410000003,44.064990369999990,239.242996215999995
479,478,-93.538740410000003,44.064951769999986,238.710788726999994
480,479,-93.538740410000003,44.064913169999997,233.966300963999998
481,480,-93.538701809999992,44.065646569999991,146.578758240000013
482,481,-93.538701809999992,44.065607969999988,141.202247620000009
483,482,-93.538701809999992,44.065569369999992,140.319496154999996
484,483,-93.538701809999992,44.065530769999995,157.289939879999991
485,484,-93.538701809999992,44.065492169999999,170.406951904000010
486,485,-93.538701809999992,44.065453569999981,193.785049437999987
487,486,-93.538701809999992,44.065414969999992,216.011291504000013
488,487,-93.538701809999992,44.065376369999996,224.617637634000005
489,488,-93.538701809999992,44.065337769999999,229.061210632000012
490,489,-93.538701809999992,44.065299169999989,232.585441588999998
491,490,-93.538701809999992,44.065260569999992,237.380676270000009
492,491,-93.538701809999992,44.065221970000003,243.707809448000006
493,492,-93.538701809999992,44.065183370000000,245.600082396999994
494,493,-93.538701809999992,44.065144769999989,244.691459656000006
495,494,-93.538701809999992,44.065106169999993,241.783386229999991
496,495,-93.538701809999992,44.065067569999997,238.780921935999999
497,496,-93.538701809999992,44.065028970000000,236.975875854000009
498,497,-93.538701809999992,44.064990369999990,239.958183289000004
499,498,-93.538701809999992,44.064951769999986,241.609901428000001
500,499,-93.538701809999992,44.064913169999997,236.640350342000005
501,500,-93.538663210000024,44.065646569999991,146.691062926999990
502,501,-93.538663210000024,44.065607969999988,138.331882476999994
503,502,-93.538663210000024,44.065569369999992,143.756500243999994
504,503,-93.538663210000024,44.065530769999995,158.016716002999999
505,504,-93.538663210000024,44.065492169999999,169.258655548000007
506,505,-93.538663210000024,44.065453569999981,188.608940125000004
507,506,-93.538663210000024,44.065414969999992,211.100704193000013
508,507,-93.538663210000024,44.065376369999996,219.516422272000000
509,508,-93.538663210000024,44.065337769999999,224.498077392999988
510,509,-93.538663210000024,44.065299169999989,227.932956695999991
511,510,-93.538663210000024,44.065260569999992,232.990215301999996
512,511,-93.538663210000024,44.065221970000003,239.331478118999996
513,512,-93.538663210000024,44.065183370000000,241.374366759999987
514,513,-93.538663210000024,44.065144769999989,240.240245818999995
515,514,-93.538663210000024,44.065106169999993,238.403198242000002
516,515,-93.538663210000024,44.065067569999997,237.269664763999998
517,516,-93.538663210000024,44.065028970000000,236.997451782000013
518,517,-93.538663210000024,44.064990369999990,238.878074645999988
519,518,-93.538663210000024,44.064951769999986,240.144733429000013
520,519,-93.538663210000024,44.064913169999997,236.590141296000013
521,520,-93.538624609999985,44.065646569999991,151.622806548999989
522,521,-93.538624609999985,44.065607969999988,144.604301453000005
523,522,-93.538624609999985,44.065569369999992,147.486434937000013
524,523,-93.538624609999985,44.065530769999995,161.408725739000005
525,524,-93.538624609999985,44.065492169999999,172.235721587999990
526,525,-93.538624609999985,44.065453569999981,193.811382293999998
527,526,-93.538624609999985,44.065414969999992,214.767051696999999
528,527,-93.538624609999985,44.065376369999996,221.524089812999989
529,528,-93.538624609999985,44.065337769999999,223.905723571999999
530,529,-93.538624609999985,44.065299169999989,226.326686859000006
531,530,-93.538624609999985,44.065260569999992,230.634731292999987
532,531,-93.538624609999985,44.065221970000003,236.747478484999988
533,532,-93.538624609999985,44.065183370000000,239.376350403000004
534,533,-93.538624609999985,44.065144769999989,238.937297820999987
535,534,-93.538624609999985,44.065106169999993,238.035678864000005
536,535,-93.538624609999985,44.065067569999997,236.994209289999986
537,536,-93.538624609999985,44.065028970000000,234.585735320999987
538,537,-93.538624609999985,44.064990369999990,232.666240692000002
539,538,-93.538624609999985,44.064951769999986,230.938289642000001
540,539,-93.538624609999985,44.064913169999997,231.302150726000008
541,540,-93.538586009999975,44.065646569999991,158.211090087999992
542,541,-93.538586009999975,44.065607969999988,156.220916748000008
543,542,-93.538586009999975,44.065569369999992,157.286674500000004
544,543,-93.538586009999975,44.065530769999995,166.928653717000003
545,544,-93.538586009999975,44.065492169999999,174.966426848999987
546,545,-93.538586009999975,44.065453569999981,201.227146148999992
547,546,-93.538586009999975,44.065414969999992,222.348464965999995
548,547,-93.538586009999975,44.065376369999996,226.800155640000014
549,548,-93.538586009999975,44.065337769999999,228.030090331999986
550,549,-93.538586009999975,44.065299169999989,229.257720946999996
551,550,-93.538586009999975,44.065260569999992,232.661857604999994
552,551,-93.538586009999975,44.065221970000003,236.528011321999998
553,552,-93.538586009999975,44.065183370000000,238.735931396000012
554,553,-93.538586009999975,44.065144769999989,240.748126984000010
555,554,-93.538586009999975,44.065106169999993,241.658397675000003
556,555,-93.538586009999975,44.065067569999997,238.376483917000002
557,556,-93.538586009999975,44.065028970000000,233.658298492000000
558,557,-93.538586009999975,44.064990369999990,226.643299103000004
559,558,-93.538586009999975,44.064951769999986,221.052593231000003
560,559,-93.538586009999975,44.064913169999997,223.198554992999988
561,560,-93.538547410000007,44.065646569999991,162.464344025000003
562,561,-93.538547410000007,44.065607969999988,162.595115662000012
563,562,-93.538547410000007,44.065569369999992,167.761260985999996
564,563,-93.538547410000007,44.065530769999995,172.067787170000003
565,564,-93.538547410000007,44.065492169999999,177.610855103000006
566,565,-93.538547410000007,44.065453569999981,200.082172393999997
567,566,-93.538547410000007,44.065414969999992,220.120170593000012
568,567,-93.538547410000007,44.065376369999996,225.129440308000000
569,568,-93.538547410000007,44.065337769999999,227.261577606000003
570,569,-93.538547410000007,44.065299169999989,229.090793609999992
571,570,-93.538547410000007,44.065260569999992,231.713699340999995
572,571,-93.538547410000007,44.065221970000003,233.008178710999999
573,572,-93.538547410000007,44.065183370000000,234.325958251999992
574,573,-93.538547410000007,44.065144769999989,237.804157257000014
575,574,-93.538547410000007,44.065106169999993,241.642269134999992
576,575,-93.538547410000007,44.065067569999997,241.229110717999987
577,576,-93.538547410000007,44.065028970000000,237.767463684000006
578,577,-93.538547410000007,44.064990369999990,229.341342926000010
579,578,-93.538547410000007,44.064951769999986,222.637531281000008
580,579,-93.538547410000007,44.064913169999997,224.715301514000004
581,580,-93.538508809999996,44.065646569999991,163.729469298999987
582,581,-93.538508809999996,44.065607969999988,163.403690337999990
583,582,-93.538508809999996,44.065569369999992,165.593029021999996
584,583,-93.538508809999996,44.065530769999995,172.291061401000007
585,584,-93.538508809999996,44.065492169999999,178.484123229999994
586,585,-93.538508809999996,44.065453569999981,198.630916595000002
587,586,-93.538508809999996,44.065414969999992,219.167625426999990
588,587,-93.538508809999996,44.065376369999996,226.667972565000014
589,588,-93.538508809999996,44.065337769999999,231.476642609000010
590,589,-93.538508809999996,44.065299169999989,234.051170348999989
591,590,-93.538508809999996,44.065260569999992,234.829677581999988
592,591,-93.538508809999996,44.065221970000003,235.455200195000003
593,592,-93.538508809999996,44.065183370000000,236.369567870999987
594,593,-93.538508809999996,44.065144769999989,238.006549834999987
595,594,-93.538508809999996,44.065106169999993,239.562274932999998
596,595,-93.538508809999996,44.065067569999997,239.672801971000013
597,596,-93.538508809999996,44.065028970000000,237.810207367000004
598,597,-93.538508809999996,44.064990369999990,232.313751220999990
599,598,-93.538508809999996,44.064951769999986,228.319831848000007
600,599,-93.538508809999996,44.064913169999997,230.802909851000010
601,600,-93.538470209999986,44.065646569999991,164.505039215000011
602,601,-93.538470209999986,44.065607969999988,163.254837035999998
603,602,-93.538470209999986,44.065569369999992,161.349822998000008
604,603,-93.538470209999986,44.065530769999995,169.345359801999990
605,604,-93.538470209999986,44.065492169999999,178.119163512999990
606,605,-93.538470209999986,44.065453569999981,202.426597595000004
607,606,-93.538470209999986,44.065414969999992,222.751850128000001
608,607,-93.538470209999986,44.065376369999996,229.593017578000001
609,608,-93.538470209999986,44.065337769999999,235.292617798000009
610,609,-93.538470209999986,44.065299169999989,239.395603179999995
611,610,-93.538470209999986,44.065260569999992,240.360588073999992
612,611,-93.538470209999986,44.065221970000003,240.131355286000002
613,612,-93.538470209999986,44.065183370000000,239.950546265000014
614,613,-93.538470209999986,44.065144769999989,239.297359467000007
615,614,-93.538470209999986,44.065106169999993,236.493614196999999
616,615,-93.538470209999986,44.065067569999997,234.007381439000000
617,616,-93.538470209999986,44.065028970000000,234.961299896000014
618,617,-93.538470209999986,44.064990369999990,233.843418121000013
619,618,-93.538470209999986,44.064951769999986,232.453731537000010
620,619,-93.538470209999986,44.064913169999997,233.342517853000004
621,620,-93.538431610000004,44.065646569999991,167.068271637000009
622,621,-93.538431610000004,44.065607969999988,165.909324645999988
623,622,-93.538431610000004,44.065569369999992,163.214698792000007
624,623,-93.538431610000004,44.065530769999995,171.268943787000012
625,624,-93.538431610000004,44.065492169999999,179.915607451999989
626,625,-93.538431610000004,44.065453569999981,207.494205475000001
627,626,-93.538431610000004,44.065414969999992,228.816379546999997
628,627,-93.538431610000004,44.065376369999996,231.172981262000008
629,628,-93.538431610000004,44.065337769999999,234.118938445999987
630,629,-93.538431610000004,44.065299169999989,238.106609343999992
631,630,-93.538431610000004,44.065260569999992,239.504699706999986
632,631,-93.538431610000004,44.065221970000003,238.451229095000002
633,632,-93.538431610000004,44.065183370000000,237.195114136000001
634,633,-93.538431610000004,44.065144769999989,235.742492676000012
635,634,-93.538431610000004,44.065106169999993,232.947086334000005
636,635,-93.538431610000004,44.065067569999997,231.664699554000009
637,636,-93.538431610000004,44.065028970000000,233.353137970000006
638,637,-93.538431610000004,44.064990369999990,236.310787201000011
639,638,-93.538431610000004,44.064951769999986,235.605049132999994
640,639,-93.538431610000004,44.064913169999997,231.153129578000005
641,640,-93.538393009999993,44.065646569999991,171.038669585999997
642,641,-93.538393009999993,44.065607969999988,170.230552673000005
643,642,-93.538393009999993,44.065569369999992,165.332103729000011
644,643,-93.538393009999993,44.065530769999995,171.882938384999989
645,644,-93.538393009999993,44.065492169999999,181.153266906999988
646,645,-93.538393009999993,44.065453569999981,213.352439879999991
647,646,-93.538393009999993,44.065414969999992,234.515453339000004
648,647,-93.538393009999993,44.065376369999996,238.447650909000004
649,648,-93.538393009999993,44.065337769999999,236.572257995999990
650,649,-93.538393009999993,44.065299169999989,235.982746123999988
651,650,-93.538393009999993,44.065260569999992,235.325763701999989
652,651,-93.538393009999993,44.065221970000003,232.945999145999991
653,652,-93.538393009999993,44.065183370000000,231.578758240000013
654,653,-93.538393009999993,44.065144769999989,231.907707213999998
655,654,-93.538393009999993,44.065106169999993,233.469516754000011
656,655,-93.538393009999993,44.065067569999997,234.165672301999990
657,656,-93.538393009999993,44.065028970000000,234.294910431000005
658,657,-93.538393009999993,44.064990369999990,235.406677245999987
659,658,-93.538393009999993,44.064951769999986,235.097385406000001
660,659,-93.538393009999993,44.064913169999997,229.819118500000002
661,660,-93.538354409999982,44.065646569999991,173.635410309000008
662,661,-93.538354409999982,44.065607969999988,171.374114990000010
663,662,-93.538354409999982,44.065569369999992,168.240386962999992
664,663,-93.538354409999982,44.065530769999995,177.836753845000004
665,664,-93.538354409999982,44.065492169999999,185.574268340999993
666,665,-93.538354409999982,44.065453569999981,212.517486571999996
667,666,-93.538354409999982,44.065414969999992,233.456733703999987
668,667,-93.538354409999982,44.065376369999996,237.967132568000011
669,668,-93.538354409999982,44.065337769999999,235.887184143000013
670,669,-93.538354409999982,44.065299169999989,233.476230621000013
671,670,-93.538354409999982,44.065260569999992,232.490104674999998
672,671,-93.538354409999982,44.065221970000003,230.839057921999995
673,672,-93.538354409999982,44.065183370000000,230.031257629000010
674,673,-93.538354409999982,44.065144769999989,231.783252715999993
675,674,-93.538354409999982,44.065106169999993,235.241565704000010
676,675,-93.538354409999982,44.065067569999997,235.885967254999997
677,676,-93.538354409999982,44.065028970000000,232.772624968999992
678,677,-93.538354409999982,44.064990369999990,230.294361114999987
679,678,-93.538354409999982,44.064951769999986,229.465675354000012
680,679,-93.538354409999982,44.064913169999997,227.749141693000013
681,680,-93.538315810000000,44.065646569999991,175.328361510999997
682,681,-93.538315810000000,44.065607969999988,172.910011292000007
683,682,-93.538315810000000,44.065569369999992,173.013854979999991
684,683,-93.538315810000000,44.065530769999995,185.662151337000012
685,684,-93.538315810000000,44.065492169999999,187.575366973999991
686,685,-93.538315810000000,44.065453569999981,207.799903870000009
687,686,-93.538315810000000,44.065414969999992,225.285884857000013
688,687,-93.538315810000000,44.065376369999996,229.916549683000000
689,688,-93.538315810000000,44.065337769999999,230.207641601999995
690,689,-93.538315810000000,44.065299169999989,231.498352051000012
691,690,-93.538315810000000,44.065260569999992,234.196445465000011
692,691,-93.538315810000000,44.065221970000003,234.180641173999987
693,692,-93.538315810000000,44.065183370000000,233.155059813999998
694,693,-93.538315810000000,44.065144769999989,234.233581543000014
695,694,-93.538315810000000,44.065106169999993,236.272541045999986
696,695,-93.538315810000000,44.065067569999997,235.425651549999998
697,696,-93.538315810000000,44.065028970000000,229.819385528999987
698,697,-93.538315810000000,44.064990369999990,225.338268279999994
699,698,-93.538315810000000,44.064951769999986,224.601467133000000
700,699,-93.538315810000000,44.064913169999997,227.150905609000006
701,700,-93.538277210000004,44.065646569999991,178.471305846999996
702,701,-93.538277210000004,44.065607969999988,179.318347931000005
703,702,-93.538277210000004,44.065569369999992,179.942237854000012
704,703,-93.538277210000004,44.065530769999995,181.950252532999997
705,704,-93.538277210000004,44.065492169999999,182.391014098999989
706,705,-93.538277210000004,44.065453569999981,202.273120879999993
707,706,-93.538277210000004,44.065414969999992,222.134010315000012
708,707,-93.538277210000004,44.065376369999996,228.235492706000002
709,708,-93.538277210000004,44.065337769999999,230.826889037999990
710,709,-93.538277210000004,44.065299169999989,234.733581543000014
711,710,-93.538277210000004,44.065260569999992,239.181365967000005
712,711,-93.538277210000004,44.065221970000003,239.033733367999986
713,712,-93.538277210000004,44.065183370000000,236.384269713999998
714,713,-93.538277210000004,44.065144769999989,235.825160979999993
715,714,-93.538277210000004,44.065106169999993,236.857551575000002
716,715,-93.538277210000004,44.065067569999997,236.313610076999993
717,716,-93.538277210000004,44.065028970000000,231.344253540000011
718,717,-93.538277210000004,44.064990369999990,228.527076720999986
719,718,-93.538277210000004,44.064951769999986,230.352382659999989
720,719,-93.538277210000004,44.064913169999997,232.824188232000012
721,720,-93.538238610000008,44.065646569999991,180.745368958000000
722,721,-93.538238610000008,44.065607969999988,184.786952971999995
723,722,-93.538238610000008,44.065569369999992,185.123813629000011
724,723,-93.538238610000008,44.065530769999995,178.947128295999988
725,724,-93.538238610000008,44.065492169999999,178.813789367999988
726,725,-93.538238610000008,44.065453569999981,201.914600371999995
727,726,-93.538238610000008,44.065414969999992,222.410648345999988
728,727,-93.538238610000008,44.065376369999996,228.968597412000008
729,728,-93.538238610000008,44.065337769999999,232.095512390000010
730,729,-93.538238610000008,44.065299169999989,236.401107787999990
731,730,-93.538238610000008,44.065260569999992,241.020263671999999
732,731,-93.538238610000008,44.065221970000003,241.093624115000011
733,732,-93.538238610000008,44.065183370000000,238.695350646999998
734,733,-93.538238610000008,44.065144769999989,236.521648406999986
735,734,-93.538238610000008,44.065106169999993,235.352184295999990
736,735,-93.538238610000008,44.065067569999997,234.136543273999990
737,736,-93.538238610000008,44.065028970000000,231.573020934999988
738,737,-93.538238610000008,44.064990369999990,231.834972381999989
739,738,-93.538238610000008,44.064951769999986,235.527984618999994
740,739,-93.538238610000008,44.064913169999997,237.611667632999996
741,740,-93.538200009999997,44.065646569999991,181.700103759999990
742,741,-93.538200009999997,44.065607969999988,186.611938476999995
743,742,-93.538200009999997,44.065569369999992,192.272613524999997
744,743,-93.538200009999997,44.065530769999995,187.355979918999992
745,744,-93.538200009999997,44.065492169999999,183.101287842000005
746,745,-93.538200009999997,44.065453569999981,205.317153931000007
747,746,-93.538200009999997,44.065414969999992,223.525749206999990
748,747,-93.538200009999997,44.065376369999996,229.891815186000002
749,748,-93.538200009999997,44.065337769999999,231.555427551000008
750,749,-93.538200009999997,44.065299169999989,234.838661193999997
751,750,-93.538200009999997,44.065260569999992,238.921348571999999
752,751,-93.538200009999997,44.065221970000003,238.895660399999997
753,752,-93.538200009999997,44.065183370000000,237.523590087999992
754,753,-93.538200009999997,44.065144769999989,236.746932982999994
755,754,-93.538200009999997,44.065106169999993,235.165855407999999
756,755,-93.538200009999997,44.065067569999997,232.526260376000010
757,756,-93.538200009999997,44.065028970000000,230.408401488999999
758,757,-93.538200009999997,44.064990369999990,231.667488098000007
759,758,-93.538200009999997,44.064951769999986,234.868148803999986
760,759,-93.538200009999997,44.064913169999997,238.278419495000009
761,760,-93.538161409999987,44.065646569999991,180.803249359000006
762,761,-93.538161409999987,44.065607969999988,187.843322754000013
763,762,-93.538161409999987,44.065569369999992,199.394577026000007
764,763,-93.538161409999987,44.065530769999995,199.224826812999993
765,764,-93.538161409999987,44.065492169999999,193.259632111000002
766,765,-93.538161409999987,44.065453569999981,209.667465209999989
767,766,-93.538161409999987,44.065414969999992,227.359058379999993
768,767,-93.538161409999987,44.065376369999996,232.138053893999995
769,768,-93.538161409999987,44.065337769999999,231.341625214000004
770,769,-93.538161409999987,44.065299169999989,231.894882201999991
771,770,-93.538161409999987,44.065260569999992,233.390792847000000
772,771,-93.538161409999987,44.065221970000003,231.984363556000005
773,772,-93.538161409999987,44.065183370000000,232.461395264000004
774,773,-93.538161409999987,44.065144769999989,235.905536651999995
775,774,-93.538161409999987,44.065106169999993,238.880836487000010
776,775,-93.538161409999987,44.065067569999997,236.562992095999988
777,776,-93.538161409999987,44.065028970000000,233.048923492000000
778,777,-93.538161409999987,44.064990369999990,230.992774962999988
779,778,-93.538161409999987,44.064951769999986,231.822139740000011
780,779,-93.538161409999987,44.064913169999997,235.170761107999994
781,780,-93.538122809999990,44.065646569999991,179.211410521999994
782,781,-93.538122809999990,44.065607969999988,189.666980743000011
783,782,-93.538122809999990,44.065569369999992,207.703872681000007
784,783,-93.538122809999990,44.065530769999995,208.866542815999992
785,784,-93.538122809999990,44.065492169999999,199.811771392999987
786,785,-93.538122809999990,44.065453569999981,214.196681976000008
787,786,-93.538122809999990,44.065414969999992,229.999717712000006
788,787,-93.538122809999990,44.065376369999996,234.453971862999992
789,788,-93.538122809999990,44.065337769999999,231.649528502999999
790,789,-93.538122809999990,44.065299169999989,227.496120453000003
791,790,-93.538122809999990,44.065260569999992,224.079528809000010
792,791,-93.538122809999990,44.065221970000003,220.379684448000006
793,792,-93.538122809999990,44.065183370000000,222.849212646000012
794,793,-93.538122809999990,44.065144769999989,230.958683014000002
795,794,-93.538122809999990,44.065106169999993,239.221485137999991
796,795,-93.538122809999990,44.065067569999997,239.601142882999994
797,796,-93.538122809999990,44.065028970000000,236.992729187000009
798,797,-93.538122809999990,44.064990369999990,234.491798401000011
799,798,-93.538122809999990,44.064951769999986,233.664840698000006
800,799,-93.538122809999990,44.064913169999997,235.726043701000009
801,800,-93.538084209999980,44.065646569999991,175.996234893999997
802,801,-93.538084209999980,44.065607969999988,189.871231079000012
803,802,-93.538084209999980,44.065569369999992,208.675350189000000
804,803,-93.538084209999980,44.065530769999995,206.248981476000012
805,804,-93.538084209999980,44.065492169999999,197.994300842000001
806,805,-93.538084209999980,44.065453569999981,213.554347992000004
807,806,-93.538084209999980,44.065414969999992,227.130672454999996
808,807,-93.538084209999980,44.065376369999996,232.068801879999995
809,808,-93.538084209999980,44.065337769999999,232.137969970999990
810,809,-93.538084209999980,44.065299169999989,226.288215637000008
811,810,-93.538084209999980,44.065260569999992,221.244831084999987
812,811,-93.538084209999980,44.065221970000003,218.588726043999998
813,812,-93.538084209999980,44.065183370000000,221.574569701999991
814,813,-93.538084209999980,44.065144769999989,228.048332213999998
815,814,-93.538084209999980,44.065106169999993,232.794570923000009
816,815,-93.538084209999980,44.065067569999997,234.337249756000006
817,816,-93.538084209999980,44.065028970000000,238.869716643999993
818,817,-93.538084209999980,44.064990369999990,243.290840148999990
819,818,-93.538084209999980,44.064951769999986,243.389755248999990
820,819,-93.538084209999980,44.064913169999997,242.610584259000007
821,820,-93.538045609999983,44.065646569999991,173.363101959000005
822,821,-93.538045609999983,44.065607969999988,184.966602324999997
823,822,-93.538045609999983,44.065569369999992,195.898109435999999
824,823,-93.538045609999983,44.065530769999995,199.054496765000010
825,824,-93.538045609999983,44.065492169999999,207.076946259000010
826,825,-93.538045609999983,44.065453569999981,217.656040192000006
827,826,-93.538045609999983,44.065414969999992,225.938011168999992
828,827,-93.538045609999983,44.065376369999996,231.349800109999990
829,828,-93.538045609999983,44.065337769999999,234.079368590999991
830,829,-93.538045609999983,44.065299169999989,232.920299529999994
831,830,-93.538045609999983,44.065260569999992,232.975994109999988
832,831,-93.538045609999983,44.065221970000003,235.719860076999993
833,832,-93.538045609999983,44.065183370000000,238.323036193999997
834,833,-93.538045609999983,44.065144769999989,240.120857239000003
835,834,-93.538045609999983,44.065106169999993,239.508613585999996
836,835,-93.538045609999983,44.065067569999997,237.540996551999996
837,836,-93.538045609999983,44.065028970000000,241.945201873999991
838,837,-93.538045609999983,44.064990369999990,246.677589417000007
839,838,-93.538045609999983,44.064951769999986,246.764728545999986
840,839,-93.538045609999983,44.064913169999997,244.672618865999993
841,840,-93.538007010000001,44.065646569999991,171.931488037000008
842,841,-93.538007010000001,44.065607969999988,178.262878418000014
843,842,-93.538007010000001,44.065569369999992,182.507247925000001
844,843,-93.538007010000001,44.065530769999995,189.073776245000005
845,844,-93.538007010000001,44.065492169999999,203.977233887000011
846,845,-93.538007010000001,44.065453569999981,218.105960845999988
847,846,-93.538007010000001,44.065414969999992,227.997592926000010
848,847,-93.538007010000001,44.065376369999996,233.389724731000001
849,848,-93.538007010000001,44.065337769999999,237.166866301999988
850,849,-93.538007010000001,44.065299169999989,239.181167603000006
851,850,-93.538007010000001,44.065260569999992,242.449653624999996
852,851,-93.538007010000001,44.065221970000003,246.646907806000002
853,852,-93.538007010000001,44.065183370000000,248.857688904000014
854,853,-93.538007010000001,44.065144769999989,249.114273071000014
855,854,-93.538007010000001,44.065106169999993,246.043243407999995
856,855,-93.538007010000001,44.065067569999997,242.101108551000010
857,856,-93.538007010000001,44.065028970000000,244.979007720999988
858,857,-93.538007010000001,44.064990369999990,247.188446045000006
859,858,-93.538007010000001,44.064951769999986,245.702320098999991
860,859,-93.538007010000001,44.064913169999997,244.139972687000011
861,860,-93.537968409999991,44.065646569999991,169.819740295000003
862,861,-93.537968409999991,44.065607969999988,174.097705840999993
863,862,-93.537968409999991,44.065569369999992,174.646072387999993
864,863,-93.537968409999991,44.065530769999995,176.655979156000001
865,864,-93.537968409999991,44.065492169999999,185.361873626999994
866,865,-93.537968409999991,44.065453569999981,206.833946228000002
867,866,-93.537968409999991,44.065414969999992,229.705635070999989
868,867,-93.537968409999991,44.065376369999996,236.481777190999992
869,868,-93.537968409999991,44.065337769999999,240.217403412000010
870,869,-93.537968409999991,44.065299169999989,240.930919646999996
871,870,-93.537968409999991,44.065260569999992,240.812702179000013
872,871,-93.537968409999991,44.065221970000003,241.759574890000010
873,872,-93.537968409999991,44.065183370000000,241.762840270999988
874,873,-93.537968409999991,44.065144769999989,241.750488281000003
875,874,-93.537968409999991,44.065106169999993,241.210105895999988
876,875,-93.537968409999991,44.065067569999997,241.977142334000007
877,876,-93.537968409999991,44.065028970000000,246.121685028000002
878,877,-93.537968409999991,44.064990369999990,248.397624968999992
879,878,-93.537968409999991,44.064951769999986,247.157886504999993
880,879,-93.537968409999991,44.064913169999997,245.402812957999998
881,880,-93.537929810000009,44.065646569999991,165.484794617000006
882,881,-93.537929810000009,44.065607969999988,167.389369964999986
883,882,-93.537929810000009,44.065569369999992,168.652736664000003
884,883,-93.537929810000009,44.065530769999995,171.571380615000010
885,884,-93.537929810000009,44.065492169999999,174.313415526999989
886,885,-93.537929810000009,44.065453569999981,202.514705657999997
887,886,-93.537929810000009,44.065414969999992,229.324440001999989
888,887,-93.537929810000009,44.065376369999996,238.111469268999997
889,888,-93.537929810000009,44.065337769999999,240.768733978000000
890,889,-93.537929810000009,44.065299169999989,241.567035675000000
891,890,-93.537929810000009,44.065260569999992,241.109615326000011
892,891,-93.537929810000009,44.065221970000003,238.830806732000013
893,892,-93.537929810000009,44.065183370000000,237.013099670000003
894,893,-93.537929810000009,44.065144769999989,236.353401184000006
895,894,-93.537929810000009,44.065106169999993,238.831344604000009
896,895,-93.537929810000009,44.065067569999997,242.590606688999998
897,896,-93.537929810000009,44.065028970000000,246.203578948999990
898,897,-93.537929810000009,44.064990369999990,247.678195952999999
899,898,-93.537929810000009,44.064951769999986,248.721126556000002
900,899,-93.537929810000009,44.064913169999997,247.563697815000012
901,900,-93.537891209999998,44.065646569999991,160.507511139000002
902,901,-93.537891209999998,44.065607969999988,157.576404572000001
903,902,-93.537891209999998,44.065569369999992,162.295818329000014
904,903,-93.537891209999998,44.065530769999995,175.531558990000008
905,904,-93.537891209999998,44.065492169999999,180.009353637999993
906,905,-93.537891209999998,44.065453569999981,201.823490142999987
907,906,-93.537891209999998,44.065414969999992,227.279079437000007
908,907,-93.537891209999998,44.065376369999996,235.532016754000011
909,908,-93.537891209999998,44.065337769999999,236.885097503999987
910,909,-93.537891209999998,44.065299169999989,239.449428557999994
911,910,-93.537891209999998,44.065260569999992,241.858997345000006
912,911,-93.537891209999998,44.065221970000003,238.985839843999997
913,912,-93.537891209999998,44.065183370000000,235.085151671999995
914,913,-93.537891209999998,44.065144769999989,234.261558532999999
915,914,-93.537891209999998,44.065106169999993,237.164478301999992
916,915,-93.537891209999998,44.065067569999997,240.666263579999992
917,916,-93.537891209999998,44.065028970000000,242.534355164000004
918,917,-93.537891209999998,44.064990369999990,243.241550445999991
919,918,-93.537891209999998,44.064951769999986,245.195114136000001
920,919,-93.537891209999998,44.064913169999997,246.383182526000013
921,920,-93.537852609999987,44.065646569999991,157.461719512999991
922,921,-93.537852609999987,44.065607969999988,149.020835876000007
923,922,-93.537852609999987,44.065569369999992,155.179733276000007
924,923,-93.537852609999987,44.065530769999995,178.852298737000012
925,924,-93.537852609999987,44.065492169999999,185.957660675000000
926,925,-93.537852609999987,44.065453569999981,202.153678893999995
927,926,-93.537852609999987,44.065414969999992,222.460437775000003
928,927,-93.537852609999987,44.065376369999996,230.303733826000013
929,928,-93.537852609999987,44.065337769999999,232.808715820000003
930,929,-93.537852609999987,44.065299169999989,237.479511260999999
931,930,-93.537852609999987,44.065260569999992,240.868110656999988
932,931,-93.537852609999987,44.065221970000003,238.449165343999994
933,932,-93.537852609999987,44.065183370000000,234.796379088999998
934,933,-93.537852609999987,44.065144769999989,233.502376556000002
935,934,-93.537852609999987,44.065106169999993,234.868801117000004
936,935,-93.537852609999987,44.065067569999997,236.132408142000003
937,936,-93.537852609999987,44.065028970000000,237.324031829999996
938,937,-93.537852609999987,44.064990369999990,237.526081084999987
939,938,-93.537852609999987,44.064951769999986,239.129711151000009
940,939,-93.537852609999987,44.064913169999997,241.472038268999995
941,940,-93.537814010000005,44.065646569999991,157.053592681999987
942,941,-93.537814010000005,44.065607969999988,145.431499481000003
943,942,-93.537814010000005,44.065569369999992,150.163627625000004
944,943,-93.537814010000005,44.065530769999995,171.603202820000007
945,944,-93.537814010000005,44.065492169999999,178.809070587000008
946,945,-93.537814010000005,44.065453569999981,192.572746276999993
947,946,-93.537814010000005,44.065414969999992,214.270084381000004
948,947,-93.537814010000005,44.065376369999996,226.154148101999994
949,948,-93.537814010000005,44.065337769999999,232.885387420999990
950,949,-93.537814010000005,44.065299169999989,238.543842315999996
951,950,-93.537814010000005,44.065260569999992,239.775562285999996
952,951,-93.537814010000005,44.065221970000003,236.196891784999991
953,952,-93.537814010000005,44.065183370000000,233.911743164000001
954,953,-93.537814010000005,44.065144769999989,233.322498322000001
955,954,-93.537814010000005,44.065106169999993,233.435665131000007
956,955,-93.537814010000005,44.065067569999997,233.260913848999991
957,956,-93.537814010000005,44.065028970000000,233.880172729000009
958,957,-93.537814010000005,44.064990369999990,234.482070923000009
959,958,-93.537814010000005,44.064951769999986,235.972061157000013
960,959,-93.537814010000005,44.064913169999997,237.919113159000005
961,960,-93.537775409999995,44.065646569999991,159.860282898000008
962,961,-93.537775409999995,44.065607969999988,145.467933654999996
963,962,-93.537775409999995,44.065569369999992,150.235042571999998
964,963,-93.537775409999995,44.065530769999995,167.471714020000007
965,964,-93.537775409999995,44.065492169999999,173.691448212000012
966,965,-93.537775409999995,44.065453569999981,184.824012756000002
967,966,-93.537775409999995,44.065414969999992,203.218990326000011
968,967,-93.537775409999995,44.065376369999996,216.285663604999996
969,968,-93.537775409999995,44.065337769999999,223.773433684999986
970,969,-93.537775409999995,44.065299169999989,229.214031218999992
971,970,-93.537775409999995,44.065260569999992,231.595657348999993
972,971,-93.537775409999995,44.065221970000003,231.802265167000002
973,972,-93.537775409999995,44.065183370000000,231.419097899999997
974,973,-93.537775409999995,44.065144769999989,230.731437682999996
975,974,-93.537775409999995,44.065106169999993,229.172153473000009
976,975,-93.537775409999995,44.065067569999997,227.687973021999994
977,976,-93.537775409999995,44.065028970000000,228.207916259999990
978,977,-93.537775409999995,44.064990369999990,230.281951904000010
979,978,-93.537775409999995,44.064951769999986,233.050903320000003
980,979,-93.537775409999995,44.064913169999997,235.345447540000009
981,980,-93.537736809999998,44.065646569999991,164.461757659999989
982,981,-93.537736809999998,44.065607969999988,148.759662628000001
983,982,-93.537736809999998,44.065569369999992,160.167995453000003
984,983,-93.537736809999998,44.065530769999995,176.210350037000012
985,984,-93.537736809999998,44.065492169999999,174.174404143999993
986,985,-93.537736809999998,44.065453569999981,180.848796843999992
987,986,-93.537736809999998,44.065414969999992,197.251663207999997
988,987,-93.537736809999998,44.065376369999996,204.295337676999992
989,988,-93.537736809999998,44.065337769999999,207.097358703999987
990,989,-93.537736809999998,44.065299169999989,213.158630370999987
991,990,-93.537736809999998,44.065260569999992,221.196250915999997
992,991,-93.537736809999998,44.065221970000003,227.729705811000002
993,992,-93.537736809999998,44.065183370000000,229.316886901999993
994,993,-93.537736809999998,44.065144769999989,227.326969147000000
995,994,-93.537736809999998,44.065106169999993,222.807117462000008
996,995,-93.537736809999998,44.065067569999997,219.660480498999988
997,996,-93.537736809999998,44.065028970000000,220.589160918999994
998,997,-93.537736809999998,44.064990369999990,224.397102356000005
999,998,-93.537736809999998,44.064951769999986,228.926776885999999
1000,999,-93.537736809999998,44.064913169999997,232.564086914000001
1001,1000,-93.537698210000002,44.065646569999991,168.919975281000006
1002,1001,-93.537698210000002,44.065607969999988,157.889152526999993
1003,1002,-93.537698210000002,44.065569369999992,168.687496184999986
1004,1003,-93.537698210000002,44.065530769999995,184.608699798999993
1005,1004,-93.537698210000002,44.065492169999999,172.829296112000009
1006,1005,-93.537698210000002,44.065453569999981,179.853153228999986
1007,1006,-93.537698210000002,44.065414969999992,201.109001159999991
1008,1007,-93.537698210000002,44.065376369999996,206.863677978999988
1009,1008,-93.537698210000002,44.065337769999999,205.705356598000009
1010,1009,-93.537698210000002,44.065299169999989,208.385116576999991
1011,1010,-93.537698210000002,44.065260569999992,217.100753784000005
1012,1011,-93.537698210000002,44.065221970000003,225.327392578000001
1013,1012,-93.537698210000002,44.065183370000000,226.889770507999998
1014,1013,-93.537698210000002,44.065144769999989,223.723564148000008
1015,1014,-93.537698210000002,44.065106169999993,216.940769195999991
1016,1015,-93.537698210000002,44.065067569999997,212.986473082999993
1017,1016,-93.537698210000002,44.065028970000000,213.276447295999986
1018,1017,-93.537698210000002,44.064990369999990,217.066307067999986
1019,1018,-93.537698210000002,44.064951769999986,222.951122284000007
1020,1019,-93.537698210000002,44.064913169999997,227.446182251000010
1021,1020,-93.537659609999992,44.065646569999991,171.263809204000012
1022,1021,-93.537659609999992,44.065607969999988,161.169120789000004
1023,1022,-93.537659609999992,44.065569369999992,168.354698181000003
1024,1023,-93.537659609999992,44.065530769999995,177.200218201000013
1025,1024,-93.537659609999992,44.065492169999999,167.068511962999992
1026,1025,-93.537659609999992,44.065453569999981,173.859703064000001
1027,1026,-93.537659609999992,44.065414969999992,196.106170654000010
1028,1027,-93.537659609999992,44.065376369999996,202.781806945999989
1029,1028,-93.537659609999992,44.065337769999999,202.333572387999993
1030,1029,-93.537659609999992,44.065299169999989,204.083190918000014
1031,1030,-93.537659609999992,44.065260569999992,211.680412292000000
1032,1031,-93.537659609999992,44.065221970000003,218.652931212999988
1033,1032,-93.537659609999992,44.065183370000000,219.878646851000013
1034,1033,-93.537659609999992,44.065144769999989,216.305801392000006
1035,1034,-93.537659609999992,44.065106169999993,208.957458495999987
1036,1035,-93.537659609999992,44.065067569999997,204.996322631999988
1037,1036,-93.537659609999992,44.065028970000000,204.990379332999993
1038,1037,-93.537659609999992,44.064990369999990,207.629302978999988
1039,1038,-93.537659609999992,44.064951769999986,213.149520873999990
1040,1039,-93.537659609999992,44.064913169999997,217.760398865000013
1041,1040,-93.537621009999995,44.065646569999991,172.292869567999986
1042,1041,-93.537621009999995,44.065607969999988,161.379337311000000
1043,1042,-93.537621009999995,44.065569369999992,165.122966765999990
1044,1043,-93.537621009999995,44.065530769999995,168.290542603000006
1045,1044,-93.537621009999995,44.065492169999999,154.254791259999990
1046,1045,-93.537621009999995,44.065453569999981,167.280246734999992
1047,1046,-93.537621009999995,44.065414969999992,187.568485259999989
1048,1047,-93.537621009999995,44.065376369999996,193.541969298999987
1049,1048,-93.537621009999995,44.065337769999999,192.474365234000004
1050,1049,-93.537621009999995,44.065299169999989,193.931243896000012
1051,1050,-93.537621009999995,44.065260569999992,199.546485901000011
1052,1051,-93.537621009999995,44.065221970000003,205.181564331000004
1053,1052,-93.537621009999995,44.065183370000000,205.920150756999988
1054,1053,-93.537621009999995,44.065144769999989,202.669795990000011
1055,1054,-93.537621009999995,44.065106169999993,197.692646026999995
1056,1055,-93.537621009999995,44.065067569999997,196.361854553000001
1057,1056,-93.537621009999995,44.065028970000000,196.678371429000009
1058,1057,-93.537621009999995,44.064990369999990,196.818538665999995
1059,1058,-93.537621009999995,44.064951769999986,198.695404053000004
1060,1059,-93.537621009999995,44.064913169999997,200.975727081000002
1061,1060,-93.537582409999985,44.065646569999991,171.069988251000012
1062,1061,-93.537582409999985,44.065607969999988,162.276920318999998
1063,1062,-93.537582409999985,44.065569369999992,162.788757323999988
1064,1063,-93.537582409999985,44.065530769999995,163.532665253000005
1065,1064,-93.537582409999985,44.065492169999999,154.645790099999999
1066,1065,-93.537582409999985,44.065453569999981,166.333660126000012
1067,1066,-93.537582409999985,44.065414969999992,184.943679809999992
1068,1067,-93.537582409999985,44.065376369999996,188.887355804000009
1069,1068,-93.537582409999985,44.065337769999999,184.861003876000012
1070,1069,-93.537582409999985,44.065299169999989,183.559036254999995
1071,1070,-93.537582409999985,44.065260569999992,187.611587523999987
1072,1071,-93.537582409999985,44.065221970000003,190.196548462000010
1073,1072,-93.537582409999985,44.065183370000000,189.656883240000013
1074,1073,-93.537582409999985,44.065144769999989,189.058326720999986
1075,1074,-93.537582409999985,44.065106169999993,189.786621093999997
1076,1075,-93.537582409999985,44.065067569999997,190.713691710999996
1077,1076,-93.537582409999985,44.065028970000000,191.976459503000001
1078,1077,-93.537582409999985,44.064990369999990,191.010768890000008
1079,1078,-93.537582409999985,44.064951769999986,189.198375701999993
1080,1079,-93.537582409999985,44.064913169999997,188.303752898999988
1081,1080,-93.537543809999988,44.065646569999991,168.821666717999989
1082,1081,-93.537543809999988,44.065607969999988,160.560401917000007
1083,1082,-93.537543809999988,44.065569369999992,164.599384307999998
1084,1083,-93.537543809999988,44.065530769999995,169.210037231000001
1085,1084,-93.537543809999988,44.065492169999999,162.739093781000008
1086,1085,-93.537543809999988,44.065453569999981,166.568572998000008
1087,1086,-93.537543809999988,44.065414969999992,181.179336548000009
1088,1087,-93.537543809999988,44.065376369999996,184.468753815000014
1089,1088,-93.537543809999988,44.065337769999999,179.677768707000013
1090,1089,-93.537543809999988,44.065299169999989,179.051071167000003
1091,1090,-93.537543809999988,44.065260569999992,183.894447326999995
1092,1091,-93.537543809999988,44.065221970000003,185.408046721999995
1093,1092,-93.537543809999988,44.065183370000000,183.624717712000006
1094,1093,-93.537543809999988,44.065144769999989,182.434326171999999
1095,1094,-93.537543809999988,44.065106169999993,183.528202056999987
1096,1095,-93.537543809999988,44.065067569999997,186.575157165999997
1097,1096,-93.537543809999988,44.065028970000000,188.993991851999994
1098,1097,-93.537543809999988,44.064990369999990,188.171833037999988
1099,1098,-93.537543809999988,44.064951769999986,185.437515259000008
1100,1099,-93.537543809999988,44.064913169999997,185.961780548000007
1101,1100,-93.537505210000006,44.065646569999991,168.242595673000011
1102,1101,-93.537505210000006,44.065607969999988,158.420486449999999
1103,1102,-93.537505210000006,44.065569369999992,164.362861632999994
1104,1103,-93.537505210000006,44.065530769999995,172.594120026000013
1105,1104,-93.537505210000006,44.065492169999999,166.126365662000012
1106,1105,-93.537505210000006,44.065453569999981,166.336605071999998
1107,1106,-93.537505210000006,44.065414969999992,176.384166717999989
1108,1107,-93.537505210000006,44.065376369999996,180.091087340999991
1109,1108,-93.537505210000006,44.065337769999999,176.754428864000005
1110,1109,-93.537505210000006,44.065299169999989,177.581851959000005
1111,1110,-93.537505210000006,44.065260569999992,183.084323882999996
1112,1111,-93.537505210000006,44.065221970000003,183.879657745000003
1113,1112,-93.537505210000006,44.065183370000000,181.095855712999992
1114,1113,-93.537505210000006,44.065144769999989,178.921146392999987
1115,1114,-93.537505210000006,44.065106169999993,179.410396576000011
1116,1115,-93.537505210000006,44.065067569999997,182.683780670000004
1117,1116,-93.537505210000006,44.065028970000000,186.078903198000006
1118,1117,-93.537505210000006,44.064990369999990,184.625167847000000
1119,1118,-93.537505210000006,44.064951769999986,181.759487151999991
1120,1119,-93.537505210000006,44.064913169999997,184.194179534999989
1121,1120,-93.537466609999996,44.065646569999991,167.695148468000014
1122,1121,-93.537466609999996,44.065607969999988,154.994812012000011
1123,1122,-93.537466609999996,44.065569369999992,158.274738312000011
1124,1123,-93.537466609999996,44.065530769999995,170.731037140000012
1125,1124,-93.537466609999996,44.065492169999999,167.271598815999994
1126,1125,-93.537466609999996,44.065453569999981,167.323379517000006
1127,1126,-93.537466609999996,44.065414969999992,180.244804382000012
1128,1127,-93.537466609999996,44.065376369999996,183.079574584999989
1129,1128,-93.537466609999996,44.065337769999999,179.720394134999992
1130,1129,-93.537466609999996,44.065299169999989,177.962310790999993
1131,1130,-93.537466609999996,44.065260569999992,178.551204681000002
1132,1131,-93.537466609999996,44.065221970000003,178.932941437000011
1133,1132,-93.537466609999996,44.065183370000000,179.367393493999998
1134,1133,-93.537466609999996,44.065144769999989,179.949340820000003
1135,1134,-93.537466609999996,44.065106169999993,180.722187042000002
1136,1135,-93.537466609999996,44.065067569999997,183.325340270999988
1137,1136,-93.537466609999996,44.065028970000000,184.333759307999998
1138,1137,-93.537466609999996,44.064990369999990,181.507102965999991
1139,1138,-93.537466609999996,44.064951769999986,179.254459381000004
1140,1139,-93.537466609999996,44.064913169999997,182.601337432999998
1141,1140,-93.537428009999985,44.065646569999991,165.899711609000008
1142,1141,-93.537428009999985,44.065607969999988,150.323307037000006
1143,1142,-93.537428009999985,44.065569369999992,155.302581787000008
1144,1143,-93.537428009999985,44.065530769999995,173.902027129999993
1145,1144,-93.537428009999985,44.065492169999999,175.147918701000009
1146,1145,-93.537428009999985,44.065453569999981,170.848640442000004
1147,1146,-93.537428009999985,44.065414969999992,179.089496612999994
1148,1147,-93.537428009999985,44.065376369999996,183.436550140000008
1149,1148,-93.537428009999985,44.065337769999999,182.487663268999995
1150,1149,-93.537428009999985,44.065299169999989,180.658317565999994
1151,1150,-93.537428009999985,44.065260569999992,178.958236693999993
1152,1151,-93.537428009999985,44.065221970000003,178.730903624999996
1153,1152,-93.537428009999985,44.065183370000000,180.420684813999998
1154,1153,-93.537428009999985,44.065144769999989,181.952175140000008
1155,1154,-93.537428009999985,44.065106169999993,182.870197295999986
1156,1155,-93.537428009999985,44.065067569999997,182.699436187999993
1157,1156,-93.537428009999985,44.065028970000000,181.335147857999999
1158,1157,-93.537428009999985,44.064990369999990,178.535343170000004
1159,1158,-93.537428009999985,44.064951769999986,178.393959045000003
1160,1159,-93.537428009999985,44.064913169999997,183.287395476999990
1161,1160,-93.537389410000003,44.065646569999991,164.480659484999990
1162,1161,-93.537389410000003,44.065607969999988,146.767429351999994
1163,1162,-93.537389410000003,44.065569369999992,156.173549651999991
1164,1163,-93.537389410000003,44.065530769999995,178.473022460999999
1165,1164,-93.537389410000003,44.065492169999999,181.379344940000010
1166,1165,-93.537389410000003,44.065453569999981,172.448825835999997
1167,1166,-93.537389410000003,44.065414969999992,173.828079223999993
1168,1167,-93.537389410000003,44.065376369999996,179.161899567000006
1169,1168,-93.537389410000003,44.065337769999999,181.728656768999997
1170,1169,-93.537389410000003,44.065299169999989,182.472404479999994
1171,1170,-93.537389410000003,44.065260569999992,181.922512054000009
1172,1171,-93.537389410000003,44.065221970000003,182.120521545000003
1173,1172,-93.537389410000003,44.065183370000000,183.952468871999997
1174,1173,-93.537389410000003,44.065144769999989,184.786315918000014
1175,1174,-93.537389410000003,44.065106169999993,183.258804321000014
1176,1175,-93.537389410000003,44.065067569999997,180.841850281000006
1177,1176,-93.537389410000003,44.065028970000000,178.578578948999990
1178,1177,-93.537389410000003,44.064990369999990,177.254508971999996
1179,1178,-93.537389410000003,44.064951769999986,179.671886443999995
1180,1179,-93.537389410000003,44.064913169999997,185.888412476000013
1181,1180,-93.537350809999992,44.065646569999991,163.748664856000005
1182,1181,-93.537350809999992,44.065607969999988,145.536918640000010
1183,1182,-93.537350809999992,44.065569369999992,153.795009612999991
1184,1183,-93.537350809999992,44.065530769999995,175.470256804999991
1185,1184,-93.537350809999992,44.065492169999999,171.047615051000008
1186,1185,-93.537350809999992,44.065453569999981,164.142143250000004
1187,1186,-93.537350809999992,44.065414969999992,171.868537903000004
1188,1187,-93.537350809999992,44.065376369999996,176.532150268999999
1189,1188,-93.537350809999992,44.065337769999999,178.636005401999995
1190,1189,-93.537350809999992,44.065299169999989,178.681343078999987
1191,1190,-93.537350809999992,44.065260569999992,179.805622101000012
1192,1191,-93.537350809999992,44.065221970000003,183.006870270000007
1193,1192,-93.537350809999992,44.065183370000000,185.831542968999997
1194,1193,-93.537350809999992,44.065144769999989,185.992149353000002
1195,1194,-93.537350809999992,44.065106169999993,183.175033568999993
1196,1195,-93.537350809999992,44.065067569999997,178.842617034999989
1197,1196,-93.537350809999992,44.065028970000000,177.278327942000004
1198,1197,-93.537350809999992,44.064990369999990,179.013698578000003
1199,1198,-93.537350809999992,44.064951769999986,182.020183562999989
1200,1199,-93.537350809999992,44.064913169999997,188.295482635000013
1201,1200,-93.537312210000010,44.065646569999991,160.974594115999992
1202,1201,-93.537312210000010,44.065607969999988,143.835613251000012
1203,1202,-93.537312210000010,44.065569369999992,154.037288665999995
1204,1203,-93.537312210000010,44.065530769999995,166.040485382000014
1205,1204,-93.537312210000010,44.065492169999999,158.144588470000002
1206,1205,-93.537312210000010,44.065453569999981,158.216621398999990
1207,1206,-93.537312210000010,44.065414969999992,170.017730712999992
1208,1207,-93.537312210000010,44.065376369999996,176.390811920000004
1209,1208,-93.537312210000010,44.065337769999999,176.923355103000006
1210,1209,-93.537312210000010,44.065299169999989,174.695812224999997
1211,1210,-93.537312210000010,44.065260569999992,175.573883056999989
1212,1211,-93.537312210000010,44.065221970000003,179.772296906000008
1213,1212,-93.537312210000010,44.065183370000000,182.542510985999996
1214,1213,-93.537312210000010,44.065144769999989,182.340068817000002
1215,1214,-93.537312210000010,44.065106169999993,178.186553954999994
1216,1215,-93.537312210000010,44.065067569999997,173.941020965999996
1217,1216,-93.537312210000010,44.065028970000000,174.285736084000007
1218,1217,-93.537312210000010,44.064990369999990,177.567230225000003
1219,1218,-93.537312210000010,44.064951769999986,182.027473450000002
1220,1219,-93.537312210000010,44.064913169999997,188.531124115000011
1221,1220,-93.537273610000000,44.065646569999991,156.065181732000013
1222,1221,-93.537273610000000,44.065607969999988,140.554477692000006
1223,1222,-93.537273610000000,44.065569369999992,149.106296538999999
1224,1223,-93.537273610000000,44.065530769999995,160.516338348000005
1225,1224,-93.537273610000000,44.065492169999999,151.853546142999988
1226,1225,-93.537273610000000,44.065453569999981,156.202190398999988
1227,1226,-93.537273610000000,44.065414969999992,171.289894104000012
1228,1227,-93.537273610000000,44.065376369999996,179.004695892000001
1229,1228,-93.537273610000000,44.065337769999999,178.965435028000002
1230,1229,-93.537273610000000,44.065299169999989,176.422878265000008
1231,1230,-93.537273610000000,44.065260569999992,176.330169678000004
1232,1231,-93.537273610000000,44.065221970000003,178.387863159000005
1233,1232,-93.537273610000000,44.065183370000000,180.245536804000011
1234,1233,-93.537273610000000,44.065144769999989,178.854846954000010
1235,1234,-93.537273610000000,44.065106169999993,175.392814635999997
1236,1235,-93.537273610000000,44.065067569999997,172.927074432000012
1237,1236,-93.537273610000000,44.065028970000000,175.196460723999991
1238,1237,-93.537273610000000,44.064990369999990,179.537338256999988
1239,1238,-93.537273610000000,44.064951769999986,183.360927581999988
1240,1239,-93.537273610000000,44.064913169999997,187.757682799999998
1241,1240,-93.537235010000003,44.065646569999991,151.558662414999986
1242,1241,-93.537235010000003,44.065607969999988,135.721260070999989
1243,1242,-93.537235010000003,44.065569369999992,139.244453429999993
1244,1243,-93.537235010000003,44.065530769999995,153.685310364000003
1245,1244,-93.537235010000003,44.065492169999999,151.278476715000011
1246,1245,-93.537235010000003,44.065453569999981,160.605068206999988
1247,1246,-93.537235010000003,44.065414969999992,174.426464081000006
1248,1247,-93.537235010000003,44.065376369999996,180.793460845999988
1249,1248,-93.537235010000003,44.065337769999999,183.118595123000006
1250,1249,-93.537235010000003,44.065299169999989,183.968078612999989
1251,1250,-93.537235010000003,44.065260569999992,183.482395171999997
1252,1251,-93.537235010000003,44.065221970000003,181.948326111000000
1253,1252,-93.537235010000003,44.065183370000000,181.468208312999991
1254,1253,-93.537235010000003,44.065144769999989,181.321693420000003
1255,1254,-93.537235010000003,44.065106169999993,180.022594451999993
1256,1255,-93.537235010000003,44.065067569999997,179.576904296999999
1257,1256,-93.537235010000003,44.065028970000000,182.599948882999996
1258,1257,-93.537235010000003,44.064990369999990,186.149528502999999
1259,1258,-93.537235010000003,44.064951769999986,188.272960662999992
1260,1259,-93.537235010000003,44.064913169999997,188.865264892999988
1261,1260,-93.537196410000007,44.065646569999991,148.076030731000003
1262,1261,-93.537196410000007,44.065607969999988,132.501667023000010
1263,1262,-93.537196410000007,44.065569369999992,134.991773604999992
1264,1263,-93.537196410000007,44.065530769999995,151.319583892999987
1265,1264,-93.537196410000007,44.065492169999999,153.292316437000011
1266,1265,-93.537196410000007,44.065453569999981,154.782840728999986
1267,1266,-93.537196410000007,44.065414969999992,168.451164245999990
1268,1267,-93.537196410000007,44.065376369999996,175.956779479999994
1269,1268,-93.537196410000007,44.065337769999999,181.092361449999999
1270,1269,-93.537196410000007,44.065299169999989,186.117084503000001
1271,1270,-93.537196410000007,44.065260569999992,186.898372649999999
1272,1271,-93.537196410000007,44.065221970000003,183.300029754999997
1273,1272,-93.537196410000007,44.065183370000000,181.601356506000002
1274,1273,-93.537196410000007,44.065144769999989,182.395042418999992
1275,1274,-93.537196410000007,44.065106169999993,183.475086212000008
1276,1275,-93.537196410000007,44.065067569999997,182.243267059000004
1277,1276,-93.537196410000007,44.065028970000000,183.147018433000000
1278,1277,-93.537196410000007,44.064990369999990,185.018882751000007
1279,1278,-93.537196410000007,44.064951769999986,188.163318634000007
1280,1279,-93.537196410000007,44.064913169999997,191.586936951000013
1281,1280,-93.537157809999997,44.065646569999991,146.912956237999992
1282,1281,-93.537157809999997,44.065607969999988,140.402786254999995
1283,1282,-93.537157809999997,44.065569369999992,144.982337951999995
1284,1283,-93.537157809999997,44.065530769999995,159.308990478999988
1285,1284,-93.537157809999997,44.065492169999999,161.086318970000008
1286,1285,-93.537157809999997,44.065453569999981,151.621452331999990
1287,1286,-93.537157809999997,44.065414969999992,161.876251220999990
1288,1287,-93.537157809999997,44.065376369999996,169.928428650000001
1289,1288,-93.537157809999997,44.065337769999999,176.830062865999992
1290,1289,-93.537157809999997,44.065299169999989,185.087089539000004
1291,1290,-93.537157809999997,44.065260569999992,186.728820801000012
1292,1291,-93.537157809999997,44.065221970000003,181.389198303000001
1293,1292,-93.537157809999997,44.065183370000000,178.757446289000001
1294,1293,-93.537157809999997,44.065144769999989,180.783813476999995
1295,1294,-93.537157809999997,44.065106169999993,182.903114318999997
1296,1295,-93.537157809999997,44.065067569999997,179.201980590999995
1297,1296,-93.537157809999997,44.065028970000000,175.412162781000006
1298,1297,-93.537157809999997,44.064990369999990,175.744918823000006
1299,1298,-93.537157809999997,44.064951769999986,182.009681701999995
1300,1299,-93.537157809999997,44.064913169999997,193.073699951000009
1301,1300,-93.537119209999986,44.065646569999991,138.341533661000000
1302,1301,-93.537119209999986,44.065607969999988,142.112365723000011
1303,1302,-93.537119209999986,44.065569369999992,144.567672729000009
1304,1303,-93.537119209999986,44.065530769999995,166.821262359999992
1305,1304,-93.537119209999986,44.065492169999999,173.059761046999995
1306,1305,-93.537119209999986,44.065453569999981,158.860042571999998
1307,1306,-93.537119209999986,44.065414969999992,155.767902373999988
1308,1307,-93.537119209999986,44.065376369999996,164.640968323000010
1309,1308,-93.537119209999986,44.065337769999999,173.173866271999998
1310,1309,-93.537119209999986,44.065299169999989,182.497222899999997
1311,1310,-93.537119209999986,44.065260569999992,184.123855590999995
1312,1311,-93.537119209999986,44.065221970000003,177.902896881000004
1313,1312,-93.537119209999986,44.065183370000000,174.652313232000012
1314,1313,-93.537119209999986,44.065144769999989,175.716896057000014
1315,1314,-93.537119209999986,44.065106169999993,176.280021667000000
1316,1315,-93.537119209999986,44.065067569999997,169.964805603000002
1317,1316,-93.537119209999986,44.065028970000000,161.263587951999995
1318,1317,-93.537119209999986,44.064990369999990,161.542091370000009
1319,1318,-93.537119209999986,44.064951769999986,175.759513854999994
1320,1319,-93.537119209999986,44.064913169999997,192.629211426000012
1321,1320,-93.537080609999990,44.065646569999991,111.504257202000005
1322,1321,-93.537080609999990,44.065607969999988,120.227661132999998
1323,1322,-93.537080609999990,44.065569369999992,125.393640517999998
1324,1323,-93.537080609999990,44.065530769999995,160.258453368999994
1325,1324,-93.537080609999990,44.065492169999999,177.536869048999989
1326,1325,-93.537080609999990,44.065453569999981,161.609039306999989
1327,1326,-93.537080609999990,44.065414969999992,149.986244201999995
1328,1327,-93.537080609999990,44.065376369999996,156.917102814000003
1329,1328,-93.537080609999990,44.065337769999999,167.102825165000013
1330,1329,-93.537080609999990,44.065299169999989,176.659549712999990
1331,1330,-93.537080609999990,44.065260569999992,177.708168029999996
1332,1331,-93.537080609999990,44.065221970000003,171.191345215000013
1333,1332,-93.537080609999990,44.065183370000000,167.449836731000005
1334,1333,-93.537080609999990,44.065144769999989,167.869907379000011
1335,1334,-93.537080609999990,44.065106169999993,168.001201629999997
1336,1335,-93.537080609999990,44.065067569999997,161.559898376000007
1337,1336,-93.537080609999990,44.065028970000000,156.024250031000008
1338,1337,-93.537080609999990,44.064990369999990,160.455036162999988
1339,1338,-93.537080609999990,44.064951769999986,178.642681121999999
1340,1339,-93.537080609999990,44.064913169999997,197.652053832999997
