OID_,FID,X,Y,Extract_GALa2_moist
1,0,-93.539628209999975,44.065646569999991,17.449181079999999
2,1,-93.539628209999975,44.065607969999988,17.639692307000001
3,2,-93.539628209999975,44.065569369999992,17.951147555999999
4,3,-93.539628209999975,44.065530769999995,17.811791896999999
5,4,-93.539628209999975,44.065492169999999,17.142653464999999
6,5,-93.539628209999975,44.065453569999981,16.915897846000000
7,6,-93.539628209999975,44.065414969999992,17.355565548000001
8,7,-93.539628209999975,44.065376369999996,17.798069000000002
9,8,-93.539628209999975,44.065337769999999,17.941862582999999
10,9,-93.539628209999975,44.065299169999989,17.942246913999998
11,10,-93.539628209999975,44.065260569999992,17.939476490000001
12,11,-93.539628209999975,44.065221970000003,17.949071407000002
13,12,-93.539628209999975,44.065183370000000,17.970368385000000
14,13,-93.539628209999975,44.065144769999989,18.004888057999999
15,14,-93.539628209999975,44.065106169999993,18.100842953000001
16,15,-93.539628209999975,44.065067569999997,18.176023959999998
17,16,-93.539628209999975,44.065028970000000,18.190014839000000
18,17,-93.539628209999975,44.064990369999990,18.150998592000001
19,18,-93.539628209999975,44.064951769999986,18.119730473000001
20,19,-93.539628209999975,44.064913169999997,18.131776333000001
21,20,-93.539589610000007,44.065646569999991,17.395799637000000
22,21,-93.539589610000007,44.065607969999988,17.592308998000000
23,22,-93.539589610000007,44.065569369999992,17.912765025999999
24,23,-93.539589610000007,44.065530769999995,17.875177383000000
25,24,-93.539589610000007,44.065492169999999,17.377613067999999
26,25,-93.539589610000007,44.065453569999981,17.125090599000000
27,26,-93.539589610000007,44.065414969999992,17.541055201999999
28,27,-93.539589610000007,44.065376369999996,17.840802192999998
29,28,-93.539589610000007,44.065337769999999,17.927426338000000
30,29,-93.539589610000007,44.065299169999989,17.901920794999999
31,30,-93.539589610000007,44.065260569999992,17.875244617000000
32,31,-93.539589610000007,44.065221970000003,17.875715255999999
33,32,-93.539589610000007,44.065183370000000,17.890486717000002
34,33,-93.539589610000007,44.065144769999989,17.923337459999999
35,34,-93.539589610000007,44.065106169999993,17.985312939000000
36,35,-93.539589610000007,44.065067569999997,18.042723178999999
37,36,-93.539589610000007,44.065028970000000,18.035467624999999
38,37,-93.539589610000007,44.064990369999990,17.986535071999999
39,38,-93.539589610000007,44.064951769999986,17.928319454000000
40,39,-93.539589610000007,44.064913169999997,17.919959068000001
41,40,-93.539551009999997,44.065646569999991,17.332022667000000
42,41,-93.539551009999997,44.065607969999988,17.528193950999999
43,42,-93.539551009999997,44.065569369999992,17.909514904000002
44,43,-93.539551009999997,44.065530769999995,18.172327995000000
45,44,-93.539551009999997,44.065492169999999,18.104959964999999
46,45,-93.539551009999997,44.065453569999981,17.903306484000002
47,46,-93.539551009999997,44.065414969999992,17.950131416000001
48,47,-93.539551009999997,44.065376369999996,18.009157657999999
49,48,-93.539551009999997,44.065337769999999,17.995069981000000
50,49,-93.539551009999997,44.065299169999989,17.943650723000001
51,50,-93.539551009999997,44.065260569999992,17.911017418000000
52,51,-93.539551009999997,44.065221970000003,17.911399364000001
53,52,-93.539551009999997,44.065183370000000,17.911186218000001
54,53,-93.539551009999997,44.065144769999989,17.931568146000000
55,54,-93.539551009999997,44.065106169999993,17.965646744000001
56,55,-93.539551009999997,44.065067569999997,17.996563434999999
57,56,-93.539551009999997,44.065028970000000,17.984592915000000
58,57,-93.539551009999997,44.064990369999990,17.923492908000000
59,58,-93.539551009999997,44.064951769999986,17.850083827999999
60,59,-93.539551009999997,44.064913169999997,17.813617705999999
61,60,-93.539512409999986,44.065646569999991,17.269716740000000
62,61,-93.539512409999986,44.065607969999988,17.470114708000001
63,62,-93.539512409999986,44.065569369999992,17.857662678000001
64,63,-93.539512409999986,44.065530769999995,18.154491901000000
65,64,-93.539512409999986,44.065492169999999,18.216376781000001
66,65,-93.539512409999986,44.065453569999981,18.133174418999999
67,66,-93.539512409999986,44.065414969999992,18.102512835999999
68,67,-93.539512409999986,44.065376369999996,18.087451935000001
69,68,-93.539512409999986,44.065337769999999,18.060118674999998
70,69,-93.539512409999986,44.065299169999989,18.021985530999999
71,70,-93.539512409999986,44.065260569999992,17.990787983000001
72,71,-93.539512409999986,44.065221970000003,17.980545521000000
73,72,-93.539512409999986,44.065183370000000,17.977515221000001
74,73,-93.539512409999986,44.065144769999989,18.005053997000001
75,74,-93.539512409999986,44.065106169999993,18.033841610000000
76,75,-93.539512409999986,44.065067569999997,18.058579444999999
77,76,-93.539512409999986,44.065028970000000,18.049103259999999
78,77,-93.539512409999986,44.064990369999990,17.976377964000001
79,78,-93.539512409999986,44.064951769999986,17.899495125000001
80,79,-93.539512409999986,44.064913169999997,17.840139389000001
81,80,-93.539473810000004,44.065646569999991,17.233131885999999
82,81,-93.539473810000004,44.065607969999988,17.427486897000001
83,82,-93.539473810000004,44.065569369999992,17.801770687000001
84,83,-93.539473810000004,44.065530769999995,18.078628063000000
85,84,-93.539473810000004,44.065492169999999,18.146774769000000
86,85,-93.539473810000004,44.065453569999981,18.123139857999998
87,86,-93.539473810000004,44.065414969999992,18.110765456999999
88,87,-93.539473810000004,44.065376369999996,18.126797675999999
89,88,-93.539473810000004,44.065337769999999,18.118669987000001
90,89,-93.539473810000004,44.065299169999989,18.088139056999999
91,90,-93.539473810000004,44.065260569999992,18.045600413999999
92,91,-93.539473810000004,44.065221970000003,18.003872870999999
93,92,-93.539473810000004,44.065183370000000,17.981896400000000
94,93,-93.539473810000004,44.065144769999989,17.979193210999998
95,94,-93.539473810000004,44.065106169999993,18.012439251000000
96,95,-93.539473810000004,44.065067569999997,18.041949749000000
97,96,-93.539473810000004,44.065028970000000,18.028317928000000
98,97,-93.539473810000004,44.064990369999990,17.996917724999999
99,98,-93.539473810000004,44.064951769999986,17.939359188000001
100,99,-93.539473810000004,44.064913169999997,17.909067630999999
101,100,-93.539435209999994,44.065646569999991,17.205594540000000
102,101,-93.539435209999994,44.065607969999988,17.379160404000000
103,102,-93.539435209999994,44.065569369999992,17.723694801000001
104,103,-93.539435209999994,44.065530769999995,17.953718662000000
105,104,-93.539435209999994,44.065492169999999,18.006242275000002
106,105,-93.539435209999994,44.065453569999981,17.947201729000000
107,106,-93.539435209999994,44.065414969999992,18.019711017999999
108,107,-93.539435209999994,44.065376369999996,18.077318192000000
109,108,-93.539435209999994,44.065337769999999,18.097309589000002
110,109,-93.539435209999994,44.065299169999989,18.094249249000001
111,110,-93.539435209999994,44.065260569999992,18.059005737000000
112,111,-93.539435209999994,44.065221970000003,18.022163868000000
113,112,-93.539435209999994,44.065183370000000,17.996428490000000
114,113,-93.539435209999994,44.065144769999989,17.981533527000000
115,114,-93.539435209999994,44.065106169999993,17.985031605000000
116,115,-93.539435209999994,44.065067569999997,17.986696720000001
117,116,-93.539435209999994,44.065028970000000,17.961085795999999
118,117,-93.539435209999994,44.064990369999990,17.933492183999999
119,118,-93.539435209999994,44.064951769999986,17.922848700999999
120,119,-93.539435209999994,44.064913169999997,17.955239295999998
121,120,-93.539396609999983,44.065646569999991,17.177191734000001
122,121,-93.539396609999983,44.065607969999988,17.328242779000000
123,122,-93.539396609999983,44.065569369999992,17.684485912000000
124,123,-93.539396609999983,44.065530769999995,17.867553710999999
125,124,-93.539396609999983,44.065492169999999,17.737205504999999
126,125,-93.539396609999983,44.065453569999981,17.541413306999999
127,126,-93.539396609999983,44.065414969999992,17.655717849999998
128,127,-93.539396609999983,44.065376369999996,17.780449390000001
129,128,-93.539396609999983,44.065337769999999,17.879502772999999
130,129,-93.539396609999983,44.065299169999989,17.925428391000001
131,130,-93.539396609999983,44.065260569999992,17.969346522999999
132,131,-93.539396609999983,44.065221970000003,17.992768764000001
133,132,-93.539396609999983,44.065183370000000,18.012159348000001
134,133,-93.539396609999983,44.065144769999989,18.023024559000000
135,134,-93.539396609999983,44.065106169999993,18.025795460000001
136,135,-93.539396609999983,44.065067569999997,18.001968861000002
137,136,-93.539396609999983,44.065028970000000,17.949945450000001
138,137,-93.539396609999983,44.064990369999990,17.894759178000001
139,138,-93.539396609999983,44.064951769999986,17.903577328000001
140,139,-93.539396609999983,44.064913169999997,17.974556446000001
141,140,-93.539358010000001,44.065646569999991,17.153731346000001
142,141,-93.539358010000001,44.065607969999988,17.293792247999999
143,142,-93.539358010000001,44.065569369999992,17.644383430000001
144,143,-93.539358010000001,44.065530769999995,17.762718677999999
145,144,-93.539358010000001,44.065492169999999,17.530435562000001
146,145,-93.539358010000001,44.065453569999981,17.212509154999999
147,146,-93.539358010000001,44.065414969999992,17.198479175999999
148,147,-93.539358010000001,44.065376369999996,17.345620631999999
149,148,-93.539358010000001,44.065337769999999,17.491091728000001
150,149,-93.539358010000001,44.065299169999989,17.591420650000000
151,150,-93.539358010000001,44.065260569999992,17.652628421999999
152,151,-93.539358010000001,44.065221970000003,17.734528064999999
153,152,-93.539358010000001,44.065183370000000,17.761787415000001
154,153,-93.539358010000001,44.065144769999989,17.820339203000000
155,154,-93.539358010000001,44.065106169999993,17.821860312999998
156,155,-93.539358010000001,44.065067569999997,17.800906180999998
157,156,-93.539358010000001,44.065028970000000,17.742768764000001
158,157,-93.539358010000001,44.064990369999990,17.687129498000001
159,158,-93.539358010000001,44.064951769999986,17.745010853000000
160,159,-93.539358010000001,44.064913169999997,17.865481852999999
161,160,-93.539319409999990,44.065646569999991,17.144752501999999
162,161,-93.539319409999990,44.065607969999988,17.260047436000001
163,162,-93.539319409999990,44.065569369999992,17.650140284999999
164,163,-93.539319409999990,44.065530769999995,17.813281536000002
165,164,-93.539319409999990,44.065492169999999,17.594065188999998
166,165,-93.539319409999990,44.065453569999981,17.173896313000000
167,166,-93.539319409999990,44.065414969999992,17.129924773999999
168,167,-93.539319409999990,44.065376369999996,17.178981781000001
169,168,-93.539319409999990,44.065337769999999,17.241440296000000
170,169,-93.539319409999990,44.065299169999989,17.261321068000001
171,170,-93.539319409999990,44.065260569999992,17.263742923999999
172,171,-93.539319409999990,44.065221970000003,17.231273173999998
173,172,-93.539319409999990,44.065183370000000,17.287514687000002
174,173,-93.539319409999990,44.065144769999989,17.268641471999999
175,174,-93.539319409999990,44.065106169999993,17.222086430000001
176,175,-93.539319409999990,44.065067569999997,17.197643280000001
177,176,-93.539319409999990,44.065028970000000,17.142593861000002
178,177,-93.539319409999990,44.064990369999990,17.159197330000001
179,178,-93.539319409999990,44.064951769999986,17.267171860000001
180,179,-93.539319409999990,44.064913169999997,17.424430847000000
181,180,-93.539280810000008,44.065646569999991,17.155961990000002
182,181,-93.539280810000008,44.065607969999988,17.259996414000000
183,182,-93.539280810000008,44.065569369999992,17.664641379999999
184,183,-93.539280810000008,44.065530769999995,17.912159443000000
185,184,-93.539280810000008,44.065492169999999,17.736426829999999
186,185,-93.539280810000008,44.065453569999981,17.337895393000000
187,186,-93.539280810000008,44.065414969999992,17.280833244000000
188,187,-93.539280810000008,44.065376369999996,17.284519196000002
189,188,-93.539280810000008,44.065337769999999,17.272361278999998
190,189,-93.539280810000008,44.065299169999989,17.239890099000000
191,190,-93.539280810000008,44.065260569999992,17.180225371999999
192,191,-93.539280810000008,44.065221970000003,17.109771252000002
193,192,-93.539280810000008,44.065183370000000,17.081215858000000
194,193,-93.539280810000008,44.065144769999989,17.011403084000001
195,194,-93.539280810000008,44.065106169999993,16.921147822999998
196,195,-93.539280810000008,44.065067569999997,16.902780056000001
197,196,-93.539280810000008,44.065028970000000,16.870947360999999
198,197,-93.539280810000008,44.064990369999990,16.919536114000000
199,198,-93.539280810000008,44.064951769999986,17.000014782000001
200,199,-93.539280810000008,44.064913169999997,17.170589924000002
201,200,-93.539242209999998,44.065646569999991,17.172478676000001
202,201,-93.539242209999998,44.065607969999988,17.280876159999998
203,202,-93.539242209999998,44.065569369999992,17.676014899999998
204,203,-93.539242209999998,44.065530769999995,17.890130997000000
205,204,-93.539242209999998,44.065492169999999,17.803719521000001
206,205,-93.539242209999998,44.065453569999981,17.544723511000001
207,206,-93.539242209999998,44.065414969999992,17.446537971000001
208,207,-93.539242209999998,44.065376369999996,17.447446823000000
209,208,-93.539242209999998,44.065337769999999,17.427000999000001
210,209,-93.539242209999998,44.065299169999989,17.397413254000000
211,210,-93.539242209999998,44.065260569999992,17.350914001000000
212,211,-93.539242209999998,44.065221970000003,17.316915512000001
213,212,-93.539242209999998,44.065183370000000,17.277343750000000
214,213,-93.539242209999998,44.065144769999989,17.227784156999999
215,214,-93.539242209999998,44.065106169999993,17.143918036999999
216,215,-93.539242209999998,44.065067569999997,17.109796524000000
217,216,-93.539242209999998,44.065028970000000,17.081154822999999
218,217,-93.539242209999998,44.064990369999990,17.108908653000000
219,218,-93.539242209999998,44.064951769999986,17.218160629000000
220,219,-93.539242209999998,44.064913169999997,17.304115294999999
221,220,-93.539203609999987,44.065646569999991,17.182144165000000
222,221,-93.539203609999987,44.065607969999988,17.306338787000001
223,222,-93.539203609999987,44.065569369999992,17.675536156000000
224,223,-93.539203609999987,44.065530769999995,17.834225655000001
225,224,-93.539203609999987,44.065492169999999,17.786792755000000
226,225,-93.539203609999987,44.065453569999981,17.603302956000000
227,226,-93.539203609999987,44.065414969999992,17.654583931000001
228,227,-93.539203609999987,44.065376369999996,17.678033829000000
229,228,-93.539203609999987,44.065337769999999,17.680970192000000
230,229,-93.539203609999987,44.065299169999989,17.650771618000000
231,230,-93.539203609999987,44.065260569999992,17.614643096999998
232,231,-93.539203609999987,44.065221970000003,17.600772380999999
233,232,-93.539203609999987,44.065183370000000,17.618360518999999
234,233,-93.539203609999987,44.065144769999989,17.593147278000000
235,234,-93.539203609999987,44.065106169999993,17.570042610000002
236,235,-93.539203609999987,44.065067569999997,17.507533073000001
237,236,-93.539203609999987,44.065028970000000,17.499536990999999
238,237,-93.539203609999987,44.064990369999990,17.517328261999999
239,238,-93.539203609999987,44.064951769999986,17.530465603000000
240,239,-93.539203609999987,44.064913169999997,17.576361178999999
241,240,-93.539165010000019,44.065646569999991,17.179922103999999
242,241,-93.539165010000019,44.065607969999988,17.326232433000001
243,242,-93.539165010000019,44.065569369999992,17.705488681999999
244,243,-93.539165010000019,44.065530769999995,17.869456767999999
245,244,-93.539165010000019,44.065492169999999,17.818230628999999
246,245,-93.539165010000019,44.065453569999981,17.769289016999998
247,246,-93.539165010000019,44.065414969999992,17.925528526000001
248,247,-93.539165010000019,44.065376369999996,17.952898979000000
249,248,-93.539165010000019,44.065337769999999,17.919185637999998
250,249,-93.539165010000019,44.065299169999989,17.851827145000001
251,250,-93.539165010000019,44.065260569999992,17.774264811999998
252,251,-93.539165010000019,44.065221970000003,17.755146502999999
253,252,-93.539165010000019,44.065183370000000,17.766170502000001
254,253,-93.539165010000019,44.065144769999989,17.772154808000000
255,254,-93.539165010000019,44.065106169999993,17.752609730000000
256,255,-93.539165010000019,44.065067569999997,17.728412628000001
257,256,-93.539165010000019,44.065028970000000,17.714026450999999
258,257,-93.539165010000019,44.064990369999990,17.712016582000000
259,258,-93.539165010000019,44.064951769999986,17.706888675999998
260,259,-93.539165010000019,44.064913169999997,17.707611084000000
261,260,-93.539126409999980,44.065646569999991,17.162458897000000
262,261,-93.539126409999980,44.065607969999988,17.323223591000001
263,262,-93.539126409999980,44.065569369999992,17.710349560000001
264,263,-93.539126409999980,44.065530769999995,17.948324202999999
265,264,-93.539126409999980,44.065492169999999,17.927798748000001
266,265,-93.539126409999980,44.065453569999981,17.867556095000001
267,266,-93.539126409999980,44.065414969999992,17.946959971999998
268,267,-93.539126409999980,44.065376369999996,17.937688827999999
269,268,-93.539126409999980,44.065337769999999,17.868439674000001
270,269,-93.539126409999980,44.065299169999989,17.772618771000001
271,270,-93.539126409999980,44.065260569999992,17.682934284000002
272,271,-93.539126409999980,44.065221970000003,17.640231609000001
273,272,-93.539126409999980,44.065183370000000,17.638114929000000
274,273,-93.539126409999980,44.065144769999989,17.631505013000002
275,274,-93.539126409999980,44.065106169999993,17.602619171000001
276,275,-93.539126409999980,44.065067569999997,17.585195065000001
277,276,-93.539126409999980,44.065028970000000,17.582880497000001
278,277,-93.539126409999980,44.064990369999990,17.592766285000000
279,278,-93.539126409999980,44.064951769999986,17.602933406999998
280,279,-93.539126409999980,44.064913169999997,17.642458438999999
281,280,-93.539087809999970,44.065646569999991,17.142222404000002
282,281,-93.539087809999970,44.065607969999988,17.287139415999999
283,282,-93.539087809999970,44.065569369999992,17.691934585999999
284,283,-93.539087809999970,44.065530769999995,17.961833476999999
285,284,-93.539087809999970,44.065492169999999,17.921808720000001
286,285,-93.539087809999970,44.065453569999981,17.743659018999999
287,286,-93.539087809999970,44.065414969999992,17.652836322999999
288,287,-93.539087809999970,44.065376369999996,17.587844849000000
289,288,-93.539087809999970,44.065337769999999,17.499866485999998
290,289,-93.539087809999970,44.065299169999989,17.401649952000000
291,290,-93.539087809999970,44.065260569999992,17.331301212000000
292,291,-93.539087809999970,44.065221970000003,17.288343906000001
293,292,-93.539087809999970,44.065183370000000,17.257918358000001
294,293,-93.539087809999970,44.065144769999989,17.187128544000000
295,294,-93.539087809999970,44.065106169999993,17.118793488000001
296,295,-93.539087809999970,44.065067569999997,17.094856262000000
297,296,-93.539087809999970,44.065028970000000,17.115718842000000
298,297,-93.539087809999970,44.064990369999990,17.141453265999999
299,298,-93.539087809999970,44.064951769999986,17.171969891000000
300,299,-93.539087809999970,44.064913169999997,17.217841148000002
301,300,-93.539049210000002,44.065646569999991,17.137405871999999
302,301,-93.539049210000002,44.065607969999988,17.251657485999999
303,302,-93.539049210000002,44.065569369999992,17.614264488000000
304,303,-93.539049210000002,44.065530769999995,17.837522984000000
305,304,-93.539049210000002,44.065492169999999,17.699706553999999
306,305,-93.539049210000002,44.065453569999981,17.370207310000001
307,306,-93.539049210000002,44.065414969999992,17.242403506999999
308,307,-93.539049210000002,44.065376369999996,17.168208599000000
309,308,-93.539049210000002,44.065337769999999,17.076285362000000
310,309,-93.539049210000002,44.065299169999989,16.998923302000001
311,310,-93.539049210000002,44.065260569999992,16.943039417000001
312,311,-93.539049210000002,44.065221970000003,16.869383334999998
313,312,-93.539049210000002,44.065183370000000,16.806971550000000
314,313,-93.539049210000002,44.065144769999989,16.723922729000002
315,314,-93.539049210000002,44.065106169999993,16.633560658000000
316,315,-93.539049210000002,44.065067569999997,16.591351031999999
317,316,-93.539049210000002,44.065028970000000,16.587420940000001
318,317,-93.539049210000002,44.064990369999990,16.595620631999999
319,318,-93.539049210000002,44.064951769999986,16.605418682000000
320,319,-93.539049210000002,44.064913169999997,16.616981982999999
321,320,-93.539010609999991,44.065646569999991,17.157127856999999
322,321,-93.539010609999991,44.065607969999988,17.259344578000000
323,322,-93.539010609999991,44.065569369999992,17.559935570000000
324,323,-93.539010609999991,44.065530769999995,17.721745014000000
325,324,-93.539010609999991,44.065492169999999,17.517448425000001
326,325,-93.539010609999991,44.065453569999981,17.134385586000001
327,326,-93.539010609999991,44.065414969999992,17.028321742999999
328,327,-93.539010609999991,44.065376369999996,16.942416191000000
329,328,-93.539010609999991,44.065337769999999,16.862407207000000
330,329,-93.539010609999991,44.065299169999989,16.779838561999998
331,330,-93.539010609999991,44.065260569999992,16.695338248999999
332,331,-93.539010609999991,44.065221970000003,16.611796379000001
333,332,-93.539010609999991,44.065183370000000,16.546470641999999
334,333,-93.539010609999991,44.065144769999989,16.484189987000001
335,334,-93.539010609999991,44.065106169999993,16.406662941000000
336,335,-93.539010609999991,44.065067569999997,16.369209766000001
337,336,-93.539010609999991,44.065028970000000,16.347814082999999
338,337,-93.539010609999991,44.064990369999990,16.323794842000002
339,338,-93.539010609999991,44.064951769999986,16.309047222000000
340,339,-93.539010609999991,44.064913169999997,16.303910255000002
341,340,-93.538972010000009,44.065646569999991,17.191572665999999
342,341,-93.538972010000009,44.065607969999988,17.272916794000000
343,342,-93.538972010000009,44.065569369999992,17.561486721000001
344,343,-93.538972010000009,44.065530769999995,17.710987568000000
345,344,-93.538972010000009,44.065492169999999,17.449182034000000
346,345,-93.538972010000009,44.065453569999981,17.004315853000001
347,346,-93.538972010000009,44.065414969999992,16.886005401999999
348,347,-93.538972010000009,44.065376369999996,16.817548752000000
349,348,-93.538972010000009,44.065337769999999,16.736937046000001
350,349,-93.538972010000009,44.065299169999989,16.637661934000000
351,350,-93.538972010000009,44.065260569999992,16.528687000000001
352,351,-93.538972010000009,44.065221970000003,16.446961880000000
353,352,-93.538972010000009,44.065183370000000,16.398143768000001
354,353,-93.538972010000009,44.065144769999989,16.364456177000001
355,354,-93.538972010000009,44.065106169999993,16.323466778000000
356,355,-93.538972010000009,44.065067569999997,16.285370827000001
357,356,-93.538972010000009,44.065028970000000,16.240876197999999
358,357,-93.538972010000009,44.064990369999990,16.195981025999998
359,358,-93.538972010000009,44.064951769999986,16.171299458000000
360,359,-93.538972010000009,44.064913169999997,16.153860091999999
361,360,-93.538933409999999,44.065646569999991,17.245292187000000
362,361,-93.538933409999999,44.065607969999988,17.361795902000001
363,362,-93.538933409999999,44.065569369999992,17.651792049000001
364,363,-93.538933409999999,44.065530769999995,17.701883793000000
365,364,-93.538933409999999,44.065492169999999,17.376942157999999
366,365,-93.538933409999999,44.065453569999981,16.959431647999999
367,366,-93.538933409999999,44.065414969999992,16.810245513999998
368,367,-93.538933409999999,44.065376369999996,16.743920803000002
369,368,-93.538933409999999,44.065337769999999,16.657072067000001
370,369,-93.538933409999999,44.065299169999989,16.551843166000001
371,370,-93.538933409999999,44.065260569999992,16.465083599000000
372,371,-93.538933409999999,44.065221970000003,16.411664008999999
373,372,-93.538933409999999,44.065183370000000,16.384127617000001
374,373,-93.538933409999999,44.065144769999989,16.355185985999999
375,374,-93.538933409999999,44.065106169999993,16.325933933000002
376,375,-93.538933409999999,44.065067569999997,16.286487102999999
377,376,-93.538933409999999,44.065028970000000,16.239304542999999
378,377,-93.538933409999999,44.064990369999990,16.198301791999999
379,378,-93.538933409999999,44.064951769999986,16.161190987000001
380,379,-93.538933409999999,44.064913169999997,16.144854546000001
381,380,-93.538894809999988,44.065646569999991,17.296847820000000
382,381,-93.538894809999988,44.065607969999988,17.460056304999998
383,382,-93.538894809999988,44.065569369999992,17.734090328000001
384,383,-93.538894809999988,44.065530769999995,17.836964129999998
385,384,-93.538894809999988,44.065492169999999,17.431473732000001
386,385,-93.538894809999988,44.065453569999981,17.010435103999999
387,386,-93.538894809999988,44.065414969999992,16.905735016000001
388,387,-93.538894809999988,44.065376369999996,16.832977294999999
389,388,-93.538894809999988,44.065337769999999,16.748958588000001
390,389,-93.538894809999988,44.065299169999989,16.671666622000000
391,390,-93.538894809999988,44.065260569999992,16.610383510999998
392,391,-93.538894809999988,44.065221970000003,16.584444522999998
393,392,-93.538894809999988,44.065183370000000,16.562956809999999
394,393,-93.538894809999988,44.065144769999989,16.541254996999999
395,394,-93.538894809999988,44.065106169999993,16.508527755999999
396,395,-93.538894809999988,44.065067569999997,16.479462624000000
397,396,-93.538894809999988,44.065028970000000,16.453201771000000
398,397,-93.538894809999988,44.064990369999990,16.418235779000000
399,398,-93.538894809999988,44.064951769999986,16.383762359999999
400,399,-93.538894809999988,44.064913169999997,16.356502056000000
401,400,-93.538856210000006,44.065646569999991,17.345974922000000
402,401,-93.538856210000006,44.065607969999988,17.491563320000001
403,402,-93.538856210000006,44.065569369999992,17.763274670000001
404,403,-93.538856210000006,44.065530769999995,17.837275982000001
405,404,-93.538856210000006,44.065492169999999,17.569986343000000
406,405,-93.538856210000006,44.065453569999981,17.162407875000000
407,406,-93.538856210000006,44.065414969999992,17.129007339000001
408,407,-93.538856210000006,44.065376369999996,17.087959766000001
409,408,-93.538856210000006,44.065337769999999,17.023200034999999
410,409,-93.538856210000006,44.065299169999989,16.964722157000001
411,410,-93.538856210000006,44.065260569999992,16.930513859000001
412,411,-93.538856210000006,44.065221970000003,16.886838436000001
413,412,-93.538856210000006,44.065183370000000,16.844408989000001
414,413,-93.538856210000006,44.065144769999989,16.820263863000001
415,414,-93.538856210000006,44.065106169999993,16.780094147000000
416,415,-93.538856210000006,44.065067569999997,16.765614032999999
417,416,-93.538856210000006,44.065028970000000,16.733763695000000
418,417,-93.538856210000006,44.064990369999990,16.709066391000000
419,418,-93.538856210000006,44.064951769999986,16.681414604000000
420,419,-93.538856210000006,44.064913169999997,16.633430004000001
421,420,-93.538817609999995,44.065646569999991,17.391854763000001
422,421,-93.538817609999995,44.065607969999988,17.503657341000000
423,422,-93.538817609999995,44.065569369999992,17.784196854000001
424,423,-93.538817609999995,44.065530769999995,17.866669177999999
425,424,-93.538817609999995,44.065492169999999,17.551291942999999
426,425,-93.538817609999995,44.065453569999981,17.223765849999999
427,426,-93.538817609999995,44.065414969999992,17.262503147000000
428,427,-93.538817609999995,44.065376369999996,17.266761302999999
429,428,-93.538817609999995,44.065337769999999,17.245630263999999
430,429,-93.538817609999995,44.065299169999989,17.205722809000001
431,430,-93.538817609999995,44.065260569999992,17.162117003999999
432,431,-93.538817609999995,44.065221970000003,17.111976624000000
433,432,-93.538817609999995,44.065183370000000,17.040018082000000
434,433,-93.538817609999995,44.065144769999989,17.008161545000000
435,434,-93.538817609999995,44.065106169999993,16.981383801000000
436,435,-93.538817609999995,44.065067569999997,16.957929134000000
437,436,-93.538817609999995,44.065028970000000,16.941967009999999
438,437,-93.538817609999995,44.064990369999990,16.911726474999998
439,438,-93.538817609999995,44.064951769999986,16.878597736000000
440,439,-93.538817609999995,44.064913169999997,16.818868160000001
441,440,-93.538779009999999,44.065646569999991,17.435320854000000
442,441,-93.538779009999999,44.065607969999988,17.593677044000000
443,442,-93.538779009999999,44.065569369999992,17.861914635000002
444,443,-93.538779009999999,44.065530769999995,17.927387238000001
445,444,-93.538779009999999,44.065492169999999,17.541274071000000
446,445,-93.538779009999999,44.065453569999981,17.113108157999999
447,446,-93.538779009999999,44.065414969999992,17.128584385000000
448,447,-93.538779009999999,44.065376369999996,17.138487816000001
449,448,-93.538779009999999,44.065337769999999,17.135542393000001
450,449,-93.538779009999999,44.065299169999989,17.118413447999998
451,450,-93.538779009999999,44.065260569999992,17.073895453999999
452,451,-93.538779009999999,44.065221970000003,16.997424125999999
453,452,-93.538779009999999,44.065183370000000,16.944547653000001
454,453,-93.538779009999999,44.065144769999989,16.920369624999999
455,454,-93.538779009999999,44.065106169999993,16.916602611999998
456,455,-93.538779009999999,44.065067569999997,16.923032284000001
457,456,-93.538779009999999,44.065028970000000,16.906707287000000
458,457,-93.538779009999999,44.064990369999990,16.866221427999999
459,458,-93.538779009999999,44.064951769999986,16.832817078000001
460,459,-93.538779009999999,44.064913169999997,16.783041477000001
461,460,-93.538740410000003,44.065646569999991,17.450936317000000
462,461,-93.538740410000003,44.065607969999988,17.644099711999999
463,462,-93.538740410000003,44.065569369999992,17.963643551000001
464,463,-93.538740410000003,44.065530769999995,17.984194279000000
465,464,-93.538740410000003,44.065492169999999,17.538208484999998
466,465,-93.538740410000003,44.065453569999981,16.979077816000000
467,466,-93.538740410000003,44.065414969999992,16.842262267999999
468,467,-93.538740410000003,44.065376369999996,16.827784060999999
469,468,-93.538740410000003,44.065337769999999,16.811206340999998
470,469,-93.538740410000003,44.065299169999989,16.800478935000001
471,470,-93.538740410000003,44.065260569999992,16.762126446000000
472,471,-93.538740410000003,44.065221970000003,16.708927155000001
473,472,-93.538740410000003,44.065183370000000,16.673049927000001
474,473,-93.538740410000003,44.065144769999989,16.658398628000000
475,474,-93.538740410000003,44.065106169999993,16.670507908000001
476,475,-93.538740410000003,44.065067569999997,16.680280208999999
477,476,-93.538740410000003,44.065028970000000,16.662658691000001
478,477,-93.538740410000003,44.064990369999990,16.627388477000000
479,478,-93.538740410000003,44.064951769999986,16.605170250000000
480,479,-93.538740410000003,44.064913169999997,16.599417685999999
481,480,-93.538701809999992,44.065646569999991,17.455503464000000
482,481,-93.538701809999992,44.065607969999988,17.561975479000001
483,482,-93.538701809999992,44.065569369999992,17.746060370999999
484,483,-93.538701809999992,44.065530769999995,17.894037247000000
485,484,-93.538701809999992,44.065492169999999,17.328293800000001
486,485,-93.538701809999992,44.065453569999981,16.759953499000002
487,486,-93.538701809999992,44.065414969999992,16.604638099999999
488,487,-93.538701809999992,44.065376369999996,16.567679405000000
489,488,-93.538701809999992,44.065337769999999,16.545679092000000
490,489,-93.538701809999992,44.065299169999989,16.528798103000000
491,490,-93.538701809999992,44.065260569999992,16.524992943000001
492,491,-93.538701809999992,44.065221970000003,16.519130706999999
493,492,-93.538701809999992,44.065183370000000,16.481672286999999
494,493,-93.538701809999992,44.065144769999989,16.483736992000001
495,494,-93.538701809999992,44.065106169999993,16.498200417000000
496,495,-93.538701809999992,44.065067569999997,16.501536369000000
497,496,-93.538701809999992,44.065028970000000,16.496633530000000
498,497,-93.538701809999992,44.064990369999990,16.467854500000001
499,498,-93.538701809999992,44.064951769999986,16.467455864000001
500,499,-93.538701809999992,44.064913169999997,16.494575500000000
501,500,-93.538663210000024,44.065646569999991,17.415217400000000
502,501,-93.538663210000024,44.065607969999988,17.355576992000000
503,502,-93.538663210000024,44.065569369999992,17.556630610999999
504,503,-93.538663210000024,44.065530769999995,17.612836838000000
505,504,-93.538663210000024,44.065492169999999,17.133824825000001
506,505,-93.538663210000024,44.065453569999981,16.565318584000000
507,506,-93.538663210000024,44.065414969999992,16.458447932999999
508,507,-93.538663210000024,44.065376369999996,16.399542809000000
509,508,-93.538663210000024,44.065337769999999,16.369296551000001
510,509,-93.538663210000024,44.065299169999989,16.362007140999999
511,510,-93.538663210000024,44.065260569999992,16.386335373000001
512,511,-93.538663210000024,44.065221970000003,16.389781952000000
513,512,-93.538663210000024,44.065183370000000,16.384439468000000
514,513,-93.538663210000024,44.065144769999989,16.390560626999999
515,514,-93.538663210000024,44.065106169999993,16.401567458999999
516,515,-93.538663210000024,44.065067569999997,16.410219193000000
517,516,-93.538663210000024,44.065028970000000,16.424161910999999
518,517,-93.538663210000024,44.064990369999990,16.430429934999999
519,518,-93.538663210000024,44.064951769999986,16.451936721999999
520,519,-93.538663210000024,44.064913169999997,16.499907969999999
521,520,-93.538624609999985,44.065646569999991,17.475057602000000
522,521,-93.538624609999985,44.065607969999988,17.349044323000001
523,522,-93.538624609999985,44.065569369999992,17.573391438000002
524,523,-93.538624609999985,44.065530769999995,17.670511246000000
525,524,-93.538624609999985,44.065492169999999,17.187462329999999
526,525,-93.538624609999985,44.065453569999981,16.620958805000001
527,526,-93.538624609999985,44.065414969999992,16.513725280999999
528,527,-93.538624609999985,44.065376369999996,16.458421229999999
529,528,-93.538624609999985,44.065337769999999,16.428812981000000
530,529,-93.538624609999985,44.065299169999989,16.426315784000000
531,530,-93.538624609999985,44.065260569999992,16.447878838000001
532,531,-93.538624609999985,44.065221970000003,16.444357395000001
533,532,-93.538624609999985,44.065183370000000,16.440759659000001
534,533,-93.538624609999985,44.065144769999989,16.422836781000001
535,534,-93.538624609999985,44.065106169999993,16.420330048000000
536,535,-93.538624609999985,44.065067569999997,16.435600758000000
537,536,-93.538624609999985,44.065028970000000,16.470294952000000
538,537,-93.538624609999985,44.064990369999990,16.509773253999999
539,538,-93.538624609999985,44.064951769999986,16.564323425000001
540,539,-93.538624609999985,44.064913169999997,16.623502254000002
541,540,-93.538586009999975,44.065646569999991,17.478692055000000
542,541,-93.538586009999975,44.065607969999988,17.577189444999998
543,542,-93.538586009999975,44.065569369999992,17.875033855000002
544,543,-93.538586009999975,44.065530769999995,17.923878193000000
545,544,-93.538586009999975,44.065492169999999,17.418407917000000
546,545,-93.538586009999975,44.065453569999981,16.926651955000001
547,546,-93.538586009999975,44.065414969999992,16.768327713000001
548,547,-93.538586009999975,44.065376369999996,16.731287955999999
549,548,-93.538586009999975,44.065337769999999,16.710267544000001
550,549,-93.538586009999975,44.065299169999989,16.677645206000001
551,550,-93.538586009999975,44.065260569999992,16.640443802000000
552,551,-93.538586009999975,44.065221970000003,16.601834297000000
553,552,-93.538586009999975,44.065183370000000,16.567728996000000
554,553,-93.538586009999975,44.065144769999989,16.542122364000001
555,554,-93.538586009999975,44.065106169999993,16.534995079000002
556,555,-93.538586009999975,44.065067569999997,16.542188167999999
557,556,-93.538586009999975,44.065028970000000,16.577058314999999
558,557,-93.538586009999975,44.064990369999990,16.620140552999999
559,558,-93.538586009999975,44.064951769999986,16.676987171000000
560,559,-93.538586009999975,44.064913169999997,16.744902134000000
561,560,-93.538547410000007,44.065646569999991,17.480597972999998
562,561,-93.538547410000007,44.065607969999988,17.608623028000000
563,562,-93.538547410000007,44.065569369999992,17.891512871000000
564,563,-93.538547410000007,44.065530769999995,17.973404408000000
565,564,-93.538547410000007,44.065492169999999,17.564826488000001
566,565,-93.538547410000007,44.065453569999981,17.078113079000001
567,566,-93.538547410000007,44.065414969999992,16.946414471000001
568,567,-93.538547410000007,44.065376369999996,16.882870196999999
569,568,-93.538547410000007,44.065337769999999,16.837823391000001
570,569,-93.538547410000007,44.065299169999989,16.795125007999999
571,570,-93.538547410000007,44.065260569999992,16.733699799000000
572,571,-93.538547410000007,44.065221970000003,16.674983025000000
573,572,-93.538547410000007,44.065183370000000,16.646376610000001
574,573,-93.538547410000007,44.065144769999989,16.639975070999999
575,574,-93.538547410000007,44.065106169999993,16.645759583000000
576,575,-93.538547410000007,44.065067569999997,16.663596630000001
577,576,-93.538547410000007,44.065028970000000,16.680186272000000
578,577,-93.538547410000007,44.064990369999990,16.698677063000002
579,578,-93.538547410000007,44.064951769999986,16.732012271999999
580,579,-93.538547410000007,44.064913169999997,16.780757904000001
581,580,-93.538508809999996,44.065646569999991,17.473539829000000
582,581,-93.538508809999996,44.065607969999988,17.599710941000001
583,582,-93.538508809999996,44.065569369999992,17.881040096000000
584,583,-93.538508809999996,44.065530769999995,17.918281078000000
585,584,-93.538508809999996,44.065492169999999,17.602641582000000
586,585,-93.538508809999996,44.065453569999981,17.173356055999999
587,586,-93.538508809999996,44.065414969999992,17.008832932000001
588,587,-93.538508809999996,44.065376369999996,16.909941672999999
589,588,-93.538508809999996,44.065337769999999,16.834814072000000
590,589,-93.538508809999996,44.065299169999989,16.783316612000000
591,590,-93.538508809999996,44.065260569999992,16.735666275000000
592,591,-93.538508809999996,44.065221970000003,16.694765091000001
593,592,-93.538508809999996,44.065183370000000,16.679921149999998
594,593,-93.538508809999996,44.065144769999989,16.685904980000000
595,594,-93.538508809999996,44.065106169999993,16.716094494000000
596,595,-93.538508809999996,44.065067569999997,16.743763446999999
597,596,-93.538508809999996,44.065028970000000,16.762279509999999
598,597,-93.538508809999996,44.064990369999990,16.774412155000000
599,598,-93.538508809999996,44.064951769999986,16.782861709999999
600,599,-93.538508809999996,44.064913169999997,16.800958633000000
601,600,-93.538470209999986,44.065646569999991,17.462002277000000
602,601,-93.538470209999986,44.065607969999988,17.573122978000001
603,602,-93.538470209999986,44.065569369999992,17.869438647999999
604,603,-93.538470209999986,44.065530769999995,17.934128284000000
605,604,-93.538470209999986,44.065492169999999,17.594917773999999
606,605,-93.538470209999986,44.065453569999981,17.218614578000000
607,606,-93.538470209999986,44.065414969999992,17.082581043000001
608,607,-93.538470209999986,44.065376369999996,16.955550671000001
609,608,-93.538470209999986,44.065337769999999,16.838395119000001
610,609,-93.538470209999986,44.065299169999989,16.747047900999998
611,610,-93.538470209999986,44.065260569999992,16.707159519000001
612,611,-93.538470209999986,44.065221970000003,16.708641529000001
613,612,-93.538470209999986,44.065183370000000,16.713215827999999
614,613,-93.538470209999986,44.065144769999989,16.733632565000001
615,614,-93.538470209999986,44.065106169999993,16.771481991000002
616,615,-93.538470209999986,44.065067569999997,16.799661159999999
617,616,-93.538470209999986,44.065028970000000,16.818505287000001
618,617,-93.538470209999986,44.064990369999990,16.841447830000000
619,618,-93.538470209999986,44.064951769999986,16.853889941999999
620,619,-93.538470209999986,44.064913169999997,16.850893974000002
621,620,-93.538431610000004,44.065646569999991,17.454096317000001
622,621,-93.538431610000004,44.065607969999988,17.537292004000001
623,622,-93.538431610000004,44.065569369999992,17.854664802999999
624,623,-93.538431610000004,44.065530769999995,17.933609009000001
625,624,-93.538431610000004,44.065492169999999,17.557105540999999
626,625,-93.538431610000004,44.065453569999981,17.196503161999999
627,626,-93.538431610000004,44.065414969999992,17.109663962999999
628,627,-93.538431610000004,44.065376369999996,16.982734680000000
629,628,-93.538431610000004,44.065337769999999,16.838093280999999
630,629,-93.538431610000004,44.065299169999989,16.747298240999999
631,630,-93.538431610000004,44.065260569999992,16.725803375000002
632,631,-93.538431610000004,44.065221970000003,16.730693339999998
633,632,-93.538431610000004,44.065183370000000,16.748357772999999
634,633,-93.538431610000004,44.065144769999989,16.761819839000001
635,634,-93.538431610000004,44.065106169999993,16.786660671000000
636,635,-93.538431610000004,44.065067569999997,16.800654888000000
637,636,-93.538431610000004,44.065028970000000,16.816597462000001
638,637,-93.538431610000004,44.064990369999990,16.840036391999998
639,638,-93.538431610000004,44.064951769999986,16.866085051999999
640,639,-93.538431610000004,44.064913169999997,16.869165421000002
641,640,-93.538393009999993,44.065646569999991,17.459949493000000
642,641,-93.538393009999993,44.065607969999988,17.529692173000001
643,642,-93.538393009999993,44.065569369999992,17.827989101000000
644,643,-93.538393009999993,44.065530769999995,17.885879993000000
645,644,-93.538393009999993,44.065492169999999,17.547634601999999
646,645,-93.538393009999993,44.065453569999981,17.166992663999999
647,646,-93.538393009999993,44.065414969999992,17.057885169999999
648,647,-93.538393009999993,44.065376369999996,16.972914219000000
649,648,-93.538393009999993,44.065337769999999,16.875530720000000
650,649,-93.538393009999993,44.065299169999989,16.807430267000001
651,650,-93.538393009999993,44.065260569999992,16.789942741000001
652,651,-93.538393009999993,44.065221970000003,16.771547794000000
653,652,-93.538393009999993,44.065183370000000,16.741593361000000
654,653,-93.538393009999993,44.065144769999989,16.726101398000001
655,654,-93.538393009999993,44.065106169999993,16.711673737000002
656,655,-93.538393009999993,44.065067569999997,16.721056938000000
657,656,-93.538393009999993,44.065028970000000,16.735134601999999
658,657,-93.538393009999993,44.064990369999990,16.765620232000000
659,658,-93.538393009999993,44.064951769999986,16.801676273000002
660,659,-93.538393009999993,44.064913169999997,16.818350792000000
661,660,-93.538354409999982,44.065646569999991,17.470346928000001
662,661,-93.538354409999982,44.065607969999988,17.507235526999999
663,662,-93.538354409999982,44.065569369999992,17.813006400999999
664,663,-93.538354409999982,44.065530769999995,17.861744881000000
665,664,-93.538354409999982,44.065492169999999,17.468846321000001
666,665,-93.538354409999982,44.065453569999981,17.127686023999999
667,666,-93.538354409999982,44.065414969999992,17.037633895999999
668,667,-93.538354409999982,44.065376369999996,16.976068020000000
669,668,-93.538354409999982,44.065337769999999,16.897790909000001
670,669,-93.538354409999982,44.065299169999989,16.826340675000001
671,670,-93.538354409999982,44.065260569999992,16.783304214000001
672,671,-93.538354409999982,44.065221970000003,16.723171233999999
673,672,-93.538354409999982,44.065183370000000,16.654972076000000
674,673,-93.538354409999982,44.065144769999989,16.602542400000001
675,674,-93.538354409999982,44.065106169999993,16.581402302000001
676,675,-93.538354409999982,44.065067569999997,16.613597392999999
677,676,-93.538354409999982,44.065028970000000,16.656486988000001
678,677,-93.538354409999982,44.064990369999990,16.694361687000001
679,678,-93.538354409999982,44.064951769999986,16.721988200999998
680,679,-93.538354409999982,44.064913169999997,16.735034465999998
681,680,-93.538315810000000,44.065646569999991,17.469939708999998
682,681,-93.538315810000000,44.065607969999988,17.524145603000001
683,682,-93.538315810000000,44.065569369999992,17.784389018999999
684,683,-93.538315810000000,44.065530769999995,17.818598746999999
685,684,-93.538315810000000,44.065492169999999,17.360319138000001
686,685,-93.538315810000000,44.065453569999981,17.085667610000002
687,686,-93.538315810000000,44.065414969999992,17.011364459999999
688,687,-93.538315810000000,44.065376369999996,16.933329581999999
689,688,-93.538315810000000,44.065337769999999,16.836740017000000
690,689,-93.538315810000000,44.065299169999989,16.747018814000000
691,690,-93.538315810000000,44.065260569999992,16.668873786999999
692,691,-93.538315810000000,44.065221970000003,16.586008071999998
693,692,-93.538315810000000,44.065183370000000,16.520851135000001
694,693,-93.538315810000000,44.065144769999989,16.468370438000001
695,694,-93.538315810000000,44.065106169999993,16.475368976999999
696,695,-93.538315810000000,44.065067569999997,16.539373397999999
697,696,-93.538315810000000,44.065028970000000,16.600409031000002
698,697,-93.538315810000000,44.064990369999990,16.635411263000002
699,698,-93.538315810000000,44.064951769999986,16.665046692000001
700,699,-93.538315810000000,44.064913169999997,16.676482200999999
701,700,-93.538277210000004,44.065646569999991,17.437723637000001
702,701,-93.538277210000004,44.065607969999988,17.589798450000000
703,702,-93.538277210000004,44.065569369999992,17.852261543000001
704,703,-93.538277210000004,44.065530769999995,17.798010348999998
705,704,-93.538277210000004,44.065492169999999,17.361999989000001
706,705,-93.538277210000004,44.065453569999981,17.000581264000001
707,706,-93.538277210000004,44.065414969999992,16.890665053999999
708,707,-93.538277210000004,44.065376369999996,16.835285187000000
709,708,-93.538277210000004,44.065337769999999,16.771613597999998
710,709,-93.538277210000004,44.065299169999989,16.703165053999999
711,710,-93.538277210000004,44.065260569999992,16.635823250000001
712,711,-93.538277210000004,44.065221970000003,16.558974266000000
713,712,-93.538277210000004,44.065183370000000,16.497550963999998
714,713,-93.538277210000004,44.065144769999989,16.461576462000000
715,714,-93.538277210000004,44.065106169999993,16.462156296000000
716,715,-93.538277210000004,44.065067569999997,16.509002208999998
717,716,-93.538277210000004,44.065028970000000,16.556485175999999
718,717,-93.538277210000004,44.064990369999990,16.591958522999999
719,718,-93.538277210000004,44.064951769999986,16.633415222000000
720,719,-93.538277210000004,44.064913169999997,16.672055243999999
721,720,-93.538238610000008,44.065646569999991,17.399189949000000
722,721,-93.538238610000008,44.065607969999988,17.534805297999998
723,722,-93.538238610000008,44.065569369999992,17.852782726000001
724,723,-93.538238610000008,44.065530769999995,17.796546935999999
725,724,-93.538238610000008,44.065492169999999,17.316043377000000
726,725,-93.538238610000008,44.065453569999981,16.913250923000000
727,726,-93.538238610000008,44.065414969999992,16.851634502000000
728,727,-93.538238610000008,44.065376369999996,16.845764160000002
729,728,-93.538238610000008,44.065337769999999,16.848660945999999
730,729,-93.538238610000008,44.065299169999989,16.834959984000001
731,730,-93.538238610000008,44.065260569999992,16.786958217999999
732,731,-93.538238610000008,44.065221970000003,16.710837364000000
733,732,-93.538238610000008,44.065183370000000,16.655515671000000
734,733,-93.538238610000008,44.065144769999989,16.603674889000001
735,734,-93.538238610000008,44.065106169999993,16.572088242000000
736,735,-93.538238610000008,44.065067569999997,16.572878361000001
737,736,-93.538238610000008,44.065028970000000,16.576528548999999
738,737,-93.538238610000008,44.064990369999990,16.596511841000002
739,738,-93.538238610000008,44.064951769999986,16.627292633000000
740,739,-93.538238610000008,44.064913169999997,16.658651352000000
741,740,-93.538200009999997,44.065646569999991,17.350667952999999
742,741,-93.538200009999997,44.065607969999988,17.502418517999999
743,742,-93.538200009999997,44.065569369999992,17.852175713000001
744,743,-93.538200009999997,44.065530769999995,17.840557098000001
745,744,-93.538200009999997,44.065492169999999,17.277327538000002
746,745,-93.538200009999997,44.065453569999981,16.930652618000000
747,746,-93.538200009999997,44.065414969999992,16.890720367000000
748,747,-93.538200009999997,44.065376369999996,16.898101807000000
749,748,-93.538200009999997,44.065337769999999,16.928742409000002
750,749,-93.538200009999997,44.065299169999989,16.938062668000001
751,750,-93.538200009999997,44.065260569999992,16.899998664999998
752,751,-93.538200009999997,44.065221970000003,16.809226989999999
753,752,-93.538200009999997,44.065183370000000,16.737913131999999
754,753,-93.538200009999997,44.065144769999989,16.704129218999999
755,754,-93.538200009999997,44.065106169999993,16.655790328999998
756,755,-93.538200009999997,44.065067569999997,16.626337051000000
757,756,-93.538200009999997,44.065028970000000,16.615626335000002
758,757,-93.538200009999997,44.064990369999990,16.625674247999999
759,758,-93.538200009999997,44.064951769999986,16.634038924999999
760,759,-93.538200009999997,44.064913169999997,16.636294365000001
761,760,-93.538161409999987,44.065646569999991,17.383717536999999
762,761,-93.538161409999987,44.065607969999988,17.512198925000000
763,762,-93.538161409999987,44.065569369999992,17.863409042000001
764,763,-93.538161409999987,44.065530769999995,17.875076293999999
765,764,-93.538161409999987,44.065492169999999,17.367929934999999
766,765,-93.538161409999987,44.065453569999981,16.961072922000000
767,766,-93.538161409999987,44.065414969999992,16.871867179999999
768,767,-93.538161409999987,44.065376369999996,16.873279572000001
769,768,-93.538161409999987,44.065337769999999,16.888421534999999
770,769,-93.538161409999987,44.065299169999989,16.900301933000001
771,770,-93.538161409999987,44.065260569999992,16.853998660999999
772,771,-93.538161409999987,44.065221970000003,16.772012234000002
773,772,-93.538161409999987,44.065183370000000,16.708796500999998
774,773,-93.538161409999987,44.065144769999989,16.663538933000002
775,774,-93.538161409999987,44.065106169999993,16.638880253000000
776,775,-93.538161409999987,44.065067569999997,16.616032600000000
777,776,-93.538161409999987,44.065028970000000,16.618492126000000
778,777,-93.538161409999987,44.064990369999990,16.641606330999998
779,778,-93.538161409999987,44.064951769999986,16.646862507000002
780,779,-93.538161409999987,44.064913169999997,16.637373447000002
781,780,-93.538122809999990,44.065646569999991,17.391507625999999
782,781,-93.538122809999990,44.065607969999988,17.511370659000001
783,782,-93.538122809999990,44.065569369999992,17.821292877000001
784,783,-93.538122809999990,44.065530769999995,17.880866051000002
785,784,-93.538122809999990,44.065492169999999,17.376770972999999
786,785,-93.538122809999990,44.065453569999981,16.979161263000002
787,786,-93.538122809999990,44.065414969999992,16.874921798999999
788,787,-93.538122809999990,44.065376369999996,16.855431556999999
789,788,-93.538122809999990,44.065337769999999,16.835827350999999
790,789,-93.538122809999990,44.065299169999989,16.823758602000002
791,790,-93.538122809999990,44.065260569999992,16.788599490999999
792,791,-93.538122809999990,44.065221970000003,16.718610287000001
793,792,-93.538122809999990,44.065183370000000,16.672029495000000
794,793,-93.538122809999990,44.065144769999989,16.659425258999999
795,794,-93.538122809999990,44.065106169999993,16.645080566000001
796,795,-93.538122809999990,44.065067569999997,16.646522522000001
797,796,-93.538122809999990,44.065028970000000,16.669254302999999
798,797,-93.538122809999990,44.064990369999990,16.691961764999999
799,798,-93.538122809999990,44.064951769999986,16.709105967999999
800,799,-93.538122809999990,44.064913169999997,16.705133438000001
801,800,-93.538084209999980,44.065646569999991,17.430606364999999
802,801,-93.538084209999980,44.065607969999988,17.506163597000000
803,802,-93.538084209999980,44.065569369999992,17.826077461000001
804,803,-93.538084209999980,44.065530769999995,17.899647713000000
805,804,-93.538084209999980,44.065492169999999,17.461346626000001
806,805,-93.538084209999980,44.065453569999981,16.956359862999999
807,806,-93.538084209999980,44.065414969999992,16.930824280000000
808,807,-93.538084209999980,44.065376369999996,16.908967494999999
809,808,-93.538084209999980,44.065337769999999,16.892618178999999
810,809,-93.538084209999980,44.065299169999989,16.875958442999998
811,810,-93.538084209999980,44.065260569999992,16.856451988000000
812,811,-93.538084209999980,44.065221970000003,16.818016529000001
813,812,-93.538084209999980,44.065183370000000,16.799189567999999
814,813,-93.538084209999980,44.065144769999989,16.783675194000001
815,814,-93.538084209999980,44.065106169999993,16.775352954999999
816,815,-93.538084209999980,44.065067569999997,16.781964778999999
817,816,-93.538084209999980,44.065028970000000,16.785704136000000
818,817,-93.538084209999980,44.064990369999990,16.774674416000000
819,818,-93.538084209999980,44.064951769999986,16.780015944999999
820,819,-93.538084209999980,44.064913169999997,16.775632858000002
821,820,-93.538045609999983,44.065646569999991,17.468781948000000
822,821,-93.538045609999983,44.065607969999988,17.552783966000000
823,822,-93.538045609999983,44.065569369999992,17.912333488000002
824,823,-93.538045609999983,44.065530769999995,17.964712620000000
825,824,-93.538045609999983,44.065492169999999,17.501074791000001
826,825,-93.538045609999983,44.065453569999981,16.947925567999999
827,826,-93.538045609999983,44.065414969999992,16.899113655000001
828,827,-93.538045609999983,44.065376369999996,16.893466949000000
829,828,-93.538045609999983,44.065337769999999,16.875145912000001
830,829,-93.538045609999983,44.065299169999989,16.868993282000002
831,830,-93.538045609999983,44.065260569999992,16.868793964000002
832,831,-93.538045609999983,44.065221970000003,16.872159481000001
833,832,-93.538045609999983,44.065183370000000,16.859863280999999
834,833,-93.538045609999983,44.065144769999989,16.854774952000000
835,834,-93.538045609999983,44.065106169999993,16.842857361000000
836,835,-93.538045609999983,44.065067569999997,16.832907200000001
837,836,-93.538045609999983,44.065028970000000,16.807456493000000
838,837,-93.538045609999983,44.064990369999990,16.770590781999999
839,838,-93.538045609999983,44.064951769999986,16.751992225999999
840,839,-93.538045609999983,44.064913169999997,16.752237319999999
841,840,-93.538007010000001,44.065646569999991,17.496412277000001
842,841,-93.538007010000001,44.065607969999988,17.634554863000002
843,842,-93.538007010000001,44.065569369999992,17.978312492000001
844,843,-93.538007010000001,44.065530769999995,18.046355247000001
845,844,-93.538007010000001,44.065492169999999,17.542208195000001
846,845,-93.538007010000001,44.065453569999981,16.973452567999999
847,846,-93.538007010000001,44.065414969999992,16.868142604999999
848,847,-93.538007010000001,44.065376369999996,16.845567703000000
849,848,-93.538007010000001,44.065337769999999,16.811991691999999
850,849,-93.538007010000001,44.065299169999989,16.797187805000000
851,850,-93.538007010000001,44.065260569999992,16.803749561000000
852,851,-93.538007010000001,44.065221970000003,16.818852424999999
853,852,-93.538007010000001,44.065183370000000,16.828226089000001
854,853,-93.538007010000001,44.065144769999989,16.823982238999999
855,854,-93.538007010000001,44.065106169999993,16.811714648999999
856,855,-93.538007010000001,44.065067569999997,16.793498516000000
857,856,-93.538007010000001,44.065028970000000,16.766859055000001
858,857,-93.538007010000001,44.064990369999990,16.726080417999999
859,858,-93.538007010000001,44.064951769999986,16.703950882000001
860,859,-93.538007010000001,44.064913169999997,16.708577633000001
861,860,-93.537968409999991,44.065646569999991,17.526996136000001
862,861,-93.537968409999991,44.065607969999988,17.629894257000000
863,862,-93.537968409999991,44.065569369999992,17.992999077000000
864,863,-93.537968409999991,44.065530769999995,18.053415775000001
865,864,-93.537968409999991,44.065492169999999,17.526889323999999
866,865,-93.537968409999991,44.065453569999981,16.977705956000001
867,866,-93.537968409999991,44.065414969999992,16.880156039999999
868,867,-93.537968409999991,44.065376369999996,16.835117817000000
869,868,-93.537968409999991,44.065337769999999,16.800123214999999
870,869,-93.537968409999991,44.065299169999989,16.774672984999999
871,870,-93.537968409999991,44.065260569999992,16.773940086000000
872,871,-93.537968409999991,44.065221970000003,16.785187243999999
873,872,-93.537968409999991,44.065183370000000,16.789477347999998
874,873,-93.537968409999991,44.065144769999989,16.781535149000000
875,874,-93.537968409999991,44.065106169999993,16.757253646999999
876,875,-93.537968409999991,44.065067569999997,16.734746933000000
877,876,-93.537968409999991,44.065028970000000,16.702735901000000
878,877,-93.537968409999991,44.064990369999990,16.666202068000000
879,878,-93.537968409999991,44.064951769999986,16.651926040999999
880,879,-93.537968409999991,44.064913169999997,16.644224167000001
881,880,-93.537929810000009,44.065646569999991,17.571485042999999
882,881,-93.537929810000009,44.065607969999988,17.649861813000001
883,882,-93.537929810000009,44.065569369999992,17.943331718000000
884,883,-93.537929810000009,44.065530769999995,18.001006603000000
885,884,-93.537929810000009,44.065492169999999,17.537652969000000
886,885,-93.537929810000009,44.065453569999981,16.934254168999999
887,886,-93.537929810000009,44.065414969999992,16.810739993999999
888,887,-93.537929810000009,44.065376369999996,16.792373179999998
889,888,-93.537929810000009,44.065337769999999,16.780382156000002
890,889,-93.537929810000009,44.065299169999989,16.770432949000000
891,890,-93.537929810000009,44.065260569999992,16.762842655000000
892,891,-93.537929810000009,44.065221970000003,16.754984379000000
893,892,-93.537929810000009,44.065183370000000,16.745007515000001
894,893,-93.537929810000009,44.065144769999989,16.723213673000000
895,894,-93.537929810000009,44.065106169999993,16.681990147000000
896,895,-93.537929810000009,44.065067569999997,16.628437995999999
897,896,-93.537929810000009,44.065028970000000,16.584185123000001
898,897,-93.537929810000009,44.064990369999990,16.548582076999999
899,898,-93.537929810000009,44.064951769999986,16.522598266999999
900,899,-93.537929810000009,44.064913169999997,16.528911591000000
901,900,-93.537891209999998,44.065646569999991,17.637662411000001
902,901,-93.537891209999998,44.065607969999988,17.630741596000000
903,902,-93.537891209999998,44.065569369999992,17.852556229000001
904,903,-93.537891209999998,44.065530769999995,17.875906944000000
905,904,-93.537891209999998,44.065492169999999,17.455452441999999
906,905,-93.537891209999998,44.065453569999981,16.898768902000000
907,906,-93.537891209999998,44.065414969999992,16.828312397000001
908,907,-93.537891209999998,44.065376369999996,16.834753512999999
909,908,-93.537891209999998,44.065337769999999,16.830751418999998
910,909,-93.537891209999998,44.065299169999989,16.800483704000001
911,910,-93.537891209999998,44.065260569999992,16.758904457000000
912,911,-93.537891209999998,44.065221970000003,16.728740691999999
913,912,-93.537891209999998,44.065183370000000,16.709567069999999
914,913,-93.537891209999998,44.065144769999989,16.693409920000001
915,914,-93.537891209999998,44.065106169999993,16.655649185000001
916,915,-93.537891209999998,44.065067569999997,16.627238274000000
917,916,-93.537891209999998,44.065028970000000,16.593597412000001
918,917,-93.537891209999998,44.064990369999990,16.567581177000001
919,918,-93.537891209999998,44.064951769999986,16.550604343000000
920,919,-93.537891209999998,44.064913169999997,16.580768585000001
921,920,-93.537852609999987,44.065646569999991,17.716402054000000
922,921,-93.537852609999987,44.065607969999988,17.669760704000002
923,922,-93.537852609999987,44.065569369999992,17.852716922999999
924,923,-93.537852609999987,44.065530769999995,17.860517025000000
925,924,-93.537852609999987,44.065492169999999,17.314285755000000
926,925,-93.537852609999987,44.065453569999981,16.812645912000001
927,926,-93.537852609999987,44.065414969999992,16.826742649000000
928,927,-93.537852609999987,44.065376369999996,16.839735985000001
929,928,-93.537852609999987,44.065337769999999,16.820683956000000
930,929,-93.537852609999987,44.065299169999989,16.765951633000000
931,930,-93.537852609999987,44.065260569999992,16.708408356000000
932,931,-93.537852609999987,44.065221970000003,16.674149990000000
933,932,-93.537852609999987,44.065183370000000,16.663016319000000
934,933,-93.537852609999987,44.065144769999989,16.648883819999998
935,934,-93.537852609999987,44.065106169999993,16.641436577000000
936,935,-93.537852609999987,44.065067569999997,16.648115158000000
937,936,-93.537852609999987,44.065028970000000,16.664784431000001
938,937,-93.537852609999987,44.064990369999990,16.659640312000001
939,938,-93.537852609999987,44.064951769999986,16.667054176000001
940,939,-93.537852609999987,44.064913169999997,16.713294029000000
941,940,-93.537814010000005,44.065646569999991,17.792959690000000
942,941,-93.537814010000005,44.065607969999988,17.734591483999999
943,942,-93.537814010000005,44.065569369999992,17.897881508000001
944,943,-93.537814010000005,44.065530769999995,17.887167931000000
945,944,-93.537814010000005,44.065492169999999,17.264547825000001
946,945,-93.537814010000005,44.065453569999981,16.721664429000000
947,946,-93.537814010000005,44.065414969999992,16.604191780000001
948,947,-93.537814010000005,44.065376369999996,16.632600307000001
949,948,-93.537814010000005,44.065337769999999,16.621375561000001
950,949,-93.537814010000005,44.065299169999989,16.582356452999999
951,950,-93.537814010000005,44.065260569999992,16.551612377000001
952,951,-93.537814010000005,44.065221970000003,16.534875393000000
953,952,-93.537814010000005,44.065183370000000,16.521046638000001
954,953,-93.537814010000005,44.065144769999989,16.508246421999999
955,954,-93.537814010000005,44.065106169999993,16.503846644999999
956,955,-93.537814010000005,44.065067569999997,16.521735668000002
957,956,-93.537814010000005,44.065028970000000,16.546367645000000
958,957,-93.537814010000005,44.064990369999990,16.557949065999999
959,958,-93.537814010000005,44.064951769999986,16.563076019000000
960,959,-93.537814010000005,44.064913169999997,16.595691681000002
961,960,-93.537775409999995,44.065646569999991,17.844003201000000
962,961,-93.537775409999995,44.065607969999988,17.804414748999999
963,962,-93.537775409999995,44.065569369999992,18.013689518000000
964,963,-93.537775409999995,44.065530769999995,17.903447151000002
965,964,-93.537775409999995,44.065492169999999,17.199235915999999
966,965,-93.537775409999995,44.065453569999981,16.527113914000001
967,966,-93.537775409999995,44.065414969999992,16.439804077000002
968,967,-93.537775409999995,44.065376369999996,16.448945044999999
969,968,-93.537775409999995,44.065337769999999,16.460083484999998
970,969,-93.537775409999995,44.065299169999989,16.437994957000001
971,970,-93.537775409999995,44.065260569999992,16.406334876999999
972,971,-93.537775409999995,44.065221970000003,16.361538886999998
973,972,-93.537775409999995,44.065183370000000,16.324084282000001
974,973,-93.537775409999995,44.065144769999989,16.278685093000000
975,974,-93.537775409999995,44.065106169999993,16.241805552999999
976,975,-93.537775409999995,44.065067569999997,16.233051777000000
977,976,-93.537775409999995,44.065028970000000,16.245084286000001
978,977,-93.537775409999995,44.064990369999990,16.241597175999999
979,978,-93.537775409999995,44.064951769999986,16.249929904999998
980,979,-93.537775409999995,44.064913169999997,16.278103351999999
981,980,-93.537736809999998,44.065646569999991,17.844385624000001
982,981,-93.537736809999998,44.065607969999988,17.845614433000001
983,982,-93.537736809999998,44.065569369999992,17.947272301000002
984,983,-93.537736809999998,44.065530769999995,17.865860462000001
985,984,-93.537736809999998,44.065492169999999,16.967926502000001
986,985,-93.537736809999998,44.065453569999981,16.335643291000000
987,986,-93.537736809999998,44.065414969999992,16.323626518000001
988,987,-93.537736809999998,44.065376369999996,16.332423210000002
989,988,-93.537736809999998,44.065337769999999,16.345439911000000
990,989,-93.537736809999998,44.065299169999989,16.330001831000001
991,990,-93.537736809999998,44.065260569999992,16.288569450000001
992,991,-93.537736809999998,44.065221970000003,16.219434261000000
993,992,-93.537736809999998,44.065183370000000,16.157146453999999
994,993,-93.537736809999998,44.065144769999989,16.101898193000000
995,994,-93.537736809999998,44.065106169999993,16.060352325000000
996,995,-93.537736809999998,44.065067569999997,16.047949314000000
997,996,-93.537736809999998,44.065028970000000,16.037527084000001
998,997,-93.537736809999998,44.064990369999990,16.013910532000001
999,998,-93.537736809999998,44.064951769999986,16.005759478000002
1000,999,-93.537736809999998,44.064913169999997,16.049493790000000
1001,1000,-93.537698210000002,44.065646569999991,17.780971050000002
1002,1001,-93.537698210000002,44.065607969999988,17.684610367000001
1003,1002,-93.537698210000002,44.065569369999992,17.901661872999998
1004,1003,-93.537698210000002,44.065530769999995,17.772092342000001
1005,1004,-93.537698210000002,44.065492169999999,17.126425742999999
1006,1005,-93.537698210000002,44.065453569999981,16.566169738999999
1007,1006,-93.537698210000002,44.065414969999992,16.473908901000001
1008,1007,-93.537698210000002,44.065376369999996,16.478264331999998
1009,1008,-93.537698210000002,44.065337769999999,16.497314930000002
1010,1009,-93.537698210000002,44.065299169999989,16.499809742000000
1011,1010,-93.537698210000002,44.065260569999992,16.462675570999998
1012,1011,-93.537698210000002,44.065221970000003,16.415953636000001
1013,1012,-93.537698210000002,44.065183370000000,16.371092795999999
1014,1013,-93.537698210000002,44.065144769999989,16.380446911000000
1015,1014,-93.537698210000002,44.065106169999993,16.386171818000001
1016,1015,-93.537698210000002,44.065067569999997,16.359599589999998
1017,1016,-93.537698210000002,44.065028970000000,16.326880455000001
1018,1017,-93.537698210000002,44.064990369999990,16.313090801000001
1019,1018,-93.537698210000002,44.064951769999986,16.307682036999999
1020,1019,-93.537698210000002,44.064913169999997,16.334945202000000
1021,1020,-93.537659609999992,44.065646569999991,17.702334403999998
1022,1021,-93.537659609999992,44.065607969999988,17.604258537000000
1023,1022,-93.537659609999992,44.065569369999992,17.856029509999999
1024,1023,-93.537659609999992,44.065530769999995,17.933208466000000
1025,1024,-93.537659609999992,44.065492169999999,17.598501205000002
1026,1025,-93.537659609999992,44.065453569999981,17.124186516000002
1027,1026,-93.537659609999992,44.065414969999992,16.974801064000001
1028,1027,-93.537659609999992,44.065376369999996,17.031695366000001
1029,1028,-93.537659609999992,44.065337769999999,17.060090065000001
1030,1029,-93.537659609999992,44.065299169999989,17.002799033999999
1031,1030,-93.537659609999992,44.065260569999992,16.952236176000000
1032,1031,-93.537659609999992,44.065221970000003,16.924863814999998
1033,1032,-93.537659609999992,44.065183370000000,16.936321259000000
1034,1033,-93.537659609999992,44.065144769999989,16.934396744000001
1035,1034,-93.537659609999992,44.065106169999993,16.931157112000001
1036,1035,-93.537659609999992,44.065067569999997,16.924196243000001
1037,1036,-93.537659609999992,44.065028970000000,16.866782187999998
1038,1037,-93.537659609999992,44.064990369999990,16.854202270999998
1039,1038,-93.537659609999992,44.064951769999986,16.845351219000001
1040,1039,-93.537659609999992,44.064913169999997,16.867486954000000
1041,1040,-93.537621009999995,44.065646569999991,17.616550921999998
1042,1041,-93.537621009999995,44.065607969999988,17.591959953000000
1043,1042,-93.537621009999995,44.065569369999992,17.827204704000000
1044,1043,-93.537621009999995,44.065530769999995,18.030404091000001
1045,1044,-93.537621009999995,44.065492169999999,17.967636108000001
1046,1045,-93.537621009999995,44.065453569999981,17.834669590000001
1047,1046,-93.537621009999995,44.065414969999992,17.778203010999999
1048,1047,-93.537621009999995,44.065376369999996,17.791003704000001
1049,1048,-93.537621009999995,44.065337769999999,17.812154769999999
1050,1049,-93.537621009999995,44.065299169999989,17.769539355999999
1051,1050,-93.537621009999995,44.065260569999992,17.667331219000001
1052,1051,-93.537621009999995,44.065221970000003,17.619126797000000
1053,1052,-93.537621009999995,44.065183370000000,17.603565216000000
1054,1053,-93.537621009999995,44.065144769999989,17.628672600000002
1055,1054,-93.537621009999995,44.065106169999993,17.624055861999999
1056,1055,-93.537621009999995,44.065067569999997,17.564361571999999
1057,1056,-93.537621009999995,44.065028970000000,17.525896548999999
1058,1057,-93.537621009999995,44.064990369999990,17.515115737999999
1059,1058,-93.537621009999995,44.064951769999986,17.495959759000002
1060,1059,-93.537621009999995,44.064913169999997,17.471131325000002
1061,1060,-93.537582409999985,44.065646569999991,17.520367146000002
1062,1061,-93.537582409999985,44.065607969999988,17.510216236000002
1063,1062,-93.537582409999985,44.065569369999992,17.800041198999999
1064,1063,-93.537582409999985,44.065530769999995,18.171270846999999
1065,1064,-93.537582409999985,44.065492169999999,18.270068644999998
1066,1065,-93.537582409999985,44.065453569999981,18.223628997999999
1067,1066,-93.537582409999985,44.065414969999992,18.243330002000000
1068,1067,-93.537582409999985,44.065376369999996,18.240475178000001
1069,1068,-93.537582409999985,44.065337769999999,18.222195625000001
1070,1069,-93.537582409999985,44.065299169999989,18.204312801000000
1071,1070,-93.537582409999985,44.065260569999992,18.116881846999998
1072,1071,-93.537582409999985,44.065221970000003,18.072109222000002
1073,1072,-93.537582409999985,44.065183370000000,18.043041229000000
1074,1073,-93.537582409999985,44.065144769999989,18.047307014000001
1075,1074,-93.537582409999985,44.065106169999993,18.013998032000000
1076,1075,-93.537582409999985,44.065067569999997,17.986578941000001
1077,1076,-93.537582409999985,44.065028970000000,17.946568489000001
1078,1077,-93.537582409999985,44.064990369999990,17.933122635000000
1079,1078,-93.537582409999985,44.064951769999986,17.899655341999999
1080,1079,-93.537582409999985,44.064913169999997,17.879821777000000
1081,1080,-93.537543809999988,44.065646569999991,17.463284492000000
1082,1081,-93.537543809999988,44.065607969999988,17.384294510000000
1083,1082,-93.537543809999988,44.065569369999992,17.710349560000001
1084,1083,-93.537543809999988,44.065530769999995,18.169957160999999
1085,1084,-93.537543809999988,44.065492169999999,18.391438483999998
1086,1085,-93.537543809999988,44.065453569999981,18.319733620000001
1087,1086,-93.537543809999988,44.065414969999992,18.344242572999999
1088,1087,-93.537543809999988,44.065376369999996,18.351881980999998
1089,1088,-93.537543809999988,44.065337769999999,18.341787815000000
1090,1089,-93.537543809999988,44.065299169999989,18.299936770999999
1091,1090,-93.537543809999988,44.065260569999992,18.248255253000000
1092,1091,-93.537543809999988,44.065221970000003,18.201381683000001
1093,1092,-93.537543809999988,44.065183370000000,18.173242568999999
1094,1093,-93.537543809999988,44.065144769999989,18.142556667000001
1095,1094,-93.537543809999988,44.065106169999993,18.101283073000001
1096,1095,-93.537543809999988,44.065067569999997,18.058541774999998
1097,1096,-93.537543809999988,44.065028970000000,18.027949332999999
1098,1097,-93.537543809999988,44.064990369999990,17.999136448000002
1099,1098,-93.537543809999988,44.064951769999986,17.963368416000002
1100,1099,-93.537543809999988,44.064913169999997,17.922624588000001
1101,1100,-93.537505210000006,44.065646569999991,17.404607772999999
1102,1101,-93.537505210000006,44.065607969999988,17.279734611999999
1103,1102,-93.537505210000006,44.065569369999992,17.610785007000000
1104,1103,-93.537505210000006,44.065530769999995,17.915795803000002
1105,1104,-93.537505210000006,44.065492169999999,18.012521267000000
1106,1105,-93.537505210000006,44.065453569999981,17.941705227000000
1107,1106,-93.537505210000006,44.065414969999992,18.092868328000002
1108,1107,-93.537505210000006,44.065376369999996,18.220901011999999
1109,1108,-93.537505210000006,44.065337769999999,18.289829254000001
1110,1109,-93.537505210000006,44.065299169999989,18.295129298999999
1111,1110,-93.537505210000006,44.065260569999992,18.292036057000001
1112,1111,-93.537505210000006,44.065221970000003,18.299408436000000
1113,1112,-93.537505210000006,44.065183370000000,18.294852256999999
1114,1113,-93.537505210000006,44.065144769999989,18.264816760999999
1115,1114,-93.537505210000006,44.065106169999993,18.217708588000001
1116,1115,-93.537505210000006,44.065067569999997,18.166107655000001
1117,1116,-93.537505210000006,44.065028970000000,18.141878604999999
1118,1117,-93.537505210000006,44.064990369999990,18.125246525000001
1119,1118,-93.537505210000006,44.064951769999986,18.092803955000001
1120,1119,-93.537505210000006,44.064913169999997,18.067865372000000
1121,1120,-93.537466609999996,44.065646569999991,17.319791317000000
1122,1121,-93.537466609999996,44.065607969999988,17.132099151999999
1123,1122,-93.537466609999996,44.065569369999992,17.273842335000001
1124,1123,-93.537466609999996,44.065530769999995,17.406366824999999
1125,1124,-93.537466609999996,44.065492169999999,17.227028369999999
1126,1125,-93.537466609999996,44.065453569999981,17.008306026000000
1127,1126,-93.537466609999996,44.065414969999992,17.435196876999999
1128,1127,-93.537466609999996,44.065376369999996,17.857341766000001
1129,1128,-93.537466609999996,44.065337769999999,18.079051495000002
1130,1129,-93.537466609999996,44.065299169999989,18.190659523000001
1131,1130,-93.537466609999996,44.065260569999992,18.286229609999999
1132,1131,-93.537466609999996,44.065221970000003,18.346300601999999
1133,1132,-93.537466609999996,44.065183370000000,18.373084068000001
1134,1133,-93.537466609999996,44.065144769999989,18.370057583000001
1135,1134,-93.537466609999996,44.065106169999993,18.329566002000000
1136,1135,-93.537466609999996,44.065067569999997,18.293879986000000
1137,1136,-93.537466609999996,44.065028970000000,18.275357722999999
1138,1137,-93.537466609999996,44.064990369999990,18.272869109999998
1139,1138,-93.537466609999996,44.064951769999986,18.273885249999999
1140,1139,-93.537466609999996,44.064913169999997,18.280640601999998
1141,1140,-93.537428009999985,44.065646569999991,17.195210933999999
1142,1141,-93.537428009999985,44.065607969999988,16.946918011000001
1143,1142,-93.537428009999985,44.065569369999992,17.214753628000000
1144,1143,-93.537428009999985,44.065530769999995,17.433732985999999
1145,1144,-93.537428009999985,44.065492169999999,17.452759266000001
1146,1145,-93.537428009999985,44.065453569999981,17.308890819999998
1147,1146,-93.537428009999985,44.065414969999992,17.690148829999998
1148,1147,-93.537428009999985,44.065376369999996,18.001362323999999
1149,1148,-93.537428009999985,44.065337769999999,18.192945479999999
1150,1149,-93.537428009999985,44.065299169999989,18.291106701000000
1151,1150,-93.537428009999985,44.065260569999992,18.370975494000000
1152,1151,-93.537428009999985,44.065221970000003,18.420524597000000
1153,1152,-93.537428009999985,44.065183370000000,18.449910163999999
1154,1153,-93.537428009999985,44.065144769999989,18.441348076000001
1155,1154,-93.537428009999985,44.065106169999993,18.393550872999999
1156,1155,-93.537428009999985,44.065067569999997,18.337089062000000
1157,1156,-93.537428009999985,44.065028970000000,18.314863205000002
1158,1157,-93.537428009999985,44.064990369999990,18.324918270000001
1159,1158,-93.537428009999985,44.064951769999986,18.327989578000000
1160,1159,-93.537428009999985,44.064913169999997,18.327534675999999
1161,1160,-93.537389410000003,44.065646569999991,17.009037018000001
1162,1161,-93.537389410000003,44.065607969999988,16.769202709000002
1163,1162,-93.537389410000003,44.065569369999992,17.144417285999999
1164,1163,-93.537389410000003,44.065530769999995,17.638490200000000
1165,1164,-93.537389410000003,44.065492169999999,17.809707641999999
1166,1165,-93.537389410000003,44.065453569999981,17.782242298000000
1167,1166,-93.537389410000003,44.065414969999992,18.009763717999999
1168,1167,-93.537389410000003,44.065376369999996,18.219993114000001
1169,1168,-93.537389410000003,44.065337769999999,18.324229717000001
1170,1169,-93.537389410000003,44.065299169999989,18.355808735000000
1171,1170,-93.537389410000003,44.065260569999992,18.396747112000000
1172,1171,-93.537389410000003,44.065221970000003,18.450565815000001
1173,1172,-93.537389410000003,44.065183370000000,18.495718956000001
1174,1173,-93.537389410000003,44.065144769999989,18.475103855000000
1175,1174,-93.537389410000003,44.065106169999993,18.412978171999999
1176,1175,-93.537389410000003,44.065067569999997,18.346065998000000
1177,1176,-93.537389410000003,44.065028970000000,18.314320563999999
1178,1177,-93.537389410000003,44.064990369999990,18.310826777999999
1179,1178,-93.537389410000003,44.064951769999986,18.308817863000002
1180,1179,-93.537389410000003,44.064913169999997,18.288168429999999
1181,1180,-93.537350809999992,44.065646569999991,16.780453682000001
1182,1181,-93.537350809999992,44.065607969999988,16.609664440000000
1183,1182,-93.537350809999992,44.065569369999992,16.814424514999999
1184,1183,-93.537350809999992,44.065530769999995,17.255548954000002
1185,1184,-93.537350809999992,44.065492169999999,17.326941489999999
1186,1185,-93.537350809999992,44.065453569999981,17.068148613000002
1187,1186,-93.537350809999992,44.065414969999992,17.398056507000000
1188,1187,-93.537350809999992,44.065376369999996,17.787349224000000
1189,1188,-93.537350809999992,44.065337769999999,18.077031135999999
1190,1189,-93.537350809999992,44.065299169999989,18.177602290999999
1191,1190,-93.537350809999992,44.065260569999992,18.295197009999999
1192,1191,-93.537350809999992,44.065221970000003,18.389039516000000
1193,1192,-93.537350809999992,44.065183370000000,18.447709084000000
1194,1193,-93.537350809999992,44.065144769999989,18.451805114999999
1195,1194,-93.537350809999992,44.065106169999993,18.415663242000001
1196,1195,-93.537350809999992,44.065067569999997,18.366666794000000
1197,1196,-93.537350809999992,44.065028970000000,18.337041377999999
1198,1197,-93.537350809999992,44.064990369999990,18.329750537999999
1199,1198,-93.537350809999992,44.064951769999986,18.323091507000001
1200,1199,-93.537350809999992,44.064913169999997,18.307215213999999
1201,1200,-93.537312210000010,44.065646569999991,16.528897284999999
1202,1201,-93.537312210000010,44.065607969999988,16.452622414000000
1203,1202,-93.537312210000010,44.065569369999992,16.784607410000000
1204,1203,-93.537312210000010,44.065530769999995,17.079416752000000
1205,1204,-93.537312210000010,44.065492169999999,17.218935012999999
1206,1205,-93.537312210000010,44.065453569999981,16.979577541000001
1207,1206,-93.537312210000010,44.065414969999992,17.356497288000000
1208,1207,-93.537312210000010,44.065376369999996,17.844258308000001
1209,1208,-93.537312210000010,44.065337769999999,18.111677170000000
1210,1209,-93.537312210000010,44.065299169999989,18.244289875000000
1211,1210,-93.537312210000010,44.065260569999992,18.331958294000000
1212,1211,-93.537312210000010,44.065221970000003,18.395659924000000
1213,1212,-93.537312210000010,44.065183370000000,18.437279701000001
1214,1213,-93.537312210000010,44.065144769999989,18.433348656000000
1215,1214,-93.537312210000010,44.065106169999993,18.403497695999999
1216,1215,-93.537312210000010,44.065067569999997,18.361859798000001
1217,1216,-93.537312210000010,44.065028970000000,18.340197086000000
1218,1217,-93.537312210000010,44.064990369999990,18.325916289999999
1219,1218,-93.537312210000010,44.064951769999986,18.312230110000002
1220,1219,-93.537312210000010,44.064913169999997,18.315618038000000
1221,1220,-93.537273610000000,44.065646569999991,16.268322945000001
1222,1221,-93.537273610000000,44.065607969999988,16.322351933000000
1223,1222,-93.537273610000000,44.065569369999992,16.797152996000001
1224,1223,-93.537273610000000,44.065530769999995,17.402119160000002
1225,1224,-93.537273610000000,44.065492169999999,17.350766659000001
1226,1225,-93.537273610000000,44.065453569999981,17.182865620000001
1227,1226,-93.537273610000000,44.065414969999992,17.578433990000001
1228,1227,-93.537273610000000,44.065376369999996,18.001457690999999
1229,1228,-93.537273610000000,44.065337769999999,18.238315581999998
1230,1229,-93.537273610000000,44.065299169999989,18.320803165000001
1231,1230,-93.537273610000000,44.065260569999992,18.370877743000001
1232,1231,-93.537273610000000,44.065221970000003,18.426724911000001
1233,1232,-93.537273610000000,44.065183370000000,18.455399513000000
1234,1233,-93.537273610000000,44.065144769999989,18.454914570000000
1235,1234,-93.537273610000000,44.065106169999993,18.421749115000001
1236,1235,-93.537273610000000,44.065067569999997,18.385408878000000
1237,1236,-93.537273610000000,44.065028970000000,18.359373092999999
1238,1237,-93.537273610000000,44.064990369999990,18.334773540000000
1239,1238,-93.537273610000000,44.064951769999986,18.325489044000001
1240,1239,-93.537273610000000,44.064913169999997,18.341634274000000
1241,1240,-93.537235010000003,44.065646569999991,15.998159885000000
1242,1241,-93.537235010000003,44.065607969999988,16.201107501999999
1243,1242,-93.537235010000003,44.065569369999992,16.587824821000002
1244,1243,-93.537235010000003,44.065530769999995,17.102931976000001
1245,1244,-93.537235010000003,44.065492169999999,17.243413447999998
1246,1245,-93.537235010000003,44.065453569999981,16.928875445999999
1247,1246,-93.537235010000003,44.065414969999992,17.230368614000000
1248,1247,-93.537235010000003,44.065376369999996,17.715657233999998
1249,1248,-93.537235010000003,44.065337769999999,18.037446499000001
1250,1249,-93.537235010000003,44.065299169999989,18.184283733000001
1251,1250,-93.537235010000003,44.065260569999992,18.278121470999999
1252,1251,-93.537235010000003,44.065221970000003,18.350441932999999
1253,1252,-93.537235010000003,44.065183370000000,18.404225349000001
1254,1253,-93.537235010000003,44.065144769999989,18.435541152999999
1255,1254,-93.537235010000003,44.065106169999993,18.459034920000001
1256,1255,-93.537235010000003,44.065067569999997,18.461696624999998
1257,1256,-93.537235010000003,44.065028970000000,18.441661835000001
1258,1257,-93.537235010000003,44.064990369999990,18.420396327999999
1259,1258,-93.537235010000003,44.064951769999986,18.416832924000001
1260,1259,-93.537235010000003,44.064913169999997,18.422246933000000
1261,1260,-93.537196410000007,44.065646569999991,15.847422600000000
1262,1261,-93.537196410000007,44.065607969999988,16.089133023999999
1263,1262,-93.537196410000007,44.065569369999992,16.469112873000000
1264,1263,-93.537196410000007,44.065530769999995,16.886467933999999
1265,1264,-93.537196410000007,44.065492169999999,17.233097553000000
1266,1265,-93.537196410000007,44.065453569999981,17.177679061999999
1267,1266,-93.537196410000007,44.065414969999992,17.343986511000001
1268,1267,-93.537196410000007,44.065376369999996,17.727117538000002
1269,1268,-93.537196410000007,44.065337769999999,17.923599719999999
1270,1269,-93.537196410000007,44.065299169999989,18.049906731000000
1271,1270,-93.537196410000007,44.065260569999992,18.153789520000000
1272,1271,-93.537196410000007,44.065221970000003,18.235969066999999
1273,1272,-93.537196410000007,44.065183370000000,18.296695709000002
1274,1273,-93.537196410000007,44.065144769999989,18.348094462999999
1275,1274,-93.537196410000007,44.065106169999993,18.384850501999999
1276,1275,-93.537196410000007,44.065067569999997,18.420772551999999
1277,1276,-93.537196410000007,44.065028970000000,18.435539722000001
1278,1277,-93.537196410000007,44.064990369999990,18.431346416000000
1279,1278,-93.537196410000007,44.064951769999986,18.422406197000001
1280,1279,-93.537196410000007,44.064913169999997,18.429635048000002
1281,1280,-93.537157809999997,44.065646569999991,15.750802517000000
1282,1281,-93.537157809999997,44.065607969999988,15.795507431000001
1283,1282,-93.537157809999997,44.065569369999992,16.170904159999999
1284,1283,-93.537157809999997,44.065530769999995,16.677003859999999
1285,1284,-93.537157809999997,44.065492169999999,17.231284142000000
1286,1285,-93.537157809999997,44.065453569999981,17.207520485000000
1287,1286,-93.537157809999997,44.065414969999992,17.299653053000000
1288,1287,-93.537157809999997,44.065376369999996,17.526701927000001
1289,1288,-93.537157809999997,44.065337769999999,17.668781281000001
1290,1289,-93.537157809999997,44.065299169999989,17.793478012000001
1291,1290,-93.537157809999997,44.065260569999992,17.932113647000001
1292,1291,-93.537157809999997,44.065221970000003,18.043465613999999
1293,1292,-93.537157809999997,44.065183370000000,18.085144043000000
1294,1293,-93.537157809999997,44.065144769999989,18.135844231000000
1295,1294,-93.537157809999997,44.065106169999993,18.194357872000001
1296,1295,-93.537157809999997,44.065067569999997,18.251616477999999
1297,1296,-93.537157809999997,44.065028970000000,18.290158271999999
1298,1297,-93.537157809999997,44.064990369999990,18.288933753999999
1299,1298,-93.537157809999997,44.064951769999986,18.297800064000000
1300,1299,-93.537157809999997,44.064913169999997,18.290870667000000
1301,1300,-93.537119209999986,44.065646569999991,15.772381544000000
1302,1301,-93.537119209999986,44.065607969999988,15.580811977000000
1303,1302,-93.537119209999986,44.065569369999992,15.188130379000000
1304,1303,-93.537119209999986,44.065530769999995,15.659675837000000
1305,1304,-93.537119209999986,44.065492169999999,16.440394401999999
1306,1305,-93.537119209999986,44.065453569999981,16.555657387000000
1307,1306,-93.537119209999986,44.065414969999992,16.683916092000000
1308,1307,-93.537119209999986,44.065376369999996,16.747427940000001
1309,1308,-93.537119209999986,44.065337769999999,16.933058261999999
1310,1309,-93.537119209999986,44.065299169999989,17.094536780999999
1311,1310,-93.537119209999986,44.065260569999992,17.317420005999999
1312,1311,-93.537119209999986,44.065221970000003,17.505507946000002
1313,1312,-93.537119209999986,44.065183370000000,17.615290642000001
1314,1313,-93.537119209999986,44.065144769999989,17.690384387999998
1315,1314,-93.537119209999986,44.065106169999993,17.785689353999999
1316,1315,-93.537119209999986,44.065067569999997,17.889447212000000
1317,1316,-93.537119209999986,44.065028970000000,17.951358318000000
1318,1317,-93.537119209999986,44.064990369999990,17.970899105000001
1319,1318,-93.537119209999986,44.064951769999986,17.978988171000001
1320,1319,-93.537119209999986,44.064913169999997,17.982240677000000
1321,1320,-93.537080609999990,44.065646569999991,15.547802448000001
1322,1321,-93.537080609999990,44.065607969999988,15.179215670000000
1323,1322,-93.537080609999990,44.065569369999992,12.698971510000000
1324,1323,-93.537080609999990,44.065530769999995,11.196489810999999
1325,1324,-93.537080609999990,44.065492169999999,14.212960720000000
1326,1325,-93.537080609999990,44.065453569999981,15.940608740000000
1327,1326,-93.537080609999990,44.065414969999992,16.242117404999998
1328,1327,-93.537080609999990,44.065376369999996,16.372089862999999
1329,1328,-93.537080609999990,44.065337769999999,16.550092220000000
1330,1329,-93.537080609999990,44.065299169999989,16.687404155999999
1331,1330,-93.537080609999990,44.065260569999992,16.879695415000000
1332,1331,-93.537080609999990,44.065221970000003,17.055902958000001
1333,1332,-93.537080609999990,44.065183370000000,17.180274010000002
1334,1333,-93.537080609999990,44.065144769999989,17.266612530000000
1335,1334,-93.537080609999990,44.065106169999993,17.367312907999999
1336,1335,-93.537080609999990,44.065067569999997,17.474265575000000
1337,1336,-93.537080609999990,44.065028970000000,17.585780621000001
1338,1337,-93.537080609999990,44.064990369999990,17.601031780000000
1339,1338,-93.537080609999990,44.064951769999986,17.587837696000001
1340,1339,-93.537080609999990,44.064913169999997,17.593757628999999
