OID_,FID,X,Y,Dry_yld_22
1,0,-93.531184170859305,44.078001448039934,14553.101432292000027
2,1,-93.531184170859305,44.077962448039933,14482.922607422000510
3,2,-93.531184170859305,44.077923448039925,14546.502387152999290
4,3,-93.531184170859305,44.077884448039931,14576.741731771000559
5,4,-93.531184170859305,44.077845448039938,14495.360134549000577
6,5,-93.531184170859305,44.077806448039937,14322.673936631999823
7,6,-93.531184170859305,44.077767448039928,14101.112982856000599
8,7,-93.531184170859305,44.077728448039935,14087.659960937000506
9,8,-93.531184170859305,44.077689448039933,14271.888834634999512
10,9,-93.531184170859305,44.077650448039932,14259.071506075999423
11,10,-93.531184170859305,44.077611448039931,13972.500895182000022
12,11,-93.531184170859305,44.077572448039938,13831.165104166999299
13,12,-93.531184170859305,44.077533448039937,14116.601643879999756
14,13,-93.531184170859305,44.077494448039936,14475.631646050000199
15,14,-93.531184170859305,44.077455448039935,14587.605251736000355
16,15,-93.531184170859305,44.077416448039934,14642.074772134999876
17,16,-93.531184170859305,44.077377448039933,14797.994222004999756
18,17,-93.531184170859305,44.077338448039924,14924.944200304000333
19,18,-93.531184170859305,44.077299448039945,14784.896620008999889
20,19,-93.531184170859305,44.077260448039937,14495.891438802000266
21,20,-93.531184170859305,44.077221448039936,14264.157633463999446
22,21,-93.531184170859305,44.077182448039927,14381.860731336999379
23,22,-93.531184170859305,44.077143448039934,14716.466769747999933
24,23,-93.531184170859305,44.077104448039933,14958.883561197999370
25,24,-93.531184170859305,44.077065448039932,15011.165581597000710
26,25,-93.531184170859305,44.077026448039931,14827.881130641999334
27,26,-93.531184170859305,44.076987448039937,14620.404758029999357
28,27,-93.531184170859305,44.076948448039936,14423.111783853999441
29,28,-93.531184170859305,44.076909448039935,14197.482910156000798
30,29,-93.531184170859305,44.076870448039934,14018.472384983000666
31,30,-93.531184170859305,44.076831448039933,14195.587537977000466
32,31,-93.531145170859304,44.078001448039934,14562.695345051999539
33,32,-93.531145170859304,44.077962448039933,14531.447808159999113
34,33,-93.531145170859304,44.077923448039925,14609.011691622999933
35,34,-93.531145170859304,44.077884448039931,14629.905826823000098
36,35,-93.531145170859304,44.077845448039938,14483.559027777999290
37,36,-93.531145170859304,44.077806448039937,14267.590359158000865
38,37,-93.531145170859304,44.077767448039928,14069.067355686000155
39,38,-93.531145170859304,44.077728448039935,13972.003027344000657
40,39,-93.531145170859304,44.077689448039933,14050.464138454999556
41,40,-93.531145170859304,44.077650448039932,14060.881673177000266
42,41,-93.531145170859304,44.077611448039931,13931.528564452999490
43,42,-93.531145170859304,44.077572448039938,13930.053938802000630
44,43,-93.531145170859304,44.077533448039937,14144.898790147999534
45,44,-93.531145170859304,44.077494448039936,14321.303955077999490
46,45,-93.531145170859304,44.077455448039935,14395.423366970000643
47,46,-93.531145170859304,44.077416448039934,14540.295703125000728
48,47,-93.531145170859304,44.077377448039933,14725.164794922000510
49,48,-93.531145170859304,44.077338448039924,14773.107259115000488
50,49,-93.531145170859304,44.077299448039945,14650.003987629999756
51,50,-93.531145170859304,44.077260448039937,14473.459244792000391
52,51,-93.531145170859304,44.077221448039936,14307.017930772999534
53,52,-93.531145170859304,44.077182448039927,14314.796196831999623
54,53,-93.531145170859304,44.077143448039934,14486.283501518999401
55,54,-93.531145170859304,44.077104448039933,14640.037467448000825
56,55,-93.531145170859304,44.077065448039932,14821.270453559000089
57,56,-93.531145170859304,44.077026448039931,14852.820366752999689
58,57,-93.531145170859304,44.076987448039937,14708.417561849000776
59,58,-93.531145170859304,44.076948448039936,14562.541438801999902
60,59,-93.531145170859304,44.076909448039935,14301.889350043000377
61,60,-93.531145170859304,44.076870448039934,14035.105387370000244
62,61,-93.531145170859304,44.076831448039933,14143.471842447999734
63,62,-93.531106170859317,44.078001448039934,14657.736621093999929
64,63,-93.531106170859317,44.077962448039933,14631.935438368000177
65,64,-93.531106170859317,44.077923448039925,14633.656087240000488
66,65,-93.531106170859317,44.077884448039931,14564.336002604000896
67,66,-93.531106170859317,44.077845448039938,14391.845350477000466
68,67,-93.531106170859317,44.077806448039937,14220.982421875000000
69,68,-93.531106170859317,44.077767448039928,14093.351291233000666
70,69,-93.531106170859317,44.077728448039935,13938.481705729000169
71,70,-93.531106170859317,44.077689448039933,13858.048719618000177
72,71,-93.531106170859317,44.077650448039932,13835.113091363000422
73,72,-93.531106170859317,44.077611448039931,13842.648111979000532
74,73,-93.531106170859317,44.077572448039938,13988.586165365000852
75,74,-93.531106170859317,44.077533448039937,14162.700168186000155
76,75,-93.531106170859317,44.077494448039936,14221.497558593999202
77,76,-93.531106170859317,44.077455448039935,14302.152479383999889
78,77,-93.531106170859317,44.077416448039934,14460.027864583000337
79,78,-93.531106170859317,44.077377448039933,14563.264648438000222
80,79,-93.531106170859317,44.077338448039924,14512.158121745000244
81,80,-93.531106170859317,44.077299448039945,14441.607340495000244
82,81,-93.531106170859317,44.077260448039937,14381.782226561999778
83,82,-93.531106170859317,44.077221448039936,14328.628282334999312
84,83,-93.531106170859317,44.077182448039927,14343.606553818999600
85,84,-93.531106170859317,44.077143448039934,14407.690077040000688
86,85,-93.531106170859317,44.077104448039933,14508.527832031000798
87,86,-93.531106170859317,44.077065448039932,14708.090847438999845
88,87,-93.531106170859317,44.077026448039931,14865.057264540000688
89,88,-93.531106170859317,44.076987448039937,14850.614257811999778
90,89,-93.531106170859317,44.076948448039936,14761.106705729000169
91,90,-93.531106170859317,44.076909448039935,14526.975965711999379
92,91,-93.531106170859317,44.076870448039934,14266.174641927000266
93,92,-93.531106170859317,44.076831448039933,14253.400417752000067
94,93,-93.531067170859302,44.078001448039934,14797.793710938000004
95,94,-93.531067170859302,44.077962448039933,14768.307714844000657
96,95,-93.531067170859302,44.077923448039925,14645.540234374999272
97,96,-93.531067170859302,44.077884448039931,14451.288749999999709
98,97,-93.531067170859302,44.077845448039938,14267.093554687999131
99,98,-93.531067170859302,44.077806448039937,14160.142480468999565
100,99,-93.531067170859302,44.077767448039928,14113.389225259999876
101,100,-93.531067170859302,44.077728448039935,13979.214335937000214
102,101,-93.531067170859302,44.077689448039933,13848.723600260000239
103,102,-93.531067170859302,44.077650448039932,13780.643587239999761
104,103,-93.531067170859302,44.077611448039931,13799.478320312999131
105,104,-93.531067170859302,44.077572448039938,14025.930546875000800
106,105,-93.531067170859302,44.077533448039937,14218.687825520999468
107,106,-93.531067170859302,44.077494448039936,14287.588085937999494
108,107,-93.531067170859302,44.077455448039935,14374.994954427000266
109,108,-93.531067170859302,44.077416448039934,14519.751679688000877
110,109,-93.531067170859302,44.077377448039933,14512.049804688000222
111,110,-93.531067170859302,44.077338448039924,14355.707617186999414
112,111,-93.531067170859302,44.077299448039945,14327.054817707999973
113,112,-93.531067170859302,44.077260448039937,14332.517382812999131
114,113,-93.531067170859302,44.077221448039936,14368.455240884999512
115,114,-93.531067170859302,44.077182448039927,14462.478906250000364
116,115,-93.531067170859302,44.077143448039934,14534.683919270999468
117,116,-93.531067170859302,44.077104448039933,14619.267929687999640
118,117,-93.531067170859302,44.077065448039932,14743.393522135000239
119,118,-93.531067170859302,44.077026448039931,14918.800390624999636
120,119,-93.531067170859302,44.076987448039937,14971.166992186999778
121,120,-93.531067170859302,44.076948448039936,14928.562031249999563
122,121,-93.531067170859302,44.076909448039935,14746.781184895999104
123,122,-93.531067170859302,44.076870448039934,14464.379264323000825
124,123,-93.531067170859302,44.076831448039933,14315.720638020999104
125,124,-93.531028170859315,44.078001448039934,14854.274381510000239
126,125,-93.531028170859315,44.077962448039933,14797.943684895999468
127,126,-93.531028170859315,44.077923448039925,14600.078613281000798
128,127,-93.531028170859315,44.077884448039931,14366.280859374999636
129,128,-93.531028170859315,44.077845448039938,14169.565022786000554
130,129,-93.531028170859315,44.077806448039937,14096.561523436999778
131,130,-93.531028170859315,44.077767448039928,14109.602864582999246
132,131,-93.531028170859315,44.077728448039935,14039.861588542000391
133,132,-93.531028170859315,44.077689448039933,13952.435058593999202
134,133,-93.531028170859315,44.077650448039932,13881.665825738000422
135,134,-93.531028170859315,44.077611448039931,13856.147840711999379
136,135,-93.531028170859315,44.077572448039938,14039.726692707999973
137,136,-93.531028170859315,44.077533448039937,14288.118543836999379
138,137,-93.531028170859315,44.077494448039936,14436.584147134999512
139,138,-93.531028170859315,44.077455448039935,14520.324354383999889
140,139,-93.531028170859315,44.077416448039934,14620.842415364999397
141,140,-93.531028170859315,44.077377448039933,14562.927680122000311
142,141,-93.531028170859315,44.077338448039924,14376.184027777999290
143,142,-93.531028170859315,44.077299448039945,14359.207356770999468
144,143,-93.531028170859315,44.077260448039937,14396.784960937999131
145,144,-93.531028170859315,44.077221448039936,14493.648328993000177
146,145,-93.531028170859315,44.077182448039927,14615.460015190999911
147,146,-93.531028170859315,44.077143448039934,14709.904866536000554
148,147,-93.531028170859315,44.077104448039933,14754.603613281000435
149,148,-93.531028170859315,44.077065448039932,14823.834798177000266
150,149,-93.531028170859315,44.077026448039931,14976.122667101000843
151,150,-93.531028170859315,44.076987448039937,15028.956949870000244
152,151,-93.531028170859315,44.076948448039936,15039.423567707999609
153,152,-93.531028170859315,44.076909448039935,14890.760118272999534
154,153,-93.531028170859315,44.076870448039934,14550.685167101000843
155,154,-93.531028170859315,44.076831448039933,14225.757731120000244
156,155,-93.530989170859343,44.078001448039934,14716.525032551999175
157,156,-93.530989170859343,44.077962448039933,14649.662679036000554
158,157,-93.530989170859343,44.077923448039925,14465.155653211999379
159,158,-93.530989170859343,44.077884448039931,14262.489680990000124
160,159,-93.530989170859343,44.077845448039938,14116.433946397999534
161,160,-93.530989170859343,44.077806448039937,14055.277099609000288
162,161,-93.530989170859343,44.077767448039928,14042.220567491000111
163,162,-93.530989170859343,44.077728448039935,14040.534667968999202
164,163,-93.530989170859343,44.077689448039933,14041.004692925000199
165,164,-93.530989170859343,44.077650448039932,13986.365234375000000
166,165,-93.530989170859343,44.077611448039931,13945.159206813999845
167,166,-93.530989170859343,44.077572448039938,14062.152408854000896
168,167,-93.530989170859343,44.077533448039937,14304.389675563999845
169,168,-93.530989170859343,44.077494448039936,14493.696614582999246
170,169,-93.530989170859343,44.077455448039935,14570.018310547000510
171,170,-93.530989170859343,44.077416448039934,14617.074381509999512
172,171,-93.530989170859343,44.077377448039933,14569.752468533000865
173,172,-93.530989170859343,44.077338448039924,14513.379367404999357
174,173,-93.530989170859343,44.077299448039945,14552.503228081999623
175,174,-93.530989170859343,44.077260448039937,14607.533170573000461
176,175,-93.530989170859343,44.077221448039936,14657.977593315999911
177,176,-93.530989170859343,44.077182448039927,14739.587402343999202
178,177,-93.530989170859343,44.077143448039934,14779.688585068999600
179,178,-93.530989170859343,44.077104448039933,14748.237402344000657
180,179,-93.530989170859343,44.077065448039932,14801.234754773999157
181,180,-93.530989170859343,44.077026448039931,14905.017144097000710
182,181,-93.530989170859343,44.076987448039937,14983.085096570999667
183,182,-93.530989170859343,44.076948448039936,15029.909798176999175
184,183,-93.530989170859343,44.076909448039935,14875.696940104000532
185,184,-93.530989170859343,44.076870448039934,14448.816921658000865
186,185,-93.530989170859343,44.076831448039933,13984.066406250000000
187,186,-93.530950170859313,44.078001448039934,14508.071907551999175
188,187,-93.530950170859313,44.077962448039933,14400.921712240000488
189,188,-93.530950170859313,44.077923448039925,14281.697970920000444
190,189,-93.530950170859313,44.077884448039931,14204.652994792000754
191,190,-93.530950170859313,44.077845448039938,14100.048692491000111
192,191,-93.530950170859313,44.077806448039937,14039.862738715000887
193,192,-93.530950170859313,44.077767448039928,13976.633816188999845
194,193,-93.530950170859313,44.077728448039935,13960.466829426999539
195,194,-93.530950170859313,44.077689448039933,13988.851182726000843
196,195,-93.530950170859313,44.077650448039932,14028.458713108000666
197,196,-93.530950170859313,44.077611448039931,14080.625515408000865
198,197,-93.530950170859313,44.077572448039938,14157.478124999999636
199,198,-93.530950170859313,44.077533448039937,14295.154893663000621
200,199,-93.530950170859313,44.077494448039936,14403.822808159999113
201,200,-93.530950170859313,44.077455448039935,14452.636962890999712
202,201,-93.530950170859313,44.077416448039934,14467.912500000000364
203,202,-93.530950170859313,44.077377448039933,14484.766818575999423
204,203,-93.530950170859313,44.077338448039924,14618.280381943999600
205,204,-93.530950170859313,44.077299448039945,14804.802300347000710
206,205,-93.530950170859313,44.077260448039937,14846.188053384999876
207,206,-93.530950170859313,44.077221448039936,14800.120415581999623
208,207,-93.530950170859313,44.077182448039927,14798.743489582999246
209,208,-93.530950170859313,44.077143448039934,14742.679877386999578
210,209,-93.530950170859313,44.077104448039933,14687.467545572999370
211,210,-93.530950170859313,44.077065448039932,14723.310682508999889
212,211,-93.530950170859313,44.077026448039931,14788.267822265999712
213,212,-93.530950170859313,44.076987448039937,14878.599690754999756
214,213,-93.530950170859313,44.076948448039936,14933.907519530999707
215,214,-93.530950170859313,44.076909448039935,14724.911214192999978
216,215,-93.530950170859313,44.076870448039934,14205.907660590000887
217,216,-93.530950170859313,44.076831448039933,13674.854600693999600
218,217,-93.530911170859326,44.078001448039934,14399.037148437999349
219,218,-93.530911170859326,44.077962448039933,14263.868326822999734
220,219,-93.530911170859326,44.077923448039925,14190.791243490000852
221,220,-93.530911170859326,44.077884448039931,14176.925820312999349
222,221,-93.530911170859326,44.077845448039938,14109.319531249999272
223,222,-93.530911170859326,44.077806448039937,14052.336751302000266
224,223,-93.530911170859326,44.077767448039928,13960.367610676999902
225,224,-93.530911170859326,44.077728448039935,13867.467968749999272
226,225,-93.530911170859326,44.077689448039933,13883.232226562999131
227,226,-93.530911170859326,44.077650448039932,14041.304101562000142
228,227,-93.530911170859326,44.077611448039931,14236.542447916999663
229,228,-93.530911170859326,44.077572448039938,14320.133984374999272
230,229,-93.530911170859326,44.077533448039937,14334.744596353999441
231,230,-93.530911170859326,44.077494448039936,14328.438606771000195
232,231,-93.530911170859326,44.077455448039935,14343.908723958000337
233,232,-93.530911170859326,44.077416448039934,14337.118398438000440
234,233,-93.530911170859326,44.077377448039933,14448.956347655999707
235,234,-93.530911170859326,44.077338448039924,14698.861100259999148
236,235,-93.530911170859326,44.077299448039945,14940.442805990000124
237,236,-93.530911170859326,44.077260448039937,14975.126249999999345
238,237,-93.530911170859326,44.077221448039936,14917.097298176999175
239,238,-93.530911170859326,44.077182448039927,14832.569466146000195
240,239,-93.530911170859326,44.077143448039934,14722.580240884999512
241,240,-93.530911170859326,44.077104448039933,14707.674023437000869
242,241,-93.530911170859326,44.077065448039932,14737.925553384999148
243,242,-93.530911170859326,44.077026448039931,14785.180013020999468
244,243,-93.530911170859326,44.076987448039937,14839.444108072999370
245,244,-93.530911170859326,44.076948448039936,14849.447382812999422
246,245,-93.530911170859326,44.076909448039935,14570.610286458000701
247,246,-93.530911170859326,44.076870448039934,13954.106738280999707
248,247,-93.530911170859326,44.076831448039933,13493.026399739999761
249,248,-93.530872170859311,44.078001448039934,14307.939127604000532
250,249,-93.530872170859311,44.077962448039933,14215.256239148999157
251,250,-93.530872170859311,44.077923448039925,14172.627848307000022
252,251,-93.530872170859311,44.077884448039931,14115.589778645999104
253,252,-93.530872170859311,44.077845448039938,14066.748453775999224
254,253,-93.530872170859311,44.077806448039937,14021.411892361000355
255,254,-93.530872170859311,44.077767448039928,13914.343153211999379
256,255,-93.530872170859311,44.077728448039935,13829.589257812000142
257,256,-93.530872170859311,44.077689448039933,13831.204020182000022
258,257,-93.530872170859311,44.077650448039932,14044.651448567999978
259,258,-93.530872170859311,44.077611448039931,14332.446533202999490
260,259,-93.530872170859311,44.077572448039938,14458.108951823000098
261,260,-93.530872170859311,44.077533448039937,14374.362304688000222
262,261,-93.530872170859311,44.077494448039936,14308.549587674000577
263,262,-93.530872170859311,44.077455448039935,14375.241102431000400
264,263,-93.530872170859311,44.077416448039934,14436.814843750000364
265,264,-93.530872170859311,44.077377448039933,14562.978922525999224
266,265,-93.530872170859311,44.077338448039924,14777.806369358000666
267,266,-93.530872170859311,44.077299448039945,14959.038547091999135
268,267,-93.530872170859311,44.077260448039937,15011.390397134999148
269,268,-93.530872170859311,44.077221448039936,14990.795193141999334
270,269,-93.530872170859311,44.077182448039927,14879.959852431000400
271,270,-93.530872170859311,44.077143448039934,14769.085042317999978
272,271,-93.530872170859311,44.077104448039933,14769.465006509999512
273,272,-93.530872170859311,44.077065448039932,14829.616726345000643
274,273,-93.530872170859311,44.077026448039931,14874.242648654999357
275,274,-93.530872170859311,44.076987448039937,14869.435058593999202
276,275,-93.530872170859311,44.076948448039936,14786.689290365000488
277,276,-93.530872170859311,44.076909448039935,14398.854139540000688
278,277,-93.530872170859311,44.076870448039934,13776.836398654999357
279,278,-93.530872170859311,44.076831448039933,13477.512586806000400
280,279,-93.530833170859324,44.078001448039934,14159.788704426999175
281,280,-93.530833170859324,44.077962448039933,14100.303195529999357
282,281,-93.530833170859324,44.077923448039925,14045.071940104000532
283,282,-93.530833170859324,44.077884448039931,13977.030305989999761
284,283,-93.530833170859324,44.077845448039938,13912.954291449999801
285,284,-93.530833170859324,44.077806448039937,13887.088270398999157
286,285,-93.530833170859324,44.077767448039928,13864.003743490000488
287,286,-93.530833170859324,44.077728448039935,13852.527343750000000
288,287,-93.530833170859324,44.077689448039933,13870.345241970000643
289,288,-93.530833170859324,44.077650448039932,14074.665961372000311
290,289,-93.530833170859324,44.077611448039931,14376.242675781000798
291,290,-93.530833170859324,44.077572448039938,14509.753710937000506
292,291,-93.530833170859324,44.077533448039937,14405.107096354000532
293,292,-93.530833170859324,44.077494448039936,14342.796685113000422
294,293,-93.530833170859324,44.077455448039935,14522.094455295000444
295,294,-93.530833170859324,44.077416448039934,14731.298177082999246
296,295,-93.530833170859324,44.077377448039933,14793.758517795000444
297,296,-93.530833170859324,44.077338448039924,14784.136745877000067
298,297,-93.530833170859324,44.077299448039945,14802.403483072999734
299,298,-93.530833170859324,44.077260448039937,14859.005403646000559
300,299,-93.530833170859324,44.077221448039936,14927.685845268999401
301,300,-93.530833170859324,44.077182448039927,14901.991400824999801
302,301,-93.530833170859324,44.077143448039934,14806.556098090000887
303,302,-93.530833170859324,44.077104448039933,14801.387076823000825
304,303,-93.530833170859324,44.077065448039932,14892.468587240000488
305,304,-93.530833170859324,44.077026448039931,14931.639621311000155
306,305,-93.530833170859324,44.076987448039937,14850.753580729000532
307,306,-93.530833170859324,44.076948448039936,14639.032682291999663
308,307,-93.530833170859324,44.076909448039935,14198.267171224000776
309,308,-93.530833170859324,44.076870448039934,13586.543728299000577
310,309,-93.530833170859324,44.076831448039933,13424.385416667000754
311,310,-93.530794170859309,44.078001448039934,13983.787011718999565
312,311,-93.530794170859309,44.077962448039933,13904.870659722000710
313,312,-93.530794170859309,44.077923448039925,13850.577907986000355
314,313,-93.530794170859309,44.077884448039931,13808.700455729000169
315,314,-93.530794170859309,44.077845448039938,13769.405409070999667
316,315,-93.530794170859309,44.077806448039937,13822.498942057000022
317,316,-93.530794170859309,44.077767448039928,13942.015977647999534
318,317,-93.530794170859309,44.077728448039935,14001.959895833000701
319,318,-93.530794170859309,44.077689448039933,14046.194986979000532
320,319,-93.530794170859309,44.077650448039932,14176.404676648999157
321,320,-93.530794170859309,44.077611448039931,14425.058024088999446
322,321,-93.530794170859309,44.077572448039938,14544.538476563000586
323,322,-93.530794170859309,44.077533448039937,14475.150851779999357
324,323,-93.530794170859309,44.077494448039936,14477.630181206999623
325,324,-93.530794170859309,44.077455448039935,14722.409857856000599
326,325,-93.530794170859309,44.077416448039934,14974.181933593999929
327,326,-93.530794170859309,44.077377448039933,14955.446940104000532
328,327,-93.530794170859309,44.077338448039924,14724.728000216999135
329,328,-93.530794170859309,44.077299448039945,14566.567111545000444
330,329,-93.530794170859309,44.077260448039937,14595.386588542000027
331,330,-93.530794170859309,44.077221448039936,14721.508327908000865
332,331,-93.530794170859309,44.077182448039927,14789.219428168000377
333,332,-93.530794170859309,44.077143448039934,14763.419949002000067
334,333,-93.530794170859309,44.077104448039933,14787.427473957999609
335,334,-93.530794170859309,44.077065448039932,14855.943332247999933
336,335,-93.530794170859309,44.077026448039931,14857.244167752000067
337,336,-93.530794170859309,44.076987448039937,14735.951063368000177
338,337,-93.530794170859309,44.076948448039936,14467.148209634999148
339,338,-93.530794170859309,44.076909448039935,14025.759711372000311
340,339,-93.530794170859309,44.076870448039934,13351.216824002000067
341,340,-93.530794170859309,44.076831448039933,13074.024658202999490
342,341,-93.530755170859322,44.078001448039934,13890.130390624999563
343,342,-93.530755170859322,44.077962448039933,13787.121028645999104
344,343,-93.530755170859322,44.077923448039925,13784.946842448000098
345,344,-93.530755170859322,44.077884448039931,13819.118125000000873
346,345,-93.530755170859322,44.077845448039938,13825.133300781000798
347,346,-93.530755170859322,44.077806448039937,13927.933691406000435
348,347,-93.530755170859322,44.077767448039928,14120.190266927000266
349,348,-93.530755170859322,44.077728448039935,14230.586875000000873
350,349,-93.530755170859322,44.077689448039933,14260.281347656000435
351,350,-93.530755170859322,44.077650448039932,14322.439160156000071
352,351,-93.530755170859322,44.077611448039931,14529.411718749999636
353,352,-93.530755170859322,44.077572448039938,14609.763359374999709
354,353,-93.530755170859322,44.077533448039937,14571.527213542000027
355,354,-93.530755170859322,44.077494448039936,14630.334700520999831
356,355,-93.530755170859322,44.077455448039935,14915.037337240000852
357,356,-93.530755170859322,44.077416448039934,15073.927734375000000
358,357,-93.530755170859322,44.077377448039933,14967.908398437999494
359,358,-93.530755170859322,44.077338448039924,14704.535839844000293
360,359,-93.530755170859322,44.077299448039945,14490.994791667000754
361,360,-93.530755170859322,44.077260448039937,14507.828554687999713
362,361,-93.530755170859322,44.077221448039936,14589.923470051999175
363,362,-93.530755170859322,44.077182448039927,14699.777571615000852
364,363,-93.530755170859322,44.077143448039934,14765.457031250000000
365,364,-93.530755170859322,44.077104448039933,14796.763632812000651
366,365,-93.530755170859322,44.077065448039932,14786.579069010000239
367,366,-93.530755170859322,44.077026448039931,14731.201139323000461
368,367,-93.530755170859322,44.076987448039937,14655.707161457999973
369,368,-93.530755170859322,44.076948448039936,14388.950078125000800
370,369,-93.530755170859322,44.076909448039935,13943.013118490000124
371,370,-93.530755170859322,44.076870448039934,13228.603450520999104
372,371,-93.530755170859322,44.076831448039933,12714.424772135000239
373,372,-93.530716170859307,44.078001448039934,13911.981022134999876
374,373,-93.530716170859307,44.077962448039933,13896.586507161000554
375,374,-93.530716170859307,44.077923448039925,13993.816541883999889
376,375,-93.530716170859307,44.077884448039931,14051.270833332999246
377,376,-93.530716170859307,44.077845448039938,13991.882405599000776
378,377,-93.530716170859307,44.077806448039937,14049.116536457999246
379,378,-93.530716170859307,44.077767448039928,14280.472086588999446
380,379,-93.530716170859307,44.077728448039935,14426.015494792000027
381,380,-93.530716170859307,44.077689448039933,14437.005371093999202
382,381,-93.530716170859307,44.077650448039932,14464.857476127999689
383,382,-93.530716170859307,44.077611448039931,14582.587972004999756
384,383,-93.530716170859307,44.077572448039938,14592.124348957999246
385,384,-93.530716170859307,44.077533448039937,14575.999565972000710
386,385,-93.530716170859307,44.077494448039936,14721.469428168000377
387,386,-93.530716170859307,44.077455448039935,14988.368625216999135
388,387,-93.530716170859307,44.077416448039934,15047.491829426999175
389,388,-93.530716170859307,44.077377448039933,14889.705322265999712
390,389,-93.530716170859307,44.077338448039924,14723.602105034999113
391,390,-93.530716170859307,44.077299448039945,14634.593668620000244
392,391,-93.530716170859307,44.077260448039937,14639.321484374999272
393,392,-93.530716170859307,44.077221448039936,14633.970784504999756
394,393,-93.530716170859307,44.077182448039927,14737.801350911000554
395,394,-93.530716170859307,44.077143448039934,14864.308024088999446
396,395,-93.530716170859307,44.077104448039933,14863.773079426999175
397,396,-93.530716170859307,44.077065448039932,14743.155192057000022
398,397,-93.530716170859307,44.077026448039931,14623.652642143999401
399,398,-93.530716170859307,44.076987448039937,14587.638807508999889
400,399,-93.530716170859307,44.076948448039936,14369.052083332999246
401,400,-93.530716170859307,44.076909448039935,13949.524441188999845
402,401,-93.530716170859307,44.076870448039934,13175.656819661000554
403,402,-93.530716170859307,44.076831448039933,12565.033582898999157
404,403,-93.530677170859320,44.078001448039934,13979.838281250000364
405,404,-93.530677170859320,44.077962448039933,14123.625488281000798
406,405,-93.530677170859320,44.077923448039925,14309.295355902999290
407,406,-93.530677170859320,44.077884448039931,14319.361914061999414
408,407,-93.530677170859320,44.077845448039938,14108.260091145999468
409,408,-93.530677170859320,44.077806448039937,14076.733778211999379
410,409,-93.530677170859320,44.077767448039928,14358.575602213999446
411,410,-93.530677170859320,44.077728448039935,14539.027766926999902
412,411,-93.530677170859320,44.077689448039933,14573.289008247000311
413,412,-93.530677170859320,44.077650448039932,14545.762858072999734
414,413,-93.530677170859320,44.077611448039931,14490.379991318999600
415,414,-93.530677170859320,44.077572448039938,14374.373795572999370
416,415,-93.530677170859320,44.077533448039937,14391.598578559000089
417,416,-93.530677170859320,44.077494448039936,14634.421657986000355
418,417,-93.530677170859320,44.077455448039935,14897.955810547000510
419,418,-93.530677170859320,44.077416448039934,14916.993359374999272
420,419,-93.530677170859320,44.077377448039933,14785.127061631999823
421,420,-93.530677170859320,44.077338448039924,14733.517144097000710
422,421,-93.530677170859320,44.077299448039945,14776.286214192999978
423,422,-93.530677170859320,44.077260448039937,14769.930338542000754
424,423,-93.530677170859320,44.077221448039936,14722.343777127000067
425,424,-93.530677170859320,44.077182448039927,14796.715386284999113
426,425,-93.530677170859320,44.077143448039934,14904.306369358000666
427,426,-93.530677170859320,44.077104448039933,14855.484212240000488
428,427,-93.530677170859320,44.077065448039932,14645.500217013999645
429,428,-93.530677170859320,44.077026448039931,14446.437879773999157
430,429,-93.530677170859320,44.076987448039937,14440.234944661000554
431,430,-93.530677170859320,44.076948448039936,14371.446516927000630
432,431,-93.530677170859320,44.076909448039935,14024.304931640999712
433,432,-93.530677170859320,44.076870448039934,13322.428493924000577
434,433,-93.530677170859320,44.076831448039933,12876.161593966999135
435,434,-93.530638170859319,44.078001448039934,14011.354003906000798
436,435,-93.530638170859319,44.077962448039933,14263.161078559000089
437,436,-93.530638170859319,44.077923448039925,14466.876519097000710
438,437,-93.530638170859319,44.077884448039931,14398.555110676999902
439,438,-93.530638170859319,44.077845448039938,14108.904622395999468
440,439,-93.530638170859319,44.077806448039937,14021.274278429000333
441,440,-93.530638170859319,44.077767448039928,14344.651828341999135
442,441,-93.530638170859319,44.077728448039935,14599.433235676999175
443,442,-93.530638170859319,44.077689448039933,14661.706081813999845
444,443,-93.530638170859319,44.077650448039932,14549.949517143999401
445,444,-93.530638170859319,44.077611448039931,14319.422661675000199
446,445,-93.530638170859319,44.077572448039938,14131.092187500000364
447,446,-93.530638170859319,44.077533448039937,14167.878200954999556
448,447,-93.530638170859319,44.077494448039936,14467.079833984000288
449,448,-93.530638170859319,44.077455448039935,14741.288384331999623
450,449,-93.530638170859319,44.077416448039934,14768.406119792000027
451,450,-93.530638170859319,44.077377448039933,14704.241265190999911
452,451,-93.530638170859319,44.077338448039924,14715.499376084999312
453,452,-93.530638170859319,44.077299448039945,14732.138346354000532
454,453,-93.530638170859319,44.077260448039937,14709.049348958000337
455,454,-93.530638170859319,44.077221448039936,14684.703803168000377
456,455,-93.530638170859319,44.077182448039927,14727.331054688000222
457,456,-93.530638170859319,44.077143448039934,14765.934407552000266
458,457,-93.530638170859319,44.077104448039933,14650.290950520999104
459,458,-93.530638170859319,44.077065448039932,14402.689371745000244
460,459,-93.530638170859319,44.077026448039931,14192.470214843999202
461,460,-93.530638170859319,44.076987448039937,14299.361680772999534
462,461,-93.530638170859319,44.076948448039936,14401.704980468999565
463,462,-93.530638170859319,44.076909448039935,14161.162027995000244
464,463,-93.530638170859319,44.076870448039934,13666.903700086999379
465,464,-93.530638170859319,44.076831448039933,13345.887641059000089
466,465,-93.530599170859318,44.078001448039934,14053.064062499999636
467,466,-93.530599170859318,44.077962448039933,14282.550097655999707
468,467,-93.530599170859318,44.077923448039925,14420.617643228999441
469,468,-93.530599170859318,44.077884448039931,14325.197148437999203
470,469,-93.530599170859318,44.077845448039938,14074.941959634999876
471,470,-93.530599170859318,44.077806448039937,14010.472721354000896
472,471,-93.530599170859318,44.077767448039928,14351.392122396000559
473,472,-93.530599170859318,44.077728448039935,14642.510507813000004
474,473,-93.530599170859318,44.077689448039933,14709.408398437999494
475,474,-93.530599170859318,44.077650448039932,14536.450423177000630
476,475,-93.530599170859318,44.077611448039931,14269.817447916999299
477,476,-93.530599170859318,44.077572448039938,14120.356679688000440
478,477,-93.530599170859318,44.077533448039937,14179.319726563000586
479,478,-93.530599170859318,44.077494448039936,14410.073990884999148
480,479,-93.530599170859318,44.077455448039935,14645.938802082999246
481,480,-93.530599170859318,44.077416448039934,14701.711132812999494
482,481,-93.530599170859318,44.077377448039933,14687.095638020999104
483,482,-93.530599170859318,44.077338448039924,14676.469270833000337
484,483,-93.530599170859318,44.077299448039945,14632.844140625000364
485,484,-93.530599170859318,44.077260448039937,14565.703789061999487
486,485,-93.530599170859318,44.077221448039936,14603.880891926999539
487,486,-93.530599170859318,44.077182448039927,14643.225130208000337
488,487,-93.530599170859318,44.077143448039934,14554.822656250000364
489,488,-93.530599170859318,44.077104448039933,14406.647187500000655
490,489,-93.530599170859318,44.077065448039932,14189.397753905999707
491,490,-93.530599170859318,44.077026448039931,14054.496484375000364
492,491,-93.530599170859318,44.076987448039937,14255.698502604000169
493,492,-93.530599170859318,44.076948448039936,14473.419140624999272
494,493,-93.530599170859318,44.076909448039935,14342.312402343999565
495,494,-93.530599170859318,44.076870448039934,13945.032389322999734
496,495,-93.530599170859318,44.076831448039933,13626.068847656000798
497,496,-93.530560170859303,44.078001448039934,14134.360058594000293
498,497,-93.530560170859303,44.077962448039933,14271.659966363000422
499,498,-93.530560170859303,44.077923448039925,14324.918375650999224
500,499,-93.530560170859303,44.077884448039931,14269.166666667000754
501,500,-93.530560170859303,44.077845448039938,14130.322916667000754
502,501,-93.530560170859303,44.077806448039937,14149.240451388999645
503,502,-93.530560170859303,44.077767448039928,14448.144422743000177
504,503,-93.530560170859303,44.077728448039935,14686.764485677000266
505,504,-93.530560170859303,44.077689448039933,14707.807400174000577
506,505,-93.530560170859303,44.077650448039932,14539.846761067999978
507,506,-93.530560170859303,44.077611448039931,14386.341064452999490
508,507,-93.530560170859303,44.077572448039938,14351.400781250000364
509,508,-93.530560170859303,44.077533448039937,14411.691704643999401
510,509,-93.530560170859303,44.077494448039936,14520.596869574999801
511,510,-93.530560170859303,44.077455448039935,14675.175157334999312
512,511,-93.530560170859303,44.077416448039934,14729.721484375000728
513,512,-93.530560170859303,44.077377448039933,14722.174587674000577
514,513,-93.530560170859303,44.077338448039924,14667.863362629999756
515,514,-93.530560170859303,44.077299448039945,14554.718017577999490
516,515,-93.530560170859303,44.077260448039937,14477.530175780999343
517,516,-93.530560170859303,44.077221448039936,14559.228597004999756
518,517,-93.530560170859303,44.077182448039927,14610.428521050000199
519,518,-93.530560170859303,44.077143448039934,14435.315538193999600
520,519,-93.530560170859303,44.077104448039933,14246.418457031000798
521,520,-93.530560170859303,44.077065448039932,14096.327148438000222
522,521,-93.530560170859303,44.077026448039931,14059.306830511999578
523,522,-93.530560170859303,44.076987448039937,14284.386800129999756
524,523,-93.530560170859303,44.076948448039936,14524.710449218999202
525,524,-93.530560170859303,44.076909448039935,14462.551025390999712
526,525,-93.530560170859303,44.076870448039934,14094.301161023999157
527,526,-93.530560170859303,44.076831448039933,13719.586859809000089
528,527,-93.530521170859316,44.078001448039934,14173.294563801999175
529,528,-93.530521170859316,44.077962448039933,14261.833685981000599
530,529,-93.530521170859316,44.077923448039925,14300.008924695999667
531,530,-93.530521170859316,44.077884448039931,14323.977962240000124
532,531,-93.530521170859316,44.077845448039938,14333.795600043000377
533,532,-93.530521170859316,44.077806448039937,14397.596842447999734
534,533,-93.530521170859316,44.077767448039928,14589.852132161000554
535,534,-93.530521170859316,44.077728448039935,14718.699153645999104
536,535,-93.530521170859316,44.077689448039933,14635.731391059000089
537,536,-93.530521170859316,44.077650448039932,14494.859700520999468
538,537,-93.530521170859316,44.077611448039931,14527.613281250000000
539,538,-93.530521170859316,44.077572448039938,14601.119856770999831
540,539,-93.530521170859316,44.077533448039937,14644.538302950999423
541,540,-93.530521170859316,44.077494448039936,14709.132269965000887
542,541,-93.530521170859316,44.077455448039935,14803.455837674000577
543,542,-93.530521170859316,44.077416448039934,14797.469303384999876
544,543,-93.530521170859316,44.077377448039933,14781.569281684000089
545,544,-93.530521170859316,44.077338448039924,14681.336832682000022
546,545,-93.530521170859316,44.077299448039945,14499.157552082999246
547,546,-93.530521170859316,44.077260448039937,14439.423079427000630
548,547,-93.530521170859316,44.077221448039936,14568.811957465000887
549,548,-93.530521170859316,44.077182448039927,14636.580268011999578
550,549,-93.530521170859316,44.077143448039934,14444.676974825999423
551,550,-93.530521170859316,44.077104448039933,14249.389062500000364
552,551,-93.530521170859316,44.077065448039932,14115.469156900999224
553,552,-93.530521170859316,44.077026448039931,14116.024142795000444
554,553,-93.530521170859316,44.076987448039937,14321.869439018999401
555,554,-93.530521170859316,44.076948448039936,14489.672135417000391
556,555,-93.530521170859316,44.076909448039935,14439.707356770999468
557,556,-93.530521170859316,44.076870448039934,14136.790635851000843
558,557,-93.530521170859316,44.076831448039933,13748.470811631999823
559,558,-93.530482170859329,44.078001448039934,14140.374609374999636
560,559,-93.530482170859329,44.077962448039933,14270.203027343999565
561,560,-93.530482170859329,44.077923448039925,14375.997721354000532
562,561,-93.530482170859329,44.077884448039931,14455.666171875000146
563,562,-93.530482170859329,44.077845448039938,14549.272591146000195
564,563,-93.530482170859329,44.077806448039937,14612.046158854000169
565,564,-93.530482170859329,44.077767448039928,14659.485481771000195
566,565,-93.530482170859329,44.077728448039935,14649.295507812999858
567,566,-93.530482170859329,44.077689448039933,14516.828190104000896
568,567,-93.530482170859329,44.077650448039932,14430.836686197999370
569,568,-93.530482170859329,44.077611448039931,14555.058984375000364
570,569,-93.530482170859329,44.077572448039938,14657.135078125000291
571,570,-93.530482170859329,44.077533448039937,14695.560188801999175
572,571,-93.530482170859329,44.077494448039936,14776.980696615000852
573,572,-93.530482170859329,44.077455448039935,14869.759440104000532
574,573,-93.530482170859329,44.077416448039934,14839.241953124999782
575,574,-93.530482170859329,44.077377448039933,14817.925813801999539
576,575,-93.530482170859329,44.077338448039924,14667.841829426999539
577,576,-93.530482170859329,44.077299448039945,14481.949055990000488
578,577,-93.530482170859329,44.077260448039937,14433.158476562999567
579,578,-93.530482170859329,44.077221448039936,14574.441080729000532
580,579,-93.530482170859329,44.077182448039927,14672.501529948000098
581,580,-93.530482170859329,44.077143448039934,14558.954720051999175
582,581,-93.530482170859329,44.077104448039933,14405.131171875000291
583,582,-93.530482170859329,44.077065448039932,14204.939615884999512
584,583,-93.530482170859329,44.077026448039931,14209.373372395999468
585,584,-93.530482170859329,44.076987448039937,14377.247591146000559
586,585,-93.530482170859329,44.076948448039936,14444.249374999999418
587,586,-93.530482170859329,44.076909448039935,14348.982910156000798
588,587,-93.530482170859329,44.076870448039934,14100.184635416999299
589,588,-93.530482170859329,44.076831448039933,13755.316699218999929
590,589,-93.530443170859328,44.078001448039934,14072.680598958000701
591,590,-93.530443170859328,44.077962448039933,14321.978542752000067
592,591,-93.530443170859328,44.077923448039925,14487.875298393999401
593,592,-93.530443170859328,44.077884448039931,14578.790787759999148
594,593,-93.530443170859328,44.077845448039938,14681.893907334999312
595,594,-93.530443170859328,44.077806448039937,14729.648790147999534
596,595,-93.530443170859328,44.077767448039928,14619.034749349000776
597,596,-93.530443170859328,44.077728448039935,14499.341210937000142
598,597,-93.530443170859328,44.077689448039933,14399.391682942999978
599,598,-93.530443170859328,44.077650448039932,14405.730658636999578
600,599,-93.530443170859328,44.077611448039931,14555.413682726000843
601,600,-93.530443170859328,44.077572448039938,14632.064290365000488
602,601,-93.530443170859328,44.077533448039937,14620.199679904999357
603,602,-93.530443170859328,44.077494448039936,14685.630642361000355
604,603,-93.530443170859328,44.077455448039935,14779.912462022999534
605,604,-93.530443170859328,44.077416448039934,14829.001074219000657
606,605,-93.530443170859328,44.077377448039933,14844.726264106000599
607,606,-93.530443170859328,44.077338448039924,14682.979817707999246
608,607,-93.530443170859328,44.077299448039945,14464.843451606000599
609,608,-93.530443170859328,44.077260448039937,14402.219726563000222
610,609,-93.530443170859328,44.077221448039936,14498.694797091999135
611,610,-93.530443170859328,44.077182448039927,14654.451551648999157
612,611,-93.530443170859328,44.077143448039934,14687.465332031000798
613,612,-93.530443170859328,44.077104448039933,14568.022233072999370
614,613,-93.530443170859328,44.077065448039932,14367.208767361000355
615,614,-93.530443170859328,44.077026448039931,14331.514322917000754
616,615,-93.530443170859328,44.076987448039937,14462.193603515999712
617,616,-93.530443170859328,44.076948448039936,14462.247200521000195
618,617,-93.530443170859328,44.076909448039935,14287.627441406000798
619,618,-93.530443170859328,44.076870448039934,14038.405653211999379
620,619,-93.530443170859328,44.076831448039933,13722.529324002000067
621,620,-93.530404170859327,44.078001448039934,13983.683463542000027
622,621,-93.530404170859327,44.077962448039933,14353.572699652999290
623,622,-93.530404170859327,44.077923448039925,14528.096733940999911
624,623,-93.530404170859327,44.077884448039931,14607.270475260000239
625,624,-93.530404170859327,44.077845448039938,14699.383056640999712
626,625,-93.530404170859327,44.077806448039937,14684.460123697999734
627,626,-93.530404170859327,44.077767448039928,14499.312527127000067
628,627,-93.530404170859327,44.077728448039935,14330.466992187000869
629,628,-93.530404170859327,44.077689448039933,14334.900716145999468
630,629,-93.530404170859327,44.077650448039932,14471.158664279999357
631,630,-93.530404170859327,44.077611448039931,14639.921251084999312
632,631,-93.530404170859327,44.077572448039938,14645.007031249999272
633,632,-93.530404170859327,44.077533448039937,14543.326958550000199
634,633,-93.530404170859327,44.077494448039936,14530.200710720000643
635,634,-93.530404170859327,44.077455448039935,14611.411078559000089
636,635,-93.530404170859327,44.077416448039934,14745.150813801999902
637,636,-93.530404170859327,44.077377448039933,14856.119520398999157
638,637,-93.530404170859327,44.077338448039924,14703.649929470000643
639,638,-93.530404170859327,44.077299448039945,14424.547173393999401
640,639,-93.530404170859327,44.077260448039937,14335.753450521000559
641,640,-93.530404170859327,44.077221448039936,14416.120524088999446
642,641,-93.530404170859327,44.077182448039927,14587.527587890999712
643,642,-93.530404170859327,44.077143448039934,14778.822808159999113
644,643,-93.530404170859327,44.077104448039933,14736.167415365000124
645,644,-93.530404170859327,44.077065448039932,14543.679199218999202
646,645,-93.530404170859327,44.077026448039931,14462.150906033000865
647,646,-93.530404170859327,44.076987448039937,14511.699435763999645
648,647,-93.530404170859327,44.076948448039936,14440.458984375000000
649,648,-93.530404170859327,44.076909448039935,14214.253119574999801
650,649,-93.530404170859327,44.076870448039934,14001.769721136999578
651,650,-93.530404170859327,44.076831448039933,13717.315700954999556
652,651,-93.530365170859312,44.078001448039934,13772.580110676999539
653,652,-93.530365170859312,44.077962448039933,14265.072645398999157
654,653,-93.530365170859312,44.077923448039925,14421.447292752000067
655,654,-93.530365170859312,44.077884448039931,14449.705110676999539
656,655,-93.530365170859312,44.077845448039938,14563.700032552000266
657,656,-93.530365170859312,44.077806448039937,14550.774685329999556
658,657,-93.530365170859312,44.077767448039928,14333.194797091999135
659,658,-93.530365170859312,44.077728448039935,14222.591927082999973
660,659,-93.530365170859312,44.077689448039933,14368.196424695999667
661,660,-93.530365170859312,44.077650448039932,14592.690538193999600
662,661,-93.530365170859312,44.077611448039931,14755.548855252000067
663,662,-93.530365170859312,44.077572448039938,14689.683170573000098
664,663,-93.530365170859312,44.077533448039937,14554.111002604000532
665,664,-93.530365170859312,44.077494448039936,14486.674018011999578
666,665,-93.530365170859312,44.077455448039935,14564.877197265999712
667,666,-93.530365170859312,44.077416448039934,14737.743294271000195
668,667,-93.530365170859312,44.077377448039933,14849.211751302000266
669,668,-93.530365170859312,44.077338448039924,14644.414632161000554
670,669,-93.530365170859312,44.077299448039945,14337.656955295000444
671,670,-93.530365170859312,44.077260448039937,14292.546028646000195
672,671,-93.530365170859312,44.077221448039936,14367.549099391999334
673,672,-93.530365170859312,44.077182448039927,14554.355550129999756
674,673,-93.530365170859312,44.077143448039934,14854.532823351000843
675,674,-93.530365170859312,44.077104448039933,14882.402473957999973
676,675,-93.530365170859312,44.077065448039932,14664.260687934000089
677,676,-93.530365170859312,44.077026448039931,14568.927273220000643
678,677,-93.530365170859312,44.076987448039937,14495.288113063999845
679,678,-93.530365170859312,44.076948448039936,14365.396875000000364
680,679,-93.530365170859312,44.076909448039935,14176.544352213999446
681,680,-93.530365170859312,44.076870448039934,13978.585205077999490
682,681,-93.530365170859312,44.076831448039933,13688.515923393999401
683,682,-93.530326170859325,44.078001448039934,13414.830039062999276
684,683,-93.530326170859325,44.077962448039933,14021.645312500000728
685,684,-93.530326170859325,44.077923448039925,14232.060904948000825
686,685,-93.530326170859325,44.077884448039931,14261.410273437999422
687,686,-93.530326170859325,44.077845448039938,14386.452929687000506
688,687,-93.530326170859325,44.077806448039937,14454.975748697999734
689,688,-93.530326170859325,44.077767448039928,14261.287988280999343
690,689,-93.530326170859325,44.077728448039935,14239.982734375000291
691,690,-93.530326170859325,44.077689448039933,14444.735416666999299
692,691,-93.530326170859325,44.077650448039932,14707.658854167000754
693,692,-93.530326170859325,44.077611448039931,14806.966210938000586
694,693,-93.530326170859325,44.077572448039938,14692.779414062999422
695,694,-93.530326170859325,44.077533448039937,14597.874772134999148
696,695,-93.530326170859325,44.077494448039936,14626.959277343999929
697,696,-93.530326170859325,44.077455448039935,14704.539648436999414
698,697,-93.530326170859325,44.077416448039934,14805.714414063000731
699,698,-93.530326170859325,44.077377448039933,14821.264029948000825
700,699,-93.530326170859325,44.077338448039924,14549.968554687999131
701,700,-93.530326170859325,44.077299448039945,14252.938248697999370
702,701,-93.530326170859325,44.077260448039937,14212.379335936999269
703,702,-93.530326170859325,44.077221448039936,14304.287174479000896
704,703,-93.530326170859325,44.077182448039927,14500.921809895999104
705,704,-93.530326170859325,44.077143448039934,14781.265039063000586
706,705,-93.530326170859325,44.077104448039933,14853.077539062000142
707,706,-93.530326170859325,44.077065448039932,14701.608072917000754
708,707,-93.530326170859325,44.077026448039931,14612.283430990000852
709,708,-93.530326170859325,44.076987448039937,14497.557161458000337
710,709,-93.530326170859325,44.076948448039936,14330.929414062000433
711,710,-93.530326170859325,44.076909448039935,14158.570572917000391
712,711,-93.530326170859325,44.076870448039934,13932.170833333000701
713,712,-93.530326170859325,44.076831448039933,13586.700976562000506
714,713,-93.530287170859310,44.078001448039934,12886.258821614999761
715,714,-93.530287170859310,44.077962448039933,13714.533013238000422
716,715,-93.530287170859310,44.077923448039925,13982.892225477000466
717,716,-93.530287170859310,44.077884448039931,14093.163378905999707
718,717,-93.530287170859310,44.077845448039938,14269.592610677000266
719,718,-93.530287170859310,44.077806448039937,14392.319118924000577
720,719,-93.530287170859310,44.077767448039928,14312.247856988000422
721,720,-93.530287170859310,44.077728448039935,14346.336360676999902
722,721,-93.530287170859310,44.077689448039933,14519.324110243000177
723,722,-93.530287170859310,44.077650448039932,14739.508951822999734
724,723,-93.530287170859310,44.077611448039931,14790.993109809000089
725,724,-93.530287170859310,44.077572448039938,14648.527343750000000
726,725,-93.530287170859310,44.077533448039937,14610.655273438000222
727,726,-93.530287170859310,44.077494448039936,14749.657416449999801
728,727,-93.530287170859310,44.077455448039935,14863.910970052000266
729,728,-93.530287170859310,44.077416448039934,14849.064941406000798
730,729,-93.530287170859310,44.077377448039933,14741.372802734000288
731,730,-93.530287170859310,44.077338448039924,14473.726643879999756
732,731,-93.530287170859310,44.077299448039945,14235.920464409999113
733,732,-93.530287170859310,44.077260448039937,14203.083593749999636
734,733,-93.530287170859310,44.077221448039936,14224.471327040000688
735,734,-93.530287170859310,44.077182448039927,14366.507893879999756
736,735,-93.530287170859310,44.077143448039934,14572.613796658000865
737,736,-93.530287170859310,44.077104448039933,14664.263769531000435
738,737,-93.530287170859310,44.077065448039932,14605.596652561000155
739,738,-93.530287170859310,44.077026448039931,14551.264729817999978
740,739,-93.530287170859310,44.076987448039937,14472.697292752000067
741,740,-93.530287170859310,44.076948448039936,14355.085774740000488
742,741,-93.530287170859310,44.076909448039935,14201.361246745000244
743,742,-93.530287170859310,44.076870448039934,13873.539116752999689
744,743,-93.530287170859310,44.076831448039933,13380.621771918000377
745,744,-93.530248170859323,44.078001448039934,12430.546028646000195
746,745,-93.530248170859323,44.077962448039933,13292.661892361000355
747,746,-93.530248170859323,44.077923448039925,13695.809787325999423
748,747,-93.530248170859323,44.077884448039931,13915.679687500000000
749,748,-93.530248170859323,44.077845448039938,14186.681830511999578
750,749,-93.530248170859323,44.077806448039937,14395.890706379999756
751,750,-93.530248170859323,44.077767448039928,14436.734022352000466
752,751,-93.530248170859323,44.077728448039935,14428.700162760000239
753,752,-93.530248170859323,44.077689448039933,14526.358127170000444
754,753,-93.530248170859323,44.077650448039932,14678.719048393999401
755,754,-93.530248170859323,44.077611448039931,14679.339002820999667
756,755,-93.530248170859323,44.077572448039938,14588.485514322999734
757,756,-93.530248170859323,44.077533448039937,14534.452121311000155
758,757,-93.530248170859323,44.077494448039936,14681.843885633999889
759,758,-93.530248170859323,44.077455448039935,14785.359592013999645
760,759,-93.530248170859323,44.077416448039934,14738.158723958000337
761,760,-93.530248170859323,44.077377448039933,14606.229465061000155
762,761,-93.530248170859323,44.077338448039924,14471.432834200999423
763,762,-93.530248170859323,44.077299448039945,14354.465874565999911
764,763,-93.530248170859323,44.077260448039937,14360.657714843999202
765,764,-93.530248170859323,44.077221448039936,14301.546196831999623
766,765,-93.530248170859323,44.077182448039927,14293.461561415000688
767,766,-93.530248170859323,44.077143448039934,14396.831651476000843
768,767,-93.530248170859323,44.077104448039933,14475.312695312999494
769,768,-93.530248170859323,44.077065448039932,14485.091064452999490
770,769,-93.530248170859323,44.077026448039931,14429.730468750000000
771,770,-93.530248170859323,44.076987448039937,14409.959011502000067
772,771,-93.530248170859323,44.076948448039936,14436.004915364999761
773,772,-93.530248170859323,44.076909448039935,14352.020914713999446
774,773,-93.530248170859323,44.076870448039934,13939.481174045000444
775,774,-93.530248170859323,44.076831448039933,13202.994574652999290
776,775,-93.530209170859294,44.078001448039934,12038.035481770999468
777,776,-93.530209170859294,44.077962448039933,12855.567084418000377
778,777,-93.530209170859294,44.077923448039925,13479.325249565999911
779,778,-93.530209170859294,44.077884448039931,13827.789192707999973
780,779,-93.530209170859294,44.077845448039938,14109.940863715000887
781,780,-93.530209170859294,44.077806448039937,14391.714463976000843
782,781,-93.530209170859294,44.077767448039928,14526.610324436000155
783,782,-93.530209170859294,44.077728448039935,14484.987011719000293
784,783,-93.530209170859294,44.077689448039933,14473.820529513999645
785,784,-93.530209170859294,44.077650448039932,14517.335232204999556
786,785,-93.530209170859294,44.077611448039931,14479.872965495000244
787,786,-93.530209170859294,44.077572448039938,14450.688964843999202
788,787,-93.530209170859294,44.077533448039937,14366.892550997999933
789,788,-93.530209170859294,44.077494448039936,14428.603054470000643
790,789,-93.530209170859294,44.077455448039935,14497.978597004999756
791,790,-93.530209170859294,44.077416448039934,14541.532096353999805
792,791,-93.530209170859294,44.077377448039933,14483.122314452999490
793,792,-93.530209170859294,44.077338448039924,14457.989800347000710
794,793,-93.530209170859294,44.077299448039945,14483.127332898999157
795,794,-93.530209170859294,44.077260448039937,14565.183691406000435
796,795,-93.530209170859294,44.077221448039936,14522.293809679000333
797,796,-93.530209170859294,44.077182448039927,14357.364122179000333
798,797,-93.530209170859294,44.077143448039934,14332.984863281000798
799,798,-93.530209170859294,44.077104448039933,14428.912890625000728
800,799,-93.530209170859294,44.077065448039932,14429.084364148999157
801,800,-93.530209170859294,44.077026448039931,14312.579806858000666
802,801,-93.530209170859294,44.076987448039937,14331.067192925000199
803,802,-93.530209170859294,44.076948448039936,14504.724121093999202
804,803,-93.530209170859294,44.076909448039935,14527.252549913000621
805,804,-93.530209170859294,44.076870448039934,14080.992187500000000
806,805,-93.530209170859294,44.076831448039933,13238.409098307000022
807,806,-93.530170170859321,44.078001448039934,11588.332148437000797
808,807,-93.530170170859321,44.077962448039933,12533.833789062000506
809,808,-93.530170170859321,44.077923448039925,13432.870638021000559
810,809,-93.530170170859321,44.077884448039931,13815.318281249999927
811,810,-93.530170170859321,44.077845448039938,14062.010286458000337
812,811,-93.530170170859321,44.077806448039937,14339.015559895999104
813,812,-93.530170170859321,44.077767448039928,14549.755143229000169
814,813,-93.530170170859321,44.077728448039935,14570.496875000000728
815,814,-93.530170170859321,44.077689448039933,14437.180240884999876
816,815,-93.530170170859321,44.077650448039932,14310.342903646000195
817,816,-93.530170170859321,44.077611448039931,14222.768977865000124
818,817,-93.530170170859321,44.077572448039938,14240.113906250000582
819,818,-93.530170170859321,44.077533448039937,14203.752636719000293
820,819,-93.530170170859321,44.077494448039936,14192.423307291999663
821,820,-93.530170170859321,44.077455448039935,14252.297591145999831
822,821,-93.530170170859321,44.077416448039934,14404.866249999999127
823,822,-93.530170170859321,44.077377448039933,14432.615657551999902
824,823,-93.530170170859321,44.077338448039924,14382.663378905999707
825,824,-93.530170170859321,44.077299448039945,14473.073925781000071
826,825,-93.530170170859321,44.077260448039937,14616.507265624999491
827,826,-93.530170170859321,44.077221448039936,14629.629101562999494
828,827,-93.530170170859321,44.077182448039927,14397.493945312999131
829,828,-93.530170170859321,44.077143448039934,14276.535253906000435
830,829,-93.530170170859321,44.077104448039933,14370.485390624999127
831,830,-93.530170170859321,44.077065448039932,14389.283203125000000
832,831,-93.530170170859321,44.077026448039931,14221.504329426999902
833,832,-93.530170170859321,44.076987448039937,14166.459505208000337
834,833,-93.530170170859321,44.076948448039936,14401.545742188000077
835,834,-93.530170170859321,44.076909448039935,14484.410091145999104
836,835,-93.530170170859321,44.076870448039934,14028.438639322999734
837,836,-93.530170170859321,44.076831448039933,13214.501497396000559
838,837,-93.530131170859306,44.078001448039934,11680.290429688000586
839,838,-93.530131170859306,44.077962448039933,12814.997721354000532
840,839,-93.530131170859306,44.077923448039925,13548.553629557000022
841,840,-93.530131170859306,44.077884448039931,13864.569563802000630
842,841,-93.530131170859306,44.077845448039938,14013.268283420000444
843,842,-93.530131170859306,44.077806448039937,14286.003445095000643
844,843,-93.530131170859306,44.077767448039928,14563.686903211999379
845,844,-93.530131170859306,44.077728448039935,14662.147428385000239
846,845,-93.530131170859306,44.077689448039933,14487.170817057000022
847,846,-93.530131170859306,44.077650448039932,14180.231852213999446
848,847,-93.530131170859306,44.077611448039931,13965.931857638999645
849,848,-93.530131170859306,44.077572448039938,14044.052311198000098
850,849,-93.530131170859306,44.077533448039937,14097.113661023999157
851,850,-93.530131170859306,44.077494448039936,14091.547960068999600
852,851,-93.530131170859306,44.077455448039935,14169.723090277999290
853,852,-93.530131170859306,44.077416448039934,14343.559798177000630
854,853,-93.530131170859306,44.077377448039933,14392.604085286000554
855,854,-93.530131170859306,44.077338448039924,14318.298719618000177
856,855,-93.530131170859306,44.077299448039945,14321.662760417000754
857,856,-93.530131170859306,44.077260448039937,14516.787239582999973
858,857,-93.530131170859306,44.077221448039936,14574.949435763999645
859,858,-93.530131170859306,44.077182448039927,14314.466281466999135
860,859,-93.530131170859306,44.077143448039934,14114.441460502999689
861,860,-93.530131170859306,44.077104448039933,14188.998600259999876
862,861,-93.530131170859306,44.077065448039932,14254.690755207999246
863,862,-93.530131170859306,44.077026448039931,14081.455485025999224
864,863,-93.530131170859306,44.076987448039937,13975.479248047000510
865,864,-93.530131170859306,44.076948448039936,14142.104557291999299
866,865,-93.530131170859306,44.076909448039935,14189.800944009999512
867,866,-93.530131170859306,44.076870448039934,13716.732259115000488
868,867,-93.530131170859306,44.076831448039933,12888.326551648999157
869,868,-93.530092170859319,44.078001448039934,12266.732259115000488
870,869,-93.530092170859319,44.077962448039933,13207.461805556000400
871,870,-93.530092170859319,44.077923448039925,13744.324869792000754
872,871,-93.530092170859319,44.077884448039931,13886.488541667000391
873,872,-93.530092170859319,44.077845448039938,14007.647379557000022
874,873,-93.530092170859319,44.077806448039937,14272.553358290000688
875,874,-93.530092170859319,44.077767448039928,14548.753255207999246
876,875,-93.530092170859319,44.077728448039935,14636.851888020999468
877,876,-93.530092170859319,44.077689448039933,14528.368679470000643
878,877,-93.530092170859319,44.077650448039932,14126.591064452999490
879,878,-93.530092170859319,44.077611448039931,13797.778266059000089
880,879,-93.530092170859319,44.077572448039938,13913.184440103999805
881,880,-93.530092170859319,44.077533448039937,14058.393853081999623
882,881,-93.530092170859319,44.077494448039936,14072.083360459999312
883,882,-93.530092170859319,44.077455448039935,14138.647705077999490
884,883,-93.530092170859319,44.077416448039934,14258.310872395999468
885,884,-93.530092170859319,44.077377448039933,14275.854383681000400
886,885,-93.530092170859319,44.077338448039924,14174.368001302000266
887,886,-93.530092170859319,44.077299448039945,14115.779541015999712
888,887,-93.530092170859319,44.077260448039937,14317.180859374999272
889,888,-93.530092170859319,44.077221448039936,14411.209201388999645
890,889,-93.530092170859319,44.077182448039927,14128.229790581999623
891,890,-93.530092170859319,44.077143448039934,13818.404513888999645
892,891,-93.530092170859319,44.077104448039933,13895.557552083000701
893,892,-93.530092170859319,44.077065448039932,14002.573784722000710
894,893,-93.530092170859319,44.077026448039931,13887.739529079999556
895,894,-93.530092170859319,44.076987448039937,13819.388156466999135
896,895,-93.530092170859319,44.076948448039936,13829.003157552000630
897,896,-93.530092170859319,44.076909448039935,13702.051161023999157
898,897,-93.530092170859319,44.076870448039934,12972.975450304000333
899,898,-93.530092170859319,44.076831448039933,12159.632758247000311
900,899,-93.530053170859304,44.078001448039934,12435.247688801999175
901,900,-93.530053170859304,44.077962448039933,13070.899088542000754
902,901,-93.530053170859304,44.077923448039925,13317.076904297000510
903,902,-93.530053170859304,44.077884448039931,13645.983072917000754
904,903,-93.530053170859304,44.077845448039938,13908.535915799000577
905,904,-93.530053170859304,44.077806448039937,14149.812608506999823
906,905,-93.530053170859304,44.077767448039928,14314.179172091999135
907,906,-93.530053170859304,44.077728448039935,14384.495182291999299
908,907,-93.530053170859304,44.077689448039933,14272.308539497000311
909,908,-93.530053170859304,44.077650448039932,13931.387098523999157
910,909,-93.530053170859304,44.077611448039931,13709.280300563999845
911,910,-93.530053170859304,44.077572448039938,13816.482389323000461
912,911,-93.530053170859304,44.077533448039937,13935.813232422000510
913,912,-93.530053170859304,44.077494448039936,13930.929144965000887
914,913,-93.530053170859304,44.077455448039935,13942.954427082999246
915,914,-93.530053170859304,44.077416448039934,13971.217675780999343
916,915,-93.530053170859304,44.077377448039933,13979.917154947999734
917,916,-93.530053170859304,44.077338448039924,13894.054280599000776
918,917,-93.530053170859304,44.077299448039945,13908.854112413000621
919,918,-93.530053170859304,44.077260448039937,14096.860091145999831
920,919,-93.530053170859304,44.077221448039936,14170.322048611000355
921,920,-93.530053170859304,44.077182448039927,13886.692843966999135
922,921,-93.530053170859304,44.077143448039934,13486.283311631999823
923,922,-93.530053170859304,44.077104448039933,13487.737825521000559
924,923,-93.530053170859304,44.077065448039932,13700.184190538000621
925,924,-93.530053170859304,44.077026448039931,13726.886990016999334
926,925,-93.530053170859304,44.076987448039937,13649.128228081999623
927,926,-93.530053170859304,44.076948448039936,13452.924739583000701
928,927,-93.530053170859304,44.076909448039935,12935.755723741000111
929,928,-93.530053170859304,44.076870448039934,11851.270046658000865
930,929,-93.530053170859304,44.076831448039933,11089.488959418000377
931,930,-93.530014170859332,44.078001448039934,12009.189804687999640
932,931,-93.530014170859332,44.077962448039933,11989.606705729000169
933,932,-93.530014170859332,44.077923448039925,12283.157389322999734
934,933,-93.530014170859332,44.077884448039931,13123.079062500000873
935,934,-93.530014170859332,44.077845448039938,13741.121582031000798
936,935,-93.530014170859332,44.077806448039937,13927.894205729000532
937,936,-93.530014170859332,44.077767448039928,13883.821549479000169
938,937,-93.530014170859332,44.077728448039935,13805.546757812999203
939,938,-93.530014170859332,44.077689448039933,13693.056119791999663
940,939,-93.530014170859332,44.077650448039932,13446.561165364999397
941,940,-93.530014170859332,44.077611448039931,13381.491861979000532
942,941,-93.530014170859332,44.077572448039938,13568.709218750000218
943,942,-93.530014170859332,44.077533448039937,13630.985644530999707
944,943,-93.530014170859332,44.077494448039936,13557.684342447999370
945,944,-93.530014170859332,44.077455448039935,13509.831282552000630
946,945,-93.530014170859332,44.077416448039934,13421.891835938000440
947,946,-93.530014170859332,44.077377448039933,13420.520182292000754
948,947,-93.530014170859332,44.077338448039924,13453.815917968999202
949,948,-93.530014170859332,44.077299448039945,13597.752604167000754
950,949,-93.530014170859332,44.077260448039937,13853.662226562999422
951,950,-93.530014170859332,44.077221448039936,13891.403613280999707
952,951,-93.530014170859332,44.077182448039927,13488.614518229000169
953,952,-93.530014170859332,44.077143448039934,12957.823600260000603
954,953,-93.530014170859332,44.077104448039933,13005.711718750000728
955,954,-93.530014170859332,44.077065448039932,13300.563509114999761
956,955,-93.530014170859332,44.077026448039931,13467.188639322999734
957,956,-93.530014170859332,44.076987448039937,13346.733333333000701
958,957,-93.530014170859332,44.076948448039936,12896.062578125000073
959,958,-93.530014170859332,44.076909448039935,12336.798535156000071
960,959,-93.530014170859332,44.076870448039934,11451.572167968999565
961,960,-93.530014170859332,44.076831448039933,10562.707682292000754
962,961,-93.529975170859302,44.078001448039934,11690.545605469000293
963,962,-93.529975170859302,44.077962448039933,11375.851318359000288
964,963,-93.529975170859302,44.077923448039925,11480.740288627999689
965,964,-93.529975170859302,44.077884448039931,12717.747623698000098
966,965,-93.529975170859302,44.077845448039938,13800.479139540000688
967,966,-93.529975170859302,44.077806448039937,13810.373345268999401
968,967,-93.529975170859302,44.077767448039928,13293.385606554000333
969,968,-93.529975170859302,44.077728448039935,12760.619824219000293
970,969,-93.529975170859302,44.077689448039933,12591.031738281000798
971,970,-93.529975170859302,44.077650448039932,12346.813123915000688
972,971,-93.529975170859302,44.077611448039931,12509.545545790000688
973,972,-93.529975170859302,44.077572448039938,12944.491080728999805
974,973,-93.529975170859302,44.077533448039937,13013.843560113000422
975,974,-93.529975170859302,44.077494448039936,12840.354031033000865
976,975,-93.529975170859302,44.077455448039935,12737.310818141999334
977,976,-93.529975170859302,44.077416448039934,12468.600260417000754
978,977,-93.529975170859302,44.077377448039933,12444.521077474000776
979,978,-93.529975170859302,44.077338448039924,12642.279052734000288
980,979,-93.529975170859302,44.077299448039945,13197.474202474000776
981,980,-93.529975170859302,44.077260448039937,13495.858300780999343
982,981,-93.529975170859302,44.077221448039936,13429.435519747999933
983,982,-93.529975170859302,44.077182448039927,12840.188720702999490
984,983,-93.529975170859302,44.077143448039934,12302.522081163000621
985,984,-93.529975170859302,44.077104448039933,12235.732194009999148
986,985,-93.529975170859302,44.077065448039932,12427.001925997999933
987,986,-93.529975170859302,44.077026448039931,12755.425781250000000
988,987,-93.529975170859302,44.076987448039937,12618.180501302000266
989,988,-93.529975170859302,44.076948448039936,12247.273014323000098
990,989,-93.529975170859302,44.076909448039935,11886.700575086999379
991,990,-93.529975170859302,44.076870448039934,11405.896972656000798
992,991,-93.529975170859302,44.076831448039933,10798.698730468999202
993,992,-93.529936170859315,44.078001448039934,11764.477213542000754
994,993,-93.529936170859315,44.077962448039933,11304.593126084999312
995,994,-93.529936170859315,44.077923448039925,11635.147786457999246
996,995,-93.529936170859315,44.077884448039931,13224.039713542000754
997,996,-93.529936170859315,44.077845448039938,14014.248019747999933
998,997,-93.529936170859315,44.077806448039937,13903.607449002000067
999,998,-93.529936170859315,44.077767448039928,13179.072265625000000
1000,999,-93.529936170859315,44.077728448039935,12617.809798177000630
1001,1000,-93.529936170859315,44.077689448039933,12522.519341363000422
1002,1001,-93.529936170859315,44.077650448039932,12175.476155599000776
1003,1002,-93.529936170859315,44.077611448039931,12410.773871527999290
1004,1003,-93.529936170859315,44.077572448039938,12654.081933593999565
1005,1004,-93.529936170859315,44.077533448039937,12665.718695747000311
1006,1005,-93.529936170859315,44.077494448039936,12498.251085068999600
1007,1006,-93.529936170859315,44.077455448039935,12395.938910590000887
1008,1007,-93.529936170859315,44.077416448039934,11977.829361979000169
1009,1008,-93.529936170859315,44.077377448039933,11814.714246961999379
1010,1009,-93.529936170859315,44.077338448039924,12167.621093750000000
1011,1010,-93.529936170859315,44.077299448039945,12864.456678602000466
1012,1011,-93.529936170859315,44.077260448039937,13087.730761718999929
1013,1012,-93.529936170859315,44.077221448039936,13046.286159938999845
1014,1013,-93.529936170859315,44.077182448039927,12671.770914713999446
1015,1014,-93.529936170859315,44.077143448039934,12095.702799479000532
1016,1015,-93.529936170859315,44.077104448039933,11447.520377603999805
1017,1016,-93.529936170859315,44.077065448039932,11441.584933811000155
1018,1017,-93.529936170859315,44.077026448039931,12250.252115884999512
1019,1018,-93.529936170859315,44.076987448039937,12201.467366536000554
1020,1019,-93.529936170859315,44.076948448039936,11120.795507812999858
1021,1020,-93.529936170859315,44.076909448039935,11372.842746311000155
1022,1021,-93.529936170859315,44.076870448039934,11306.043158636999578
1023,1022,-93.529936170859315,44.076831448039933,10552.829833984000288
1024,1023,-93.529897170859329,44.078001448039934,11719.558496093999565
1025,1024,-93.529897170859329,44.077962448039933,11332.226725259999512
1026,1025,-93.529897170859329,44.077923448039925,11739.089789497000311
1027,1026,-93.529897170859329,44.077884448039931,13371.456087239999761
1028,1027,-93.529897170859329,44.077845448039938,14081.018012152999290
1029,1028,-93.529897170859329,44.077806448039937,13920.619954427000266
1030,1029,-93.529897170859329,44.077767448039928,13433.273925781000798
1031,1030,-93.529897170859329,44.077728448039935,13413.674609375000728
1032,1031,-93.529897170859329,44.077689448039933,13510.331027561000155
1033,1032,-93.529897170859329,44.077650448039932,13436.021158854000532
1034,1033,-93.529897170859329,44.077611448039931,13290.815456813999845
1035,1034,-93.529897170859329,44.077572448039938,13387.557259114999397
1036,1035,-93.529897170859329,44.077533448039937,13262.135986327999490
1037,1036,-93.529897170859329,44.077494448039936,13162.047471788000621
1038,1037,-93.529897170859329,44.077455448039935,13064.759494358000666
1039,1038,-93.529897170859329,44.077416448039934,12654.731705729000169
1040,1039,-93.529897170859329,44.077377448039933,12189.776692707999246
1041,1040,-93.529897170859329,44.077338448039924,12441.781385633999889
1042,1041,-93.529897170859329,44.077299448039945,12876.723497179000333
1043,1042,-93.529897170859329,44.077260448039937,13005.864388021000195
1044,1043,-93.529897170859329,44.077221448039936,13062.638834634999512
1045,1044,-93.529897170859329,44.077182448039927,12838.546495226000843
1046,1045,-93.529897170859329,44.077143448039934,12412.953423393999401
1047,1046,-93.529897170859329,44.077104448039933,11606.099251301999175
1048,1047,-93.529897170859329,44.077065448039932,11440.321370442999978
1049,1048,-93.529897170859329,44.077026448039931,12313.238471136999578
1050,1049,-93.529897170859329,44.076987448039937,12141.751654731000599
1051,1050,-93.529897170859329,44.076948448039936,11033.984863281000798
1052,1051,-93.529897170859329,44.076909448039935,10643.123101127999689
1053,1052,-93.529897170859329,44.076870448039934,10739.384629991000111
1054,1053,-93.529897170859329,44.076831448039933,10131.285400390999712
1055,1054,-93.529858170859313,44.078001448039934,11358.063984374999563
1056,1055,-93.529858170859313,44.077962448039933,11229.638802082999973
1057,1056,-93.529858170859313,44.077923448039925,11760.190462239999761
1058,1057,-93.529858170859313,44.077884448039931,12896.794765624999854
1059,1058,-93.529858170859313,44.077845448039938,13677.131738280999343
1060,1059,-93.529858170859313,44.077806448039937,13760.602213542000754
1061,1060,-93.529858170859313,44.077767448039928,13662.427832031000435
1062,1061,-93.529858170859313,44.077728448039935,13785.468046874999345
1063,1062,-93.529858170859313,44.077689448039933,13866.725976562000142
1064,1063,-93.529858170859313,44.077650448039932,13839.864843749999636
1065,1064,-93.529858170859313,44.077611448039931,13804.961523437999858
1066,1065,-93.529858170859313,44.077572448039938,13781.502734375000728
1067,1066,-93.529858170859313,44.077533448039937,13700.842578125000728
1068,1067,-93.529858170859313,44.077494448039936,13663.900553384999512
1069,1068,-93.529858170859313,44.077455448039935,13617.895410155999343
1070,1069,-93.529858170859313,44.077416448039934,13430.868671874999563
1071,1070,-93.529858170859313,44.077377448039933,12973.244596353999441
1072,1071,-93.529858170859313,44.077338448039924,12822.365234375000000
1073,1072,-93.529858170859313,44.077299448039945,12964.784700521000559
1074,1073,-93.529858170859313,44.077260448039937,13006.507031249999272
1075,1074,-93.529858170859313,44.077221448039936,12990.667513021000559
1076,1075,-93.529858170859313,44.077182448039927,12900.194205728999805
1077,1076,-93.529858170859313,44.077143448039934,12536.875292968999929
1078,1077,-93.529858170859313,44.077104448039933,11841.684843749999345
1079,1078,-93.529858170859313,44.077065448039932,11715.591406249999636
1080,1079,-93.529858170859313,44.077026448039931,12123.028125000000728
1081,1080,-93.529858170859313,44.076987448039937,11799.516569010000239
1082,1081,-93.529858170859313,44.076948448039936,11313.144765625000218
1083,1082,-93.529858170859313,44.076909448039935,10964.512727864999761
1084,1083,-93.529858170859313,44.076870448039934,10918.484407551999539
1085,1084,-93.529858170859313,44.076831448039933,10440.207454426999902
1086,1085,-93.529819170859341,44.078001448039934,10798.316373698000461
1087,1086,-93.529819170859341,44.077962448039933,11605.370252820999667
1088,1087,-93.529819170859341,44.077923448039925,12349.969645182000022
1089,1088,-93.529819170859341,44.077884448039931,12856.257877604000896
1090,1089,-93.529819170859341,44.077845448039938,13615.165201822999734
1091,1090,-93.529819170859341,44.077806448039937,13934.247612847000710
1092,1091,-93.529819170859341,44.077767448039928,14121.731119792000754
1093,1092,-93.529819170859341,44.077728448039935,14196.059244792000754
1094,1093,-93.529819170859341,44.077689448039933,14144.449734158000865
1095,1094,-93.529819170859341,44.077650448039932,14070.861789279999357
1096,1095,-93.529819170859341,44.077611448039931,14052.666042752000067
1097,1096,-93.529819170859341,44.077572448039938,14014.758496094000293
1098,1097,-93.529819170859341,44.077533448039937,13959.172200520999468
1099,1098,-93.529819170859341,44.077494448039936,13940.957302516999334
1100,1099,-93.529819170859341,44.077455448039935,13919.239800347000710
1101,1100,-93.529819170859341,44.077416448039934,13769.248860677000266
1102,1101,-93.529819170859341,44.077377448039933,13386.271240234000288
1103,1102,-93.529819170859341,44.077338448039924,13062.791639540000688
1104,1103,-93.529819170859341,44.077299448039945,13075.016303168000377
1105,1104,-93.529819170859341,44.077260448039937,13002.785481770999468
1106,1105,-93.529819170859341,44.077221448039936,12808.964463976000843
1107,1106,-93.529819170859341,44.077182448039927,12537.717502170000444
1108,1107,-93.529819170859341,44.077143448039934,12332.331108940999911
1109,1108,-93.529819170859341,44.077104448039933,12178.910351562000869
1110,1109,-93.529819170859341,44.077065448039932,11914.006320529999357
1111,1110,-93.529819170859341,44.077026448039931,11544.887641059000089
1112,1111,-93.529819170859341,44.076987448039937,11167.908365884999512
1113,1112,-93.529819170859341,44.076948448039936,10769.484537759999512
1114,1113,-93.529819170859341,44.076909448039935,11280.120496961999379
1115,1114,-93.529819170859341,44.076870448039934,11502.268527561000155
1116,1115,-93.529819170859341,44.076831448039933,11126.967827690999911
1117,1116,-93.529780170859311,44.078001448039934,10336.886979167000391
1118,1117,-93.529780170859311,44.077962448039933,11428.825439452999490
1119,1118,-93.529780170859311,44.077923448039925,12822.865668402999290
1120,1119,-93.529780170859311,44.077884448039931,13530.325292969000657
1121,1120,-93.529780170859311,44.077845448039938,13971.197455511999578
1122,1121,-93.529780170859311,44.077806448039937,14476.971028645999468
1123,1122,-93.529780170859311,44.077767448039928,14822.515245226000843
1124,1123,-93.529780170859311,44.077728448039935,14858.053483072999370
1125,1124,-93.529780170859311,44.077689448039933,14725.236952040000688
1126,1125,-93.529780170859311,44.077650448039932,14577.913085936999778
1127,1126,-93.529780170859311,44.077611448039931,14475.576063368000177
1128,1127,-93.529780170859311,44.077572448039938,14412.893489583000701
1129,1128,-93.529780170859311,44.077533448039937,14296.956163193999600
1130,1129,-93.529780170859311,44.077494448039936,14218.500623915000688
1131,1130,-93.529780170859311,44.077455448039935,14133.147406684000089
1132,1131,-93.529780170859311,44.077416448039934,13929.120312499999272
1133,1132,-93.529780170859311,44.077377448039933,13563.484049479000532
1134,1133,-93.529780170859311,44.077338448039924,13206.740587022999534
1135,1134,-93.529780170859311,44.077299448039945,13098.226101345000643
1136,1135,-93.529780170859311,44.077260448039937,13031.027376301999539
1137,1136,-93.529780170859311,44.077221448039936,12864.430853949999801
1138,1137,-93.529780170859311,44.077182448039927,12677.502414279999357
1139,1138,-93.529780170859311,44.077143448039934,12609.771348741000111
1140,1139,-93.529780170859311,44.077104448039933,12467.175227865000124
1141,1140,-93.529780170859311,44.077065448039932,12143.105821397999534
1142,1141,-93.529780170859311,44.077026448039931,11571.779649522999534
1143,1142,-93.529780170859311,44.076987448039937,10824.433213976000843
1144,1143,-93.529780170859311,44.076948448039936,10542.314420573000461
1145,1144,-93.529780170859311,44.076909448039935,10915.020534938999845
1146,1145,-93.529780170859311,44.076870448039934,11444.427815754999756
1147,1146,-93.529780170859311,44.076831448039933,11330.978081597000710
