OID_,FID,X,Y,Elevation_22
1,0,-93.531184170859305,44.078001448039934,1155.331604003999928
2,1,-93.531184170859305,44.077962448039933,1155.161638047999986
3,2,-93.531184170859305,44.077923448039925,1154.807308620999947
4,3,-93.531184170859305,44.077884448039931,1154.167928059999895
5,4,-93.531184170859305,44.077845448039938,1153.359581840999908
6,5,-93.531184170859305,44.077806448039937,1152.408803304000003
7,6,-93.531184170859305,44.077767448039928,1151.677239311999983
8,7,-93.531184170859305,44.077728448039935,1151.096606444999907
9,8,-93.531184170859305,44.077689448039933,1150.415768093999986
10,9,-93.531184170859305,44.077650448039932,1149.589168971999925
11,10,-93.531184170859305,44.077611448039931,1149.025990804000003
12,11,-93.531184170859305,44.077572448039938,1148.869384765999939
13,12,-93.531184170859305,44.077533448039937,1148.798027886000000
14,13,-93.531184170859305,44.077494448039936,1148.563178167999922
15,14,-93.531184170859305,44.077455448039935,1148.485799154000006
16,15,-93.531184170859305,44.077416448039934,1148.557763671999965
17,16,-93.531184170859305,44.077377448039933,1148.594794378999950
18,17,-93.531184170859305,44.077338448039924,1148.458875867999950
19,18,-93.531184170859305,44.077299448039945,1148.344251844999917
20,19,-93.531184170859305,44.077260448039937,1148.508890787999917
21,20,-93.531184170859305,44.077221448039936,1148.541893852999920
22,21,-93.531184170859305,44.077182448039927,1148.482259115000033
23,22,-93.531184170859305,44.077143448039934,1148.440053304000003
24,23,-93.531184170859305,44.077104448039933,1148.079545085000063
25,24,-93.531184170859305,44.077065448039932,1147.449452717999975
26,25,-93.531184170859305,44.077026448039931,1146.546006944000055
27,26,-93.531184170859305,44.076987448039937,1146.054314507000072
28,27,-93.531184170859305,44.076948448039936,1145.847054035999918
29,28,-93.531184170859305,44.076909448039935,1145.453426784999920
30,29,-93.531184170859305,44.076870448039934,1145.020284016999994
31,30,-93.531184170859305,44.076831448039933,1144.430813259999923
32,31,-93.531145170859304,44.078001448039934,1154.750533039999937
33,32,-93.531145170859304,44.077962448039933,1154.598080105000008
34,33,-93.531145170859304,44.077923448039925,1154.243306478000022
35,34,-93.531145170859304,44.077884448039931,1153.587166341000056
36,35,-93.531145170859304,44.077845448039938,1152.773552788999950
37,36,-93.531145170859304,44.077806448039937,1151.817986382000072
38,37,-93.531145170859304,44.077767448039928,1151.112555610000072
39,38,-93.531145170859304,44.077728448039935,1150.549186197999916
40,39,-93.531145170859304,44.077689448039933,1149.888163248999945
41,40,-93.531145170859304,44.077650448039932,1149.087941488000070
42,41,-93.531145170859304,44.077611448039931,1148.554846869999892
43,42,-93.531145170859304,44.077572448039938,1148.427115884999921
44,43,-93.531145170859304,44.077533448039937,1148.380157471000075
45,44,-93.531145170859304,44.077494448039936,1148.171742756999947
46,45,-93.531145170859304,44.077455448039935,1148.113884820000067
47,46,-93.531145170859304,44.077416448039934,1148.206848145000095
48,47,-93.531145170859304,44.077377448039933,1148.260993110000072
49,48,-93.531145170859304,44.077338448039924,1148.160227458000008
50,49,-93.531145170859304,44.077299448039945,1148.083390977999898
51,50,-93.531145170859304,44.077260448039937,1148.280891927000084
52,51,-93.531145170859304,44.077221448039936,1148.374047173000008
53,52,-93.531145170859304,44.077182448039927,1148.352376302000039
54,53,-93.531145170859304,44.077143448039934,1148.338829887999964
55,54,-93.531145170859304,44.077104448039933,1148.009208170999955
56,55,-93.531145170859304,44.077065448039932,1147.370785182999953
57,56,-93.531145170859304,44.077026448039931,1146.486653645999922
58,57,-93.531145170859304,44.076987448039937,1145.994781494000108
59,58,-93.531145170859304,44.076948448039936,1145.780879720000030
60,59,-93.531145170859304,44.076909448039935,1145.397155762000011
61,60,-93.531145170859304,44.076870448039934,1144.948933918999955
62,61,-93.531145170859304,44.076831448039933,1144.322753905999889
63,62,-93.531106170859317,44.078001448039934,1154.096321615000079
64,63,-93.531106170859317,44.077962448039933,1153.956732855999917
65,64,-93.531106170859317,44.077923448039925,1153.604763455000011
66,65,-93.531106170859317,44.077884448039931,1152.951757813000086
67,66,-93.531106170859317,44.077845448039938,1152.156409369999892
68,67,-93.531106170859317,44.077806448039937,1151.200327555000058
69,68,-93.531106170859317,44.077767448039928,1150.509629991000111
70,69,-93.531106170859317,44.077728448039935,1149.966231283000070
71,70,-93.531106170859317,44.077689448039933,1149.320363363000070
72,71,-93.531106170859317,44.077650448039932,1148.526909722000028
73,72,-93.531106170859317,44.077611448039931,1148.024241130000064
74,73,-93.531106170859317,44.077572448039938,1147.943522134999967
75,74,-93.531106170859317,44.077533448039937,1147.934251572999983
76,75,-93.531106170859317,44.077494448039936,1147.759236654000006
77,76,-93.531106170859317,44.077455448039935,1147.737735323999914
78,77,-93.531106170859317,44.077416448039934,1147.864082844999984
79,78,-93.531106170859317,44.077377448039933,1147.946407742000019
80,79,-93.531106170859317,44.077338448039924,1147.876156277000064
81,80,-93.531106170859317,44.077299448039945,1147.856001112000058
82,81,-93.531106170859317,44.077260448039937,1148.094409179999957
83,82,-93.531106170859317,44.077221448039936,1148.212951660000044
84,83,-93.531106170859317,44.077182448039927,1148.212656657000025
85,84,-93.531106170859317,44.077143448039934,1148.237206352999920
86,85,-93.531106170859317,44.077104448039933,1147.917716470999949
87,86,-93.531106170859317,44.077065448039932,1147.264950221999925
88,87,-93.531106170859317,44.077026448039931,1146.417982313000039
89,88,-93.531106170859317,44.076987448039937,1145.894870333999961
90,89,-93.531106170859317,44.076948448039936,1145.672676594999984
91,90,-93.531106170859317,44.076909448039935,1145.294932047999964
92,91,-93.531106170859317,44.076870448039934,1144.832543266999892
93,92,-93.531106170859317,44.076831448039933,1144.182739258000083
94,93,-93.531067170859302,44.078001448039934,1153.423447266000039
95,94,-93.531067170859302,44.077962448039933,1153.311018879999892
96,95,-93.531067170859302,44.077923448039925,1152.965706380000029
97,96,-93.531067170859302,44.077884448039931,1152.324291992000099
98,97,-93.531067170859302,44.077845448039938,1151.537552897000069
99,98,-93.531067170859302,44.077806448039937,1150.594930013000067
100,99,-93.531067170859302,44.077767448039928,1149.918595377999964
101,100,-93.531067170859302,44.077728448039935,1149.378022461000000
102,101,-93.531067170859302,44.077689448039933,1148.747521972999948
103,102,-93.531067170859302,44.077650448039932,1147.966870117000099
104,103,-93.531067170859302,44.077611448039931,1147.508801270000049
105,104,-93.531067170859302,44.077572448039938,1147.460122069999898
106,105,-93.531067170859302,44.077533448039937,1147.499503580999999
107,106,-93.531067170859302,44.077494448039936,1147.376497396000104
108,107,-93.531067170859302,44.077455448039935,1147.404931641000076
109,108,-93.531067170859302,44.077416448039934,1147.567666015999976
110,109,-93.531067170859302,44.077377448039933,1147.692504883000083
111,110,-93.531067170859302,44.077338448039924,1147.660485840000092
112,111,-93.531067170859302,44.077299448039945,1147.693070475000013
113,112,-93.531067170859302,44.077260448039937,1147.956210936999923
114,113,-93.531067170859302,44.077221448039936,1148.092610677000039
115,114,-93.531067170859302,44.077182448039927,1148.097558594000020
116,115,-93.531067170859302,44.077143448039934,1148.120682779999925
117,116,-93.531067170859302,44.077104448039933,1147.826894531000107
118,117,-93.531067170859302,44.077065448039932,1147.156018065999888
119,118,-93.531067170859302,44.077026448039931,1146.313985189000050
120,119,-93.531067170859302,44.076987448039937,1145.789929198999971
121,120,-93.531067170859302,44.076948448039936,1145.532548828000017
122,121,-93.531067170859302,44.076909448039935,1145.148486327999990
123,122,-93.531067170859302,44.076870448039934,1144.666548664999937
124,123,-93.531067170859302,44.076831448039933,1144.040364582999928
125,124,-93.531028170859315,44.078001448039934,1152.708939615999952
126,125,-93.531028170859315,44.077962448039933,1152.612976074000017
127,126,-93.531028170859315,44.077923448039925,1152.268961588999900
128,127,-93.531028170859315,44.077884448039931,1151.672802734000015
129,128,-93.531028170859315,44.077845448039938,1150.891109890000052
130,129,-93.531028170859315,44.077806448039937,1149.948387994000086
131,130,-93.531028170859315,44.077767448039928,1149.304206000000022
132,131,-93.531028170859315,44.077728448039935,1148.742631022000069
133,132,-93.531028170859315,44.077689448039933,1148.127014160000044
134,133,-93.531028170859315,44.077650448039932,1147.393880207999928
135,134,-93.531028170859315,44.077611448039931,1146.991834852000011
136,135,-93.531028170859315,44.077572448039938,1146.977583822000042
137,136,-93.531028170859315,44.077533448039937,1147.058481852000114
138,137,-93.531028170859315,44.077494448039936,1147.001268174999950
139,138,-93.531028170859315,44.077455448039935,1147.070566812999914
140,139,-93.531028170859315,44.077416448039934,1147.283292643000095
141,140,-93.531028170859315,44.077377448039933,1147.451575385000069
142,141,-93.531028170859315,44.077338448039924,1147.494951035999975
143,142,-93.531028170859315,44.077299448039945,1147.572184245000017
144,143,-93.531028170859315,44.077260448039937,1147.842224121000072
145,144,-93.531028170859315,44.077221448039936,1148.003546821000100
146,145,-93.531028170859315,44.077182448039927,1148.023081461999936
147,146,-93.531028170859315,44.077143448039934,1148.034169515000031
148,147,-93.531028170859315,44.077104448039933,1147.781022135000057
149,148,-93.531028170859315,44.077065448039932,1147.087673610999900
150,149,-93.531028170859315,44.077026448039931,1146.229115804000003
151,150,-93.531028170859315,44.076987448039937,1145.688819038000020
152,151,-93.531028170859315,44.076948448039936,1145.432499186000086
153,152,-93.531028170859315,44.076909448039935,1144.994981554000105
154,153,-93.531028170859315,44.076870448039934,1144.514387342999953
155,154,-93.531028170859315,44.076831448039933,1143.881717257999981
156,155,-93.530989170859343,44.078001448039934,1151.938354491999917
157,156,-93.530989170859343,44.077962448039933,1151.832251654999936
158,157,-93.530989170859343,44.077923448039925,1151.507788763999997
159,158,-93.530989170859343,44.077884448039931,1150.922790526999961
160,159,-93.530989170859343,44.077845448039938,1150.159589978999975
161,160,-93.530989170859343,44.077806448039937,1149.238722059000111
162,161,-93.530989170859343,44.077767448039928,1148.595913356999972
163,162,-93.530989170859343,44.077728448039935,1148.055688477000103
164,163,-93.530989170859343,44.077689448039933,1147.462426079999886
165,164,-93.530989170859343,44.077650448039932,1146.771433511999930
166,165,-93.530989170859343,44.077611448039931,1146.461517334000064
167,166,-93.530989170859343,44.077572448039938,1146.497599283999989
168,167,-93.530989170859343,44.077533448039937,1146.618642170999919
169,168,-93.530989170859343,44.077494448039936,1146.633900959999892
170,169,-93.530989170859343,44.077455448039935,1146.737877739999931
171,170,-93.530989170859343,44.077416448039934,1146.995100911000009
172,171,-93.530989170859343,44.077377448039933,1147.229275173999895
173,172,-93.530989170859343,44.077338448039924,1147.308610704000102
174,173,-93.530989170859343,44.077299448039945,1147.438059488999897
175,174,-93.530989170859343,44.077260448039937,1147.765828451000061
176,175,-93.530989170859343,44.077221448039936,1147.916392008000003
177,176,-93.530989170859343,44.077182448039927,1147.977454290999958
178,177,-93.530989170859343,44.077143448039934,1148.013075087000061
179,178,-93.530989170859343,44.077104448039933,1147.752937826000107
180,179,-93.530989170859343,44.077065448039932,1147.043643528000075
181,180,-93.530989170859343,44.077026448039931,1146.169125027000064
182,181,-93.530989170859343,44.076987448039937,1145.592390272000102
183,182,-93.530989170859343,44.076948448039936,1145.299886067999978
184,183,-93.530989170859343,44.076909448039935,1144.841440836999936
185,184,-93.530989170859343,44.076870448039934,1144.348375109000017
186,185,-93.530989170859343,44.076831448039933,1143.728020561999983
187,186,-93.530950170859313,44.078001448039934,1151.172041828999909
188,187,-93.530950170859313,44.077962448039933,1151.063215467999953
189,188,-93.530950170859313,44.077923448039925,1150.765689426000108
190,189,-93.530950170859313,44.077884448039931,1150.175846353999987
191,190,-93.530950170859313,44.077845448039938,1149.439805772999989
192,191,-93.530950170859313,44.077806448039937,1148.545162625000103
193,192,-93.530950170859313,44.077767448039928,1147.907124837000083
194,193,-93.530950170859313,44.077728448039935,1147.409729003999928
195,194,-93.530950170859313,44.077689448039933,1146.856536864999953
196,195,-93.530950170859313,44.077650448039932,1146.233761257999959
197,196,-93.530950170859313,44.077611448039931,1145.984144423000089
198,197,-93.530950170859313,44.077572448039938,1146.078548176999902
199,198,-93.530950170859313,44.077533448039937,1146.251875136000081
200,199,-93.530950170859313,44.077494448039936,1146.307966443999931
201,200,-93.530950170859313,44.077455448039935,1146.472300211999936
202,201,-93.530950170859313,44.077416448039934,1146.771101887999976
203,202,-93.530950170859313,44.077377448039933,1147.043389213999944
204,203,-93.530950170859313,44.077338448039924,1147.170830621000050
205,204,-93.530950170859313,44.077299448039945,1147.327382405999970
206,205,-93.530950170859313,44.077260448039937,1147.671594237999898
207,206,-93.530950170859313,44.077221448039936,1147.869344076000061
208,207,-93.530950170859313,44.077182448039927,1147.959509955999920
209,208,-93.530950170859313,44.077143448039934,1148.014017741000089
210,209,-93.530950170859313,44.077104448039933,1147.754728189999923
211,210,-93.530950170859313,44.077065448039932,1147.016788058999964
212,211,-93.530950170859313,44.077026448039931,1146.109327527999994
213,212,-93.530950170859313,44.076987448039937,1145.501885308000055
214,213,-93.530950170859313,44.076948448039936,1145.187141927000084
215,214,-93.530950170859313,44.076909448039935,1144.706468370000039
216,215,-93.530950170859313,44.076870448039934,1144.186326769000061
217,216,-93.530950170859313,44.076831448039933,1143.576107448999892
218,217,-93.530911170859326,44.078001448039934,1150.495751953000081
219,218,-93.530911170859326,44.077962448039933,1150.394519042999946
220,219,-93.530911170859326,44.077923448039925,1150.087516276000088
221,220,-93.530911170859326,44.077884448039931,1149.498745116999999
222,221,-93.530911170859326,44.077845448039938,1148.792199707000009
223,222,-93.530911170859326,44.077806448039937,1147.931681315000105
224,223,-93.530911170859326,44.077767448039928,1147.345117186999914
225,224,-93.530911170859326,44.077728448039935,1146.874809570000025
226,225,-93.530911170859326,44.077689448039933,1146.366585285999918
227,226,-93.530911170859326,44.077650448039932,1145.812792968999929
228,227,-93.530911170859326,44.077611448039931,1145.596724447000042
229,228,-93.530911170859326,44.077572448039938,1145.755795898000088
230,229,-93.530911170859326,44.077533448039937,1145.971325684000021
231,230,-93.530911170859326,44.077494448039936,1146.056046549000030
232,231,-93.530911170859326,44.077455448039935,1146.261360677000084
233,232,-93.530911170859326,44.077416448039934,1146.594218749999982
234,233,-93.530911170859326,44.077377448039933,1146.908150228000068
235,234,-93.530911170859326,44.077338448039924,1147.096500651000042
236,235,-93.530911170859326,44.077299448039945,1147.265250651000088
237,236,-93.530911170859326,44.077260448039937,1147.614350586000000
238,237,-93.530911170859326,44.077221448039936,1147.852103678000049
239,238,-93.530911170859326,44.077182448039927,1147.954386393000050
240,239,-93.530911170859326,44.077143448039934,1148.028222656000025
241,240,-93.530911170859326,44.077104448039933,1147.745600585999910
242,241,-93.530911170859326,44.077065448039932,1147.002001952999990
243,242,-93.530911170859326,44.077026448039931,1146.059769693999897
244,243,-93.530911170859326,44.076987448039937,1145.437276204000000
245,244,-93.530911170859326,44.076948448039936,1145.070932616999926
246,245,-93.530911170859326,44.076909448039935,1144.586421711999947
247,246,-93.530911170859326,44.076870448039934,1144.070703124999909
248,247,-93.530911170859326,44.076831448039933,1143.451118978000068
249,248,-93.530872170859311,44.078001448039934,1149.838509115000079
250,249,-93.530872170859311,44.077962448039933,1149.734324136999930
251,250,-93.530872170859311,44.077923448039925,1149.430246988999897
252,251,-93.530872170859311,44.077884448039931,1148.860640461999992
253,252,-93.530872170859311,44.077845448039938,1148.146060519999992
254,253,-93.530872170859311,44.077806448039937,1147.330539280000039
255,254,-93.530872170859311,44.077767448039928,1146.811547173000008
256,255,-93.530872170859311,44.077728448039935,1146.400948079000045
257,256,-93.530872170859311,44.077689448039933,1145.936842177000017
258,257,-93.530872170859311,44.077650448039932,1145.435638427999947
259,258,-93.530872170859311,44.077611448039931,1145.273227268000028
260,259,-93.530872170859311,44.077572448039938,1145.473136393000004
261,260,-93.530872170859311,44.077533448039937,1145.724358452999923
262,261,-93.530872170859311,44.077494448039936,1145.841267904000006
263,262,-93.530872170859311,44.077455448039935,1146.091156005999892
264,263,-93.530872170859311,44.077416448039934,1146.474149576999935
265,264,-93.530872170859311,44.077377448039933,1146.832550049000019
266,265,-93.530872170859311,44.077338448039924,1147.043379041999970
267,266,-93.530872170859311,44.077299448039945,1147.241895888000045
268,267,-93.530872170859311,44.077260448039937,1147.639839681000012
269,268,-93.530872170859311,44.077221448039936,1147.883961994999936
270,269,-93.530872170859311,44.077182448039927,1147.981547037999917
271,270,-93.530872170859311,44.077143448039934,1148.068871391999892
272,271,-93.530872170859311,44.077104448039933,1147.740523274999987
273,272,-93.530872170859311,44.077065448039932,1147.007988823999995
274,273,-93.530872170859311,44.077026448039931,1146.047817654000028
275,274,-93.530872170859311,44.076987448039937,1145.391004774000066
276,275,-93.530872170859311,44.076948448039936,1144.999715168999955
277,276,-93.530872170859311,44.076909448039935,1144.494998507999981
278,277,-93.530872170859311,44.076870448039934,1143.980790880000086
279,278,-93.530872170859311,44.076831448039933,1143.377753364000000
280,279,-93.530833170859324,44.078001448039934,1149.117932129000110
281,280,-93.530833170859324,44.077962448039933,1149.051683213999922
282,281,-93.530833170859324,44.077923448039925,1148.734096951000083
283,282,-93.530833170859324,44.077884448039931,1148.160449218999929
284,283,-93.530833170859324,44.077845448039938,1147.469753689000072
285,284,-93.530833170859324,44.077806448039937,1146.721893311000031
286,285,-93.530833170859324,44.077767448039928,1146.257941351999989
287,286,-93.530833170859324,44.077728448039935,1145.903971354000078
288,287,-93.530833170859324,44.077689448039933,1145.495815701000083
289,288,-93.530833170859324,44.077650448039932,1145.059071858999914
290,289,-93.530833170859324,44.077611448039931,1144.959428574999947
291,290,-93.530833170859324,44.077572448039938,1145.189656576000061
292,291,-93.530833170859324,44.077533448039937,1145.471947563999947
293,292,-93.530833170859324,44.077494448039936,1145.657172309000089
294,293,-93.530833170859324,44.077455448039935,1145.958584255999995
295,294,-93.530833170859324,44.077416448039934,1146.385449219000066
296,295,-93.530833170859324,44.077377448039933,1146.792521158999989
297,296,-93.530833170859324,44.077338448039924,1147.024797227999898
298,297,-93.530833170859324,44.077299448039945,1147.270626492000019
299,298,-93.530833170859324,44.077260448039937,1147.680497233000096
300,299,-93.530833170859324,44.077221448039936,1147.960232205000011
301,300,-93.530833170859324,44.077182448039927,1148.058298746999981
302,301,-93.530833170859324,44.077143448039934,1148.138309055000036
303,302,-93.530833170859324,44.077104448039933,1147.789794922000056
304,303,-93.530833170859324,44.077065448039932,1147.028591580000011
305,304,-93.530833170859324,44.077026448039931,1146.052357991999997
306,305,-93.530833170859324,44.076987448039937,1145.370229084999892
307,306,-93.530833170859324,44.076948448039936,1144.963053384999967
308,307,-93.530833170859324,44.076909448039935,1144.433200411999906
309,308,-93.530833170859324,44.076870448039934,1143.884358724000094
310,309,-93.530833170859324,44.076831448039933,1143.275048149999975
311,310,-93.530794170859309,44.078001448039934,1148.446439615999907
312,311,-93.530794170859309,44.077962448039933,1148.408118353999953
313,312,-93.530794170859309,44.077923448039925,1148.102813721000075
314,313,-93.530794170859309,44.077884448039931,1147.519047038000053
315,314,-93.530794170859309,44.077845448039938,1146.855617946999928
316,315,-93.530794170859309,44.077806448039937,1146.157294378999950
317,316,-93.530794170859309,44.077767448039928,1145.756330702000014
318,317,-93.530794170859309,44.077728448039935,1145.450472004999938
319,318,-93.530794170859309,44.077689448039933,1145.094980875999909
320,319,-93.530794170859309,44.077650448039932,1144.714307997000105
321,320,-93.530794170859309,44.077611448039931,1144.656690809000111
322,321,-93.530794170859309,44.077572448039938,1144.931937663000099
323,322,-93.530794170859309,44.077533448039937,1145.269280327999923
324,323,-93.530794170859309,44.077494448039936,1145.510755751000033
325,324,-93.530794170859309,44.077455448039935,1145.876281737999989
326,325,-93.530794170859309,44.077416448039934,1146.349251302000084
327,326,-93.530794170859309,44.077377448039933,1146.783203125000000
328,327,-93.530794170859309,44.077338448039924,1147.036051432000022
329,328,-93.530794170859309,44.077299448039945,1147.310879178000050
330,329,-93.530794170859309,44.077260448039937,1147.735441081000090
331,330,-93.530794170859309,44.077221448039936,1148.045125326000061
332,331,-93.530794170859309,44.077182448039927,1148.175184462000061
333,332,-93.530794170859309,44.077143448039934,1148.227745903999903
334,333,-93.530794170859309,44.077104448039933,1147.871443685000031
335,334,-93.530794170859309,44.077065448039932,1147.079891629000031
336,335,-93.530794170859309,44.077026448039931,1146.083930122000083
337,336,-93.530794170859309,44.076987448039937,1145.383806017000097
338,337,-93.530794170859309,44.076948448039936,1144.930017090000092
339,338,-93.530794170859309,44.076909448039935,1144.375044080999942
340,339,-93.530794170859309,44.076870448039934,1143.823076035999975
341,340,-93.530794170859309,44.076831448039933,1143.195892334000064
342,341,-93.530755170859322,44.078001448039934,1147.922290039000018
343,342,-93.530755170859322,44.077962448039933,1147.873002115999952
344,343,-93.530755170859322,44.077923448039925,1147.576249186000041
345,344,-93.530755170859322,44.077884448039931,1147.027016602000003
346,345,-93.530755170859322,44.077845448039938,1146.384159341999975
347,346,-93.530755170859322,44.077806448039937,1145.722277831999918
348,347,-93.530755170859322,44.077767448039928,1145.353991699000062
349,348,-93.530755170859322,44.077728448039935,1145.094462890999921
350,349,-93.530755170859322,44.077689448039933,1144.785734048999984
351,350,-93.530755170859322,44.077650448039932,1144.451440430000048
352,351,-93.530755170859322,44.077611448039931,1144.422013346000085
353,352,-93.530755170859322,44.077572448039938,1144.722314453000081
354,353,-93.530755170859322,44.077533448039937,1145.091739908999898
355,354,-93.530755170859322,44.077494448039936,1145.378898111999888
356,355,-93.530755170859322,44.077455448039935,1145.807604979999951
357,356,-93.530755170859322,44.077416448039934,1146.332221679999975
358,357,-93.530755170859322,44.077377448039933,1146.782076009000093
359,358,-93.530755170859322,44.077338448039924,1147.054650879000064
360,359,-93.530755170859322,44.077299448039945,1147.329305013000067
361,360,-93.530755170859322,44.077260448039937,1147.776645508000001
362,361,-93.530755170859322,44.077221448039936,1148.099678547999929
363,362,-93.530755170859322,44.077182448039927,1148.257824707000054
364,363,-93.530755170859322,44.077143448039934,1148.320906575999970
365,364,-93.530755170859322,44.077104448039933,1147.941386719000093
366,365,-93.530755170859322,44.077065448039932,1147.136433918999955
367,366,-93.530755170859322,44.077026448039931,1146.119844564000005
368,367,-93.530755170859322,44.076987448039937,1145.390808104999905
369,368,-93.530755170859322,44.076948448039936,1144.927001952999944
370,369,-93.530755170859322,44.076909448039935,1144.343359375000091
371,370,-93.530755170859322,44.076870448039934,1143.762166341000011
372,371,-93.530755170859322,44.076831448039933,1143.124279784999999
373,372,-93.530716170859307,44.078001448039934,1147.459212239999943
374,373,-93.530716170859307,44.077962448039933,1147.427825927999947
375,374,-93.530716170859307,44.077923448039925,1147.148318820999975
376,375,-93.530716170859307,44.077884448039931,1146.630786132999901
377,376,-93.530716170859307,44.077845448039938,1145.990224202000036
378,377,-93.530716170859307,44.077806448039937,1145.347486707999906
379,378,-93.530716170859307,44.077767448039928,1145.008185492999928
380,379,-93.530716170859307,44.077728448039935,1144.783666992000008
381,380,-93.530716170859307,44.077689448039933,1144.510650635000047
382,381,-93.530716170859307,44.077650448039932,1144.221021864000022
383,382,-93.530716170859307,44.077611448039931,1144.216613770000095
384,383,-93.530716170859307,44.077572448039938,1144.526509603000022
385,384,-93.530716170859307,44.077533448039937,1144.912241618000053
386,385,-93.530716170859307,44.077494448039936,1145.248155382000050
387,386,-93.530716170859307,44.077455448039935,1145.727671305000058
388,387,-93.530716170859307,44.077416448039934,1146.275899251000055
389,388,-93.530716170859307,44.077377448039933,1146.754245333999961
390,389,-93.530716170859307,44.077338448039924,1147.062065972000028
391,390,-93.530716170859307,44.077299448039945,1147.323971218999986
392,391,-93.530716170859307,44.077260448039937,1147.787207030999980
393,392,-93.530716170859307,44.077221448039936,1148.120551214999978
394,393,-93.530716170859307,44.077182448039927,1148.271633571999928
395,394,-93.530716170859307,44.077143448039934,1148.363182915999914
396,395,-93.530716170859307,44.077104448039933,1147.970808919000092
397,396,-93.530716170859307,44.077065448039932,1147.153686523000033
398,397,-93.530716170859307,44.077026448039931,1146.140119765000009
399,398,-93.530716170859307,44.076987448039937,1145.402092827999923
400,399,-93.530716170859307,44.076948448039936,1144.928556314999923
401,400,-93.530716170859307,44.076909448039935,1144.323730469000111
402,401,-93.530716170859307,44.076870448039934,1143.712785509000014
403,402,-93.530716170859307,44.076831448039933,1143.117445203999978
404,403,-93.530677170859320,44.078001448039934,1147.037272134999967
405,404,-93.530677170859320,44.077962448039933,1147.020253499000091
406,405,-93.530677170859320,44.077923448039925,1146.758819579999908
407,406,-93.530677170859320,44.077884448039931,1146.263627115999952
408,407,-93.530677170859320,44.077845448039938,1145.647349040000108
409,408,-93.530677170859320,44.077806448039937,1144.991729736000025
410,409,-93.530677170859320,44.077767448039928,1144.678602430999945
411,410,-93.530677170859320,44.077728448039935,1144.492968750000045
412,411,-93.530677170859320,44.077689448039933,1144.248409694999964
413,412,-93.530677170859320,44.077650448039932,1143.993191189000072
414,413,-93.530677170859320,44.077611448039931,1143.998714870999947
415,414,-93.530677170859320,44.077572448039938,1144.325467935999995
416,415,-93.530677170859320,44.077533448039937,1144.735846625000022
417,416,-93.530677170859320,44.077494448039936,1145.105000814000050
418,417,-93.530677170859320,44.077455448039935,1145.619069416999992
419,418,-93.530677170859320,44.077416448039934,1146.184313965000001
420,419,-93.530677170859320,44.077377448039933,1146.692650688999947
421,420,-93.530677170859320,44.077338448039924,1147.021026611000025
422,421,-93.530677170859320,44.077299448039945,1147.289313422000077
423,422,-93.530677170859320,44.077260448039937,1147.728108724000094
424,423,-93.530677170859320,44.077221448039936,1148.068701850000025
425,424,-93.530677170859320,44.077182448039927,1148.224633111000003
426,425,-93.530677170859320,44.077143448039934,1148.301411946999906
427,426,-93.530677170859320,44.077104448039933,1147.927140299000030
428,427,-93.530677170859320,44.077065448039932,1147.127658419999989
429,428,-93.530677170859320,44.077026448039931,1146.123524983999914
430,429,-93.530677170859320,44.076987448039937,1145.391967773000033
431,430,-93.530677170859320,44.076948448039936,1144.915193685000077
432,431,-93.530677170859320,44.076909448039935,1144.313791910999953
433,432,-93.530677170859320,44.076870448039934,1143.701426187999914
434,433,-93.530677170859320,44.076831448039933,1143.166022406999900
435,434,-93.530638170859319,44.078001448039934,1146.697062173999939
436,435,-93.530638170859319,44.077962448039933,1146.685475666999992
437,436,-93.530638170859319,44.077923448039925,1146.429660372999933
438,437,-93.530638170859319,44.077884448039931,1145.959977213999991
439,438,-93.530638170859319,44.077845448039938,1145.339935302999947
440,439,-93.530638170859319,44.077806448039937,1144.698527018000050
441,440,-93.530638170859319,44.077767448039928,1144.389604357000053
442,441,-93.530638170859319,44.077728448039935,1144.217464193000069
443,442,-93.530638170859319,44.077689448039933,1144.004279242999928
444,443,-93.530638170859319,44.077650448039932,1143.776062012000011
445,444,-93.530638170859319,44.077611448039931,1143.795925564000072
446,445,-93.530638170859319,44.077572448039938,1144.135144043000082
447,446,-93.530638170859319,44.077533448039937,1144.560601127999917
448,447,-93.530638170859319,44.077494448039936,1144.941867405000039
449,448,-93.530638170859319,44.077455448039935,1145.477474636999887
450,449,-93.530638170859319,44.077416448039934,1146.070048013999894
451,450,-93.530638170859319,44.077377448039933,1146.607679578999978
452,451,-93.530638170859319,44.077338448039924,1146.914089627000067
453,452,-93.530638170859319,44.077299448039945,1147.199062770999944
454,453,-93.530638170859319,44.077260448039937,1147.636576334999972
455,454,-93.530638170859319,44.077221448039936,1147.984297011000081
456,455,-93.530638170859319,44.077182448039927,1148.138031005999892
457,456,-93.530638170859319,44.077143448039934,1148.212015787999917
458,457,-93.530638170859319,44.077104448039933,1147.848718261999920
459,458,-93.530638170859319,44.077065448039932,1147.051177978999931
460,459,-93.530638170859319,44.077026448039931,1146.056454129000031
461,460,-93.530638170859319,44.076987448039937,1145.330973307000022
462,461,-93.530638170859319,44.076948448039936,1144.872505696999951
463,462,-93.530638170859319,44.076909448039935,1144.265618218000100
464,463,-93.530638170859319,44.076870448039934,1143.693942599999900
465,464,-93.530638170859319,44.076831448039933,1143.254774305999945
466,465,-93.530599170859318,44.078001448039934,1146.418237305000048
467,466,-93.530599170859318,44.077962448039933,1146.411857095999949
468,467,-93.530599170859318,44.077923448039925,1146.187316895000095
469,468,-93.530599170859318,44.077884448039931,1145.714179688000058
470,469,-93.530599170859318,44.077845448039938,1145.096313476999967
471,470,-93.530599170859318,44.077806448039937,1144.455033365999952
472,471,-93.530599170859318,44.077767448039928,1144.158703612999943
473,472,-93.530599170859318,44.077728448039935,1144.002109374999918
474,473,-93.530599170859318,44.077689448039933,1143.796252440999979
475,474,-93.530599170859318,44.077650448039932,1143.583695475000013
476,475,-93.530599170859318,44.077611448039931,1143.620768229000078
477,476,-93.530599170859318,44.077572448039938,1143.965209961000028
478,477,-93.530599170859318,44.077533448039937,1144.397627766999904
479,478,-93.530599170859318,44.077494448039936,1144.794982910000044
480,479,-93.530599170859318,44.077455448039935,1145.333776854999996
481,480,-93.530599170859318,44.077416448039934,1145.919394531000080
482,481,-93.530599170859318,44.077377448039933,1146.453511555999967
483,482,-93.530599170859318,44.077338448039924,1146.789152018000095
484,483,-93.530599170859318,44.077299448039945,1147.102600098000039
485,484,-93.530599170859318,44.077260448039937,1147.557744141000057
486,485,-93.530599170859318,44.077221448039936,1147.885001628000055
487,486,-93.530599170859318,44.077182448039927,1148.054187012000057
488,487,-93.530599170859318,44.077143448039934,1148.126334634999921
489,488,-93.530599170859318,44.077104448039933,1147.757416991999889
490,489,-93.530599170859318,44.077065448039932,1146.971268716999930
491,490,-93.530599170859318,44.077026448039931,1145.994112141999949
492,491,-93.530599170859318,44.076987448039937,1145.257153320000043
493,492,-93.530599170859318,44.076948448039936,1144.799877930000093
494,493,-93.530599170859318,44.076909448039935,1144.178466797000056
495,494,-93.530599170859318,44.076870448039934,1143.628361003000009
496,495,-93.530599170859318,44.076831448039933,1143.285123698000007
497,496,-93.530560170859303,44.078001448039934,1146.189355469000020
498,497,-93.530560170859303,44.077962448039933,1146.174034965999908
499,498,-93.530560170859303,44.077923448039925,1145.963656955000033
500,499,-93.530560170859303,44.077884448039931,1145.510355632000028
501,500,-93.530560170859303,44.077845448039938,1144.907938638999894
502,501,-93.530560170859303,44.077806448039937,1144.278337267000097
503,502,-93.530560170859303,44.077767448039928,1143.964443630999995
504,503,-93.530560170859303,44.077728448039935,1143.805843098999958
505,504,-93.530560170859303,44.077689448039933,1143.629113090999908
506,505,-93.530560170859303,44.077650448039932,1143.433390298999939
507,506,-93.530560170859303,44.077611448039931,1143.478824192000047
508,507,-93.530560170859303,44.077572448039938,1143.819637044000046
509,508,-93.530560170859303,44.077533448039937,1144.235622830000011
510,509,-93.530560170859303,44.077494448039936,1144.633327907999956
511,510,-93.530560170859303,44.077455448039935,1145.180362278000075
512,511,-93.530560170859303,44.077416448039934,1145.767517089999956
513,512,-93.530560170859303,44.077377448039933,1146.314032661000056
514,513,-93.530560170859303,44.077338448039924,1146.680104574000097
515,514,-93.530560170859303,44.077299448039945,1147.012936062000108
516,515,-93.530560170859303,44.077260448039937,1147.471069336000028
517,516,-93.530560170859303,44.077221448039936,1147.810512967000022
518,517,-93.530560170859303,44.077182448039927,1147.986897786000100
519,518,-93.530560170859303,44.077143448039934,1148.079796685000019
520,519,-93.530560170859303,44.077104448039933,1147.711437987999943
521,520,-93.530560170859303,44.077065448039932,1146.893809000999909
522,521,-93.530560170859303,44.077026448039931,1145.927870008999889
523,522,-93.530560170859303,44.076987448039937,1145.182393391999994
524,523,-93.530560170859303,44.076948448039936,1144.722460938000040
525,524,-93.530560170859303,44.076909448039935,1144.095584445999975
526,525,-93.530560170859303,44.076870448039934,1143.557071261999909
527,526,-93.530560170859303,44.076831448039933,1143.245293511000000
528,527,-93.530521170859316,44.078001448039934,1145.997033691000070
529,528,-93.530521170859316,44.077962448039933,1146.011342366999997
530,529,-93.530521170859316,44.077923448039925,1145.792324490000055
531,530,-93.530521170859316,44.077884448039931,1145.369185384000048
532,531,-93.530521170859316,44.077845448039938,1144.771643744999892
533,532,-93.530521170859316,44.077806448039937,1144.138288710000097
534,533,-93.530521170859316,44.077767448039928,1143.828277587999992
535,534,-93.530521170859316,44.077728448039935,1143.661661783999989
536,535,-93.530521170859316,44.077689448039933,1143.492824978000044
537,536,-93.530521170859316,44.077650448039932,1143.305599636999887
538,537,-93.530521170859316,44.077611448039931,1143.353864881999925
539,538,-93.530521170859316,44.077572448039938,1143.692944335999982
540,539,-93.530521170859316,44.077533448039937,1144.090216742999928
541,540,-93.530521170859316,44.077494448039936,1144.478759765999939
542,541,-93.530521170859316,44.077455448039935,1145.041371663000064
543,542,-93.530521170859316,44.077416448039934,1145.625984701000107
544,543,-93.530521170859316,44.077377448039933,1146.192521836999958
545,544,-93.530521170859316,44.077338448039924,1146.600002713000094
546,545,-93.530521170859316,44.077299448039945,1146.952758788999972
547,546,-93.530521170859316,44.077260448039937,1147.428096517000085
548,547,-93.530521170859316,44.077221448039936,1147.758338080999920
549,548,-93.530521170859316,44.077182448039927,1147.924641927000039
550,549,-93.530521170859316,44.077143448039934,1147.985012478000044
551,550,-93.530521170859316,44.077104448039933,1147.629427083000110
552,551,-93.530521170859316,44.077065448039932,1146.812418620000017
553,552,-93.530521170859316,44.077026448039931,1145.854437934000089
554,553,-93.530521170859316,44.076987448039937,1145.120171440999911
555,554,-93.530521170859316,44.076948448039936,1144.656339518000095
556,555,-93.530521170859316,44.076909448039935,1144.027567546000000
557,556,-93.530521170859316,44.076870448039934,1143.476833767000016
558,557,-93.530521170859316,44.076831448039933,1143.180796305000058
559,558,-93.530482170859329,44.078001448039934,1145.848037108999961
560,559,-93.530482170859329,44.077962448039933,1145.908211263000112
561,560,-93.530482170859329,44.077923448039925,1145.726066080999999
562,561,-93.530482170859329,44.077884448039931,1145.326157227000067
563,562,-93.530482170859329,44.077845448039938,1144.724182128999928
564,563,-93.530482170859329,44.077806448039937,1144.076737466999930
565,564,-93.530482170859329,44.077767448039928,1143.776855469000111
566,565,-93.530482170859329,44.077728448039935,1143.605556641000021
567,566,-93.530482170859329,44.077689448039933,1143.399141439000005
568,567,-93.530482170859329,44.077650448039932,1143.219571939999923
569,568,-93.530482170859329,44.077611448039931,1143.281791178000049
570,569,-93.530482170859329,44.077572448039938,1143.617041016000030
571,570,-93.530482170859329,44.077533448039937,1143.986507160999963
572,571,-93.530482170859329,44.077494448039936,1144.366475423000111
573,572,-93.530482170859329,44.077455448039935,1144.934411620999981
574,573,-93.530482170859329,44.077416448039934,1145.544252930000084
575,574,-93.530482170859329,44.077377448039933,1146.122680663999972
576,575,-93.530482170859329,44.077338448039924,1146.509025065000060
577,576,-93.530482170859329,44.077299448039945,1146.899556478000022
578,577,-93.530482170859329,44.077260448039937,1147.379296874999909
579,578,-93.530482170859329,44.077221448039936,1147.717903645999968
580,579,-93.530482170859329,44.077182448039927,1147.859452311000041
581,580,-93.530482170859329,44.077143448039934,1147.897485352000103
582,581,-93.530482170859329,44.077104448039933,1147.568994141000076
583,582,-93.530482170859329,44.077065448039932,1146.744307453999909
584,583,-93.530482170859329,44.077026448039931,1145.804667155000061
585,584,-93.530482170859329,44.076987448039937,1145.061560058999930
586,585,-93.530482170859329,44.076948448039936,1144.581591797000101
587,586,-93.530482170859329,44.076909448039935,1143.964363606999996
588,587,-93.530482170859329,44.076870448039934,1143.404418945000089
589,588,-93.530482170859329,44.076831448039933,1143.050805664000109
590,589,-93.530443170859328,44.078001448039934,1145.734696451999980
591,590,-93.530443170859328,44.077962448039933,1145.826097275999928
592,591,-93.530443170859328,44.077923448039925,1145.706746418999955
593,592,-93.530443170859328,44.077884448039931,1145.305696614999988
594,593,-93.530443170859328,44.077845448039938,1144.717376709000064
595,594,-93.530443170859328,44.077806448039937,1144.079661050999903
596,595,-93.530443170859328,44.077767448039928,1143.745683458000030
597,596,-93.530443170859328,44.077728448039935,1143.555155435999950
598,597,-93.530443170859328,44.077689448039933,1143.350440130999914
599,598,-93.530443170859328,44.077650448039932,1143.168070474999922
600,599,-93.530443170859328,44.077611448039931,1143.224663627999917
601,600,-93.530443170859328,44.077572448039938,1143.542236327999944
602,601,-93.530443170859328,44.077533448039937,1143.917758518000028
603,602,-93.530443170859328,44.077494448039936,1144.306389702999923
604,603,-93.530443170859328,44.077455448039935,1144.864291720999972
605,604,-93.530443170859328,44.077416448039934,1145.482177734000061
606,605,-93.530443170859328,44.077377448039933,1146.050035264999906
607,606,-93.530443170859328,44.077338448039924,1146.447706434000111
608,607,-93.530443170859328,44.077299448039945,1146.826643202000014
609,608,-93.530443170859328,44.077260448039937,1147.313708495999890
610,609,-93.530443170859328,44.077221448039936,1147.645009358999914
611,610,-93.530443170859328,44.077182448039927,1147.803683810999928
612,611,-93.530443170859328,44.077143448039934,1147.870527478999975
613,612,-93.530443170859328,44.077104448039933,1147.516019694000079
614,613,-93.530443170859328,44.077065448039932,1146.681342230999917
615,614,-93.530443170859328,44.077026448039931,1145.718166775000100
616,615,-93.530443170859328,44.076987448039937,1144.987067328999956
617,616,-93.530443170859328,44.076948448039936,1144.503275553000094
618,617,-93.530443170859328,44.076909448039935,1143.886827257000050
619,618,-93.530443170859328,44.076870448039934,1143.317213269999911
620,619,-93.530443170859328,44.076831448039933,1142.915622286999906
621,620,-93.530404170859327,44.078001448039934,1145.625390624999909
622,621,-93.530404170859327,44.077962448039933,1145.764224581999997
623,622,-93.530404170859327,44.077923448039925,1145.669871011999930
624,623,-93.530404170859327,44.077884448039931,1145.291870116999917
625,624,-93.530404170859327,44.077845448039938,1144.711212158000080
626,625,-93.530404170859327,44.077806448039937,1144.085201687000108
627,626,-93.530404170859327,44.077767448039928,1143.743743896000069
628,627,-93.530404170859327,44.077728448039935,1143.555900065000060
629,628,-93.530404170859327,44.077689448039933,1143.356791178000094
630,629,-93.530404170859327,44.077650448039932,1143.144212510999978
631,630,-93.530404170859327,44.077611448039931,1143.183291965000080
632,631,-93.530404170859327,44.077572448039938,1143.502697754000110
633,632,-93.530404170859327,44.077533448039937,1143.876169840000102
634,633,-93.530404170859327,44.077494448039936,1144.255974663999950
635,634,-93.530404170859327,44.077455448039935,1144.824293349000072
636,635,-93.530404170859327,44.077416448039934,1145.448384603000022
637,636,-93.530404170859327,44.077377448039933,1145.984975179000003
638,637,-93.530404170859327,44.077338448039924,1146.375010172999964
639,638,-93.530404170859327,44.077299448039945,1146.744245740999986
640,639,-93.530404170859327,44.077260448039937,1147.215535481999950
641,640,-93.530404170859327,44.077221448039936,1147.585947672999964
642,641,-93.530404170859327,44.077182448039927,1147.763831244999892
643,642,-93.530404170859327,44.077143448039934,1147.835144042999900
644,643,-93.530404170859327,44.077104448039933,1147.429288736999979
645,644,-93.530404170859327,44.077065448039932,1146.608869765000009
646,645,-93.530404170859327,44.077026448039931,1145.635006375000103
647,646,-93.530404170859327,44.076987448039937,1144.858957925999903
648,647,-93.530404170859327,44.076948448039936,1144.387687173999893
649,648,-93.530404170859327,44.076909448039935,1143.774349636999887
650,649,-93.530404170859327,44.076870448039934,1143.206987169000058
651,650,-93.530404170859327,44.076831448039933,1142.778727213999900
652,651,-93.530365170859312,44.078001448039934,1145.565393066000070
653,652,-93.530365170859312,44.077962448039933,1145.698103163000042
654,653,-93.530365170859312,44.077923448039925,1145.628519694000033
655,654,-93.530365170859312,44.077884448039931,1145.269152831999918
656,655,-93.530365170859312,44.077845448039938,1144.696211073000086
657,656,-93.530365170859312,44.077806448039937,1144.058668349000072
658,657,-93.530365170859312,44.077767448039928,1143.755408392999925
659,658,-93.530365170859312,44.077728448039935,1143.579317219999893
660,659,-93.530365170859312,44.077689448039933,1143.371246337999992
661,660,-93.530365170859312,44.077650448039932,1143.167500814000050
662,661,-93.530365170859312,44.077611448039931,1143.194291857000053
663,662,-93.530365170859312,44.077572448039938,1143.502201335000109
664,663,-93.530365170859312,44.077533448039937,1143.870646158999989
665,664,-93.530365170859312,44.077494448039936,1144.239223904000028
666,665,-93.530365170859312,44.077455448039935,1144.804816351999989
667,666,-93.530365170859312,44.077416448039934,1145.435148111999979
668,667,-93.530365170859312,44.077377448039933,1145.957468669000036
669,668,-93.530365170859312,44.077338448039924,1146.318111843999986
670,669,-93.530365170859312,44.077299448039945,1146.675676134000014
671,670,-93.530365170859312,44.077260448039937,1147.154907226999967
672,671,-93.530365170859312,44.077221448039936,1147.541147868000053
673,672,-93.530365170859312,44.077182448039927,1147.741529677000017
674,673,-93.530365170859312,44.077143448039934,1147.807047525999906
675,674,-93.530365170859312,44.077104448039933,1147.337060546999965
676,675,-93.530365170859312,44.077065448039932,1146.493513318999931
677,676,-93.530365170859312,44.077026448039931,1145.494066025999928
678,677,-93.530365170859312,44.076987448039937,1144.734405517999903
679,678,-93.530365170859312,44.076948448039936,1144.246712240000079
680,679,-93.530365170859312,44.076909448039935,1143.614603678000094
681,680,-93.530365170859312,44.076870448039934,1143.084882948000086
682,681,-93.530365170859312,44.076831448039933,1142.646338568999909
683,682,-93.530326170859325,44.078001448039934,1145.579604492000044
684,683,-93.530326170859325,44.077962448039933,1145.662902832000100
685,684,-93.530326170859325,44.077923448039925,1145.589660645000095
686,685,-93.530326170859325,44.077884448039931,1145.226899413999945
687,686,-93.530326170859325,44.077845448039938,1144.662276203999909
688,687,-93.530326170859325,44.077806448039937,1144.039672851999967
689,688,-93.530326170859325,44.077767448039928,1143.753015136999920
690,689,-93.530326170859325,44.077728448039935,1143.577416992000053
691,690,-93.530326170859325,44.077689448039933,1143.368001302000039
692,691,-93.530326170859325,44.077650448039932,1143.177718099000003
693,692,-93.530326170859325,44.077611448039931,1143.224898274999987
694,693,-93.530326170859325,44.077572448039938,1143.516958008000074
695,694,-93.530326170859325,44.077533448039937,1143.871207681999977
696,695,-93.530326170859325,44.077494448039936,1144.236287434999895
697,696,-93.530326170859325,44.077455448039935,1144.810595702999990
698,697,-93.530326170859325,44.077416448039934,1145.418530272999988
699,698,-93.530326170859325,44.077377448039933,1145.943204752999918
700,699,-93.530326170859325,44.077338448039924,1146.287679036000100
701,700,-93.530326170859325,44.077299448039945,1146.642118326999935
702,701,-93.530326170859325,44.077260448039937,1147.132197266000048
703,702,-93.530326170859325,44.077221448039936,1147.504695637999930
704,703,-93.530326170859325,44.077182448039927,1147.699991861999933
705,704,-93.530326170859325,44.077143448039934,1147.754077148000079
706,705,-93.530326170859325,44.077104448039933,1147.267285156000071
707,706,-93.530326170859325,44.077065448039932,1146.383894857000087
708,707,-93.530326170859325,44.077026448039931,1145.360616048000111
709,708,-93.530326170859325,44.076987448039937,1144.602038574000062
710,709,-93.530326170859325,44.076948448039936,1144.134589843999947
711,710,-93.530326170859325,44.076909448039935,1143.506669108000096
712,711,-93.530326170859325,44.076870448039934,1142.955485025999906
713,712,-93.530326170859325,44.076831448039933,1142.525618489999943
714,713,-93.530287170859310,44.078001448039934,1145.804687500000000
715,714,-93.530287170859310,44.077962448039933,1145.696926541000039
716,715,-93.530287170859310,44.077923448039925,1145.574554442999897
717,716,-93.530287170859310,44.077884448039931,1145.205989583000019
718,717,-93.530287170859310,44.077845448039938,1144.652279323999892
719,718,-93.530287170859310,44.077806448039937,1144.038831923000089
720,719,-93.530287170859310,44.077767448039928,1143.719407822999983
721,720,-93.530287170859310,44.077728448039935,1143.555863443999897
722,721,-93.530287170859310,44.077689448039933,1143.360036214000047
723,722,-93.530287170859310,44.077650448039932,1143.175710041999992
724,723,-93.530287170859310,44.077611448039931,1143.241550021999956
725,724,-93.530287170859310,44.077572448039938,1143.548673502999918
726,725,-93.530287170859310,44.077533448039937,1143.879302978999931
727,726,-93.530287170859310,44.077494448039936,1144.251319038000020
728,727,-93.530287170859310,44.077455448039935,1144.809471977999920
729,728,-93.530287170859310,44.077416448039934,1145.396280923999939
730,729,-93.530287170859310,44.077377448039933,1145.925184462000061
731,730,-93.530287170859310,44.077338448039924,1146.263861762000033
732,731,-93.530287170859310,44.077299448039945,1146.631418863999897
733,732,-93.530287170859310,44.077260448039937,1147.096402995000062
734,733,-93.530287170859310,44.077221448039936,1147.455841063999969
735,734,-93.530287170859310,44.077182448039927,1147.625074599000072
736,735,-93.530287170859310,44.077143448039934,1147.629831949999925
737,736,-93.530287170859310,44.077104448039933,1147.173128254999938
738,737,-93.530287170859310,44.077065448039932,1146.303931341999942
739,738,-93.530287170859310,44.077026448039931,1145.270484076999992
740,739,-93.530287170859310,44.076987448039937,1144.472374810000019
741,740,-93.530287170859310,44.076948448039936,1143.990079752999918
742,741,-93.530287170859310,44.076909448039935,1143.387081569999964
743,742,-93.530287170859310,44.076870448039934,1142.843794080999942
744,743,-93.530287170859310,44.076831448039933,1142.424153645999922
745,744,-93.530248170859323,44.078001448039934,1146.205301921000000
746,745,-93.530248170859323,44.077962448039933,1145.940487331999975
747,746,-93.530248170859323,44.077923448039925,1145.614373100999956
748,747,-93.530248170859323,44.077884448039931,1145.249003092000066
749,748,-93.530248170859323,44.077845448039938,1144.677174886000103
750,749,-93.530248170859323,44.077806448039937,1144.056962755000086
751,750,-93.530248170859323,44.077767448039928,1143.726908366000089
752,751,-93.530248170859323,44.077728448039935,1143.539632161000100
753,752,-93.530248170859323,44.077689448039933,1143.347134059999917
754,753,-93.530248170859323,44.077650448039932,1143.183966742999928
755,754,-93.530248170859323,44.077611448039931,1143.253061930000058
756,755,-93.530248170859323,44.077572448039938,1143.576102702000071
757,756,-93.530248170859323,44.077533448039937,1143.896124946000100
758,757,-93.530248170859323,44.077494448039936,1144.253936767999903
759,758,-93.530248170859323,44.077455448039935,1144.805216470999994
760,759,-93.530248170859323,44.077416448039934,1145.400036621000027
761,760,-93.530248170859323,44.077377448039933,1145.911929659999942
762,761,-93.530248170859323,44.077338448039924,1146.258945041000061
763,762,-93.530248170859323,44.077299448039945,1146.611334906999900
764,763,-93.530248170859323,44.077260448039937,1147.047241211000028
765,764,-93.530248170859323,44.077221448039936,1147.363332113000070
766,765,-93.530248170859323,44.077182448039927,1147.527228461000050
767,766,-93.530248170859323,44.077143448039934,1147.529995388000088
768,767,-93.530248170859323,44.077104448039933,1147.093591308999976
769,768,-93.530248170859323,44.077065448039932,1146.200561523000033
770,769,-93.530248170859323,44.077026448039931,1145.173475477000011
771,770,-93.530248170859323,44.076987448039937,1144.369903563999969
772,771,-93.530248170859323,44.076948448039936,1143.870841470999949
773,772,-93.530248170859323,44.076909448039935,1143.247467040999936
774,773,-93.530248170859323,44.076870448039934,1142.731275769999911
775,774,-93.530248170859323,44.076831448039933,1142.350545246999900
776,775,-93.530209170859294,44.078001448039934,1146.643408203000035
777,776,-93.530209170859294,44.077962448039933,1146.122755263000045
778,777,-93.530209170859294,44.077923448039925,1145.746310764000100
779,778,-93.530209170859294,44.077884448039931,1145.361714680999967
780,779,-93.530209170859294,44.077845448039938,1144.760952419999967
781,780,-93.530209170859294,44.077806448039937,1144.123786078999956
782,781,-93.530209170859294,44.077767448039928,1143.795576307999909
783,782,-93.530209170859294,44.077728448039935,1143.592020671000000
784,783,-93.530209170859294,44.077689448039933,1143.377424452000014
785,784,-93.530209170859294,44.077650448039932,1143.225782605999939
786,785,-93.530209170859294,44.077611448039931,1143.297600639999928
787,786,-93.530209170859294,44.077572448039938,1143.638244628999928
788,787,-93.530209170859294,44.077533448039937,1143.964704725000047
789,788,-93.530209170859294,44.077494448039936,1144.291232639000100
790,789,-93.530209170859294,44.077455448039935,1144.828660752999895
791,790,-93.530209170859294,44.077416448039934,1145.399019367999927
792,791,-93.530209170859294,44.077377448039933,1145.911777071999950
793,792,-93.530209170859294,44.077338448039924,1146.263098823000064
794,793,-93.530209170859294,44.077299448039945,1146.603766547000077
795,794,-93.530209170859294,44.077260448039937,1147.031827798999984
796,795,-93.530209170859294,44.077221448039936,1147.311896429999933
797,796,-93.530209170859294,44.077182448039927,1147.441009521000069
798,797,-93.530209170859294,44.077143448039934,1147.457797580000033
799,798,-93.530209170859294,44.077104448039933,1146.990958658999944
800,799,-93.530209170859294,44.077065448039932,1146.107279459999972
801,800,-93.530209170859294,44.077026448039931,1145.081532795999919
802,801,-93.530209170859294,44.076987448039937,1144.268147786000100
803,802,-93.530209170859294,44.076948448039936,1143.777941894999913
804,803,-93.530209170859294,44.076909448039935,1143.160776773999942
805,804,-93.530209170859294,44.076870448039934,1142.651302761999887
806,805,-93.530209170859294,44.076831448039933,1142.295362684000111
807,806,-93.530170170859321,44.078001448039934,1146.823945312999967
808,807,-93.530170170859321,44.077962448039933,1146.300667318000023
809,808,-93.530170170859321,44.077923448039925,1145.901094564000005
810,809,-93.530170170859321,44.077884448039931,1145.500112304999902
811,810,-93.530170170859321,44.077845448039938,1144.889168294000001
812,811,-93.530170170859321,44.077806448039937,1144.234867350000059
813,812,-93.530170170859321,44.077767448039928,1143.894002279000006
814,813,-93.530170170859321,44.077728448039935,1143.718823242000099
815,814,-93.530170170859321,44.077689448039933,1143.464058431000012
816,815,-93.530170170859321,44.077650448039932,1143.289815266999994
817,816,-93.530170170859321,44.077611448039931,1143.385359700999970
818,817,-93.530170170859321,44.077572448039938,1143.725273436999942
819,818,-93.530170170859321,44.077533448039937,1144.054170736000060
820,819,-93.530170170859321,44.077494448039936,1144.369315592000021
821,820,-93.530170170859321,44.077455448039935,1144.882482909999908
822,821,-93.530170170859321,44.077416448039934,1145.427871094000011
823,822,-93.530170170859321,44.077377448039933,1145.932368978000113
824,823,-93.530170170859321,44.077338448039924,1146.275724284000034
825,824,-93.530170170859321,44.077299448039945,1146.610961913999972
826,825,-93.530170170859321,44.077260448039937,1147.033120116999953
827,826,-93.530170170859321,44.077221448039936,1147.307181803000049
828,827,-93.530170170859321,44.077182448039927,1147.427351887999976
829,828,-93.530170170859321,44.077143448039934,1147.413871256999983
830,829,-93.530170170859321,44.077104448039933,1146.935991211000101
831,830,-93.530170170859321,44.077065448039932,1146.043001301999993
832,831,-93.530170170859321,44.077026448039931,1145.013317871000027
833,832,-93.530170170859321,44.076987448039937,1144.206270344999893
834,833,-93.530170170859321,44.076948448039936,1143.716484374999936
835,834,-93.530170170859321,44.076909448039935,1143.135070800999983
836,835,-93.530170170859321,44.076870448039934,1142.633064779000051
837,836,-93.530170170859321,44.076831448039933,1142.283040365000033
838,837,-93.530131170859306,44.078001448039934,1146.988720702999899
839,838,-93.530131170859306,44.077962448039933,1146.469702826999992
840,839,-93.530131170859306,44.077923448039925,1146.103207057999953
841,840,-93.530131170859306,44.077884448039931,1145.687862142000085
842,841,-93.530131170859306,44.077845448039938,1145.047854953000069
843,842,-93.530131170859306,44.077806448039937,1144.397101508000105
844,843,-93.530131170859306,44.077767448039928,1144.045352511999909
845,844,-93.530131170859306,44.077728448039935,1143.854093423999984
846,845,-93.530131170859306,44.077689448039933,1143.580179849999922
847,846,-93.530131170859306,44.077650448039932,1143.396840413000064
848,847,-93.530131170859306,44.077611448039931,1143.496622720999994
849,848,-93.530131170859306,44.077572448039938,1143.838688151000042
850,849,-93.530131170859306,44.077533448039937,1144.156073676000005
851,850,-93.530131170859306,44.077494448039936,1144.473290336999980
852,851,-93.530131170859306,44.077455448039935,1144.963202581999894
853,852,-93.530131170859306,44.077416448039934,1145.495369466000056
854,853,-93.530131170859306,44.077377448039933,1145.977708605000089
855,854,-93.530131170859306,44.077338448039924,1146.308302138000045
856,855,-93.530131170859306,44.077299448039945,1146.627509223000061
857,856,-93.530131170859306,44.077260448039937,1147.019653320000089
858,857,-93.530131170859306,44.077221448039936,1147.286427816000014
859,858,-93.530131170859306,44.077182448039927,1147.397379557000022
860,859,-93.530131170859306,44.077143448039934,1147.378190782000047
861,860,-93.530131170859306,44.077104448039933,1146.884960937999949
862,861,-93.530131170859306,44.077065448039932,1145.971086289999903
863,862,-93.530131170859306,44.077026448039931,1144.976481120000017
864,863,-93.530131170859306,44.076987448039937,1144.183200411999906
865,864,-93.530131170859306,44.076948448039936,1143.721468099000049
866,865,-93.530131170859306,44.076909448039935,1143.127109104000056
867,866,-93.530131170859306,44.076870448039934,1142.652289497000083
868,867,-93.530131170859306,44.076831448039933,1142.308749729000056
869,868,-93.530092170859319,44.078001448039934,1146.815885416999890
870,869,-93.530092170859319,44.077962448039933,1146.515109592000044
871,870,-93.530092170859319,44.077923448039925,1146.339250352999898
872,871,-93.530092170859319,44.077884448039931,1145.922436522999988
873,872,-93.530092170859319,44.077845448039938,1145.245917426000005
874,873,-93.530092170859319,44.077806448039937,1144.581909179999911
875,874,-93.530092170859319,44.077767448039928,1144.249474419000080
876,875,-93.530092170859319,44.077728448039935,1144.007271321999951
877,876,-93.530092170859319,44.077689448039933,1143.736182318999909
878,877,-93.530092170859319,44.077650448039932,1143.562913683000033
879,878,-93.530092170859319,44.077611448039931,1143.633772107999903
880,879,-93.530092170859319,44.077572448039938,1143.972094727000012
881,880,-93.530092170859319,44.077533448039937,1144.289615206999997
882,881,-93.530092170859319,44.077494448039936,1144.581312390999983
883,882,-93.530092170859319,44.077455448039935,1145.060991074999947
884,883,-93.530092170859319,44.077416448039934,1145.589363606999996
885,884,-93.530092170859319,44.077377448039933,1146.045227050999983
886,885,-93.530092170859319,44.077338448039924,1146.338368733999914
887,886,-93.530092170859319,44.077299448039945,1146.615804036000100
888,887,-93.530092170859319,44.077260448039937,1146.974019367999972
889,888,-93.530092170859319,44.077221448039936,1147.228875053999900
890,889,-93.530092170859319,44.077182448039927,1147.304473876999964
891,890,-93.530092170859319,44.077143448039934,1147.299455431000069
892,891,-93.530092170859319,44.077104448039933,1146.820556640999939
893,892,-93.530092170859319,44.077065448039932,1145.912007650000078
894,893,-93.530092170859319,44.077026448039931,1144.948988173000089
895,894,-93.530092170859319,44.076987448039937,1144.198811849000094
896,895,-93.530092170859319,44.076948448039936,1143.722326659999908
897,896,-93.530092170859319,44.076909448039935,1143.146928574999947
898,897,-93.530092170859319,44.076870448039934,1142.690066867000041
899,898,-93.530092170859319,44.076831448039933,1142.351501464999956
900,899,-93.530053170859304,44.078001448039934,1146.527762857999960
901,900,-93.530053170859304,44.077962448039933,1146.459404838999944
902,901,-93.530053170859304,44.077923448039925,1146.497046576999992
903,902,-93.530053170859304,44.077884448039931,1146.146561686000041
904,903,-93.530053170859304,44.077845448039938,1145.474938286999986
905,904,-93.530053170859304,44.077806448039937,1144.795447455999920
906,905,-93.530053170859304,44.077767448039928,1144.452131482999903
907,906,-93.530053170859304,44.077728448039935,1144.202726236999979
908,907,-93.530053170859304,44.077689448039933,1143.900248209999972
909,908,-93.530053170859304,44.077650448039932,1143.725009494000005
910,909,-93.530053170859304,44.077611448039931,1143.776743570999997
911,910,-93.530053170859304,44.077572448039938,1144.091174315999979
912,911,-93.530053170859304,44.077533448039937,1144.370242648999920
913,912,-93.530053170859304,44.077494448039936,1144.659359402000064
914,913,-93.530053170859304,44.077455448039935,1145.135704887999964
915,914,-93.530053170859304,44.077416448039934,1145.666190592000021
916,915,-93.530053170859304,44.077377448039933,1146.092851426999914
917,916,-93.530053170859304,44.077338448039924,1146.363291422999964
918,917,-93.530053170859304,44.077299448039945,1146.559973823000064
919,918,-93.530053170859304,44.077260448039937,1146.862467447999961
920,919,-93.530053170859304,44.077221448039936,1147.112643771999956
921,920,-93.530053170859304,44.077182448039927,1147.177144367999972
922,921,-93.530053170859304,44.077143448039934,1147.163509793000003
923,922,-93.530053170859304,44.077104448039933,1146.706115723000039
924,923,-93.530053170859304,44.077065448039932,1145.831698946999950
925,924,-93.530053170859304,44.077026448039931,1144.889258490999964
926,925,-93.530053170859304,44.076987448039937,1144.158643934000111
927,926,-93.530053170859304,44.076948448039936,1143.692203776000042
928,927,-93.530053170859304,44.076909448039935,1143.150902641999892
929,928,-93.530053170859304,44.076870448039934,1142.727189806000069
930,929,-93.530053170859304,44.076831448039933,1142.389224581999997
931,930,-93.530014170859332,44.078001448039934,1146.397011718999920
932,931,-93.530014170859332,44.077962448039933,1146.550089518000050
933,932,-93.530014170859332,44.077923448039925,1146.722741698999926
934,933,-93.530014170859332,44.077884448039931,1146.337490233999915
935,934,-93.530014170859332,44.077845448039938,1145.668233236000106
936,935,-93.530014170859332,44.077806448039937,1145.001135254000019
937,936,-93.530014170859332,44.077767448039928,1144.631795246999900
938,937,-93.530014170859332,44.077728448039935,1144.369003905999989
939,938,-93.530014170859332,44.077689448039933,1144.065214030000107
940,939,-93.530014170859332,44.077650448039932,1143.858601888000067
941,940,-93.530014170859332,44.077611448039931,1143.904500326000061
942,941,-93.530014170859332,44.077572448039938,1144.193041991999962
943,942,-93.530014170859332,44.077533448039937,1144.424816895000049
944,943,-93.530014170859332,44.077494448039936,1144.693648274999987
945,944,-93.530014170859332,44.077455448039935,1145.181180826999935
946,945,-93.530014170859332,44.077416448039934,1145.696293944999979
947,946,-93.530014170859332,44.077377448039933,1146.116182453999954
948,947,-93.530014170859332,44.077338448039924,1146.337870280000061
949,948,-93.530014170859332,44.077299448039945,1146.502461751000055
950,949,-93.530014170859332,44.077260448039937,1146.752978515999985
951,950,-93.530014170859332,44.077221448039936,1146.945312500000000
952,951,-93.530014170859332,44.077182448039927,1147.023893228999896
953,952,-93.530014170859332,44.077143448039934,1146.996667480000042
954,953,-93.530014170859332,44.077104448039933,1146.552578125000082
955,954,-93.530014170859332,44.077065448039932,1145.695922851999967
956,955,-93.530014170859332,44.077026448039931,1144.783687336999947
957,956,-93.530014170859332,44.076987448039937,1144.052278646000104
958,957,-93.530014170859332,44.076948448039936,1143.600522461000082
959,958,-93.530014170859332,44.076909448039935,1143.050516763999894
960,959,-93.530014170859332,44.076870448039934,1142.689253743000108
961,960,-93.530014170859332,44.076831448039933,1142.347290038999972
962,961,-93.529975170859302,44.078001448039934,1146.589420573000098
963,962,-93.529975170859302,44.077962448039933,1146.770443386999887
964,963,-93.529975170859302,44.077923448039925,1146.980265298999939
965,964,-93.529975170859302,44.077884448039931,1146.590527344000066
966,965,-93.529975170859302,44.077845448039938,1145.907368978000022
967,966,-93.529975170859302,44.077806448039937,1145.239888508999911
968,967,-93.529975170859302,44.077767448039928,1144.854949950999981
969,968,-93.529975170859302,44.077728448039935,1144.558890788000099
970,969,-93.529975170859302,44.077689448039933,1144.216020372000003
971,970,-93.529975170859302,44.077650448039932,1144.038591172999986
972,971,-93.529975170859302,44.077611448039931,1144.076168483999936
973,972,-93.529975170859302,44.077572448039938,1144.317862955999999
974,973,-93.529975170859302,44.077533448039937,1144.499535454999886
975,974,-93.529975170859302,44.077494448039936,1144.729349771999978
976,975,-93.529975170859302,44.077455448039935,1145.226243760999978
977,976,-93.529975170859302,44.077416448039934,1145.720194498999945
978,977,-93.529975170859302,44.077377448039933,1146.113186305999989
979,978,-93.529975170859302,44.077338448039924,1146.285407172000077
980,979,-93.529975170859302,44.077299448039945,1146.440236409999898
981,980,-93.529975170859302,44.077260448039937,1146.627408853999896
982,981,-93.529975170859302,44.077221448039936,1146.734985351999967
983,982,-93.529975170859302,44.077182448039927,1146.778971354000078
984,983,-93.529975170859302,44.077143448039934,1146.804924859000039
985,984,-93.529975170859302,44.077104448039933,1146.376831054999911
986,985,-93.529975170859302,44.077065448039932,1145.547739665000108
987,986,-93.529975170859302,44.077026448039931,1144.657758925000053
988,987,-93.529975170859302,44.076987448039937,1143.916937934000089
989,988,-93.529975170859302,44.076948448039936,1143.379911296000046
990,989,-93.529975170859302,44.076909448039935,1142.843539768000028
991,990,-93.529975170859302,44.076870448039934,1142.428870306999897
992,991,-93.529975170859302,44.076831448039933,1142.056647406999900
993,992,-93.529936170859315,44.078001448039934,1146.854325358000096
994,993,-93.529936170859315,44.077962448039933,1147.010718451999992
995,994,-93.529936170859315,44.077923448039925,1147.125495063000017
996,995,-93.529936170859315,44.077884448039931,1146.872619628999928
997,996,-93.529936170859315,44.077845448039938,1146.255611843999986
998,997,-93.529936170859315,44.077806448039937,1145.624654133999911
999,998,-93.529936170859315,44.077767448039928,1145.276638455000011
1000,999,-93.529936170859315,44.077728448039935,1144.984501139000031
1001,1000,-93.529936170859315,44.077689448039933,1144.674350315000083
1002,1001,-93.529936170859315,44.077650448039932,1144.504079182999931
1003,1002,-93.529936170859315,44.077611448039931,1144.483530680000058
1004,1003,-93.529936170859315,44.077572448039938,1144.615759277000052
1005,1004,-93.529936170859315,44.077533448039937,1144.683905706999894
1006,1005,-93.529936170859315,44.077494448039936,1144.837897406999900
1007,1006,-93.529936170859315,44.077455448039935,1145.152448865999986
1008,1007,-93.529936170859315,44.077416448039934,1145.490950521000059
1009,1008,-93.529936170859315,44.077377448039933,1145.764712863000113
1010,1009,-93.529936170859315,44.077338448039924,1145.859144423000089
1011,1010,-93.529936170859315,44.077299448039945,1145.904368083000008
1012,1011,-93.529936170859315,44.077260448039937,1145.943819173000065
1013,1012,-93.529936170859315,44.077221448039936,1145.946736654000006
1014,1013,-93.529936170859315,44.077182448039927,1145.992329915000028
1015,1014,-93.529936170859315,44.077143448039934,1145.971598307000022
1016,1015,-93.529936170859315,44.077104448039933,1145.554496256999983
1017,1016,-93.529936170859315,44.077065448039932,1144.977478026999961
1018,1017,-93.529936170859315,44.077026448039931,1144.412835014999928
1019,1018,-93.529936170859315,44.076987448039937,1143.612416584999892
1020,1019,-93.529936170859315,44.076948448039936,1143.031567383000038
1021,1020,-93.529936170859315,44.076909448039935,1142.488410101999989
1022,1021,-93.529936170859315,44.076870448039934,1141.988484701000061
1023,1022,-93.529936170859315,44.076831448039933,1141.632812500000000
1024,1023,-93.529897170859329,44.078001448039934,1147.133614094999984
1025,1024,-93.529897170859329,44.077962448039933,1147.143110487000058
1026,1025,-93.529897170859329,44.077923448039925,1147.202087401999961
1027,1026,-93.529897170859329,44.077884448039931,1146.955680339000082
1028,1027,-93.529897170859329,44.077845448039938,1146.517317029999958
1029,1028,-93.529897170859329,44.077806448039937,1146.029625786999986
1030,1029,-93.529897170859329,44.077767448039928,1145.720316569000033
1031,1030,-93.529897170859329,44.077728448039935,1145.522155762000011
1032,1031,-93.529897170859329,44.077689448039933,1145.225209554000003
1033,1032,-93.529897170859329,44.077650448039932,1145.051500109000017
1034,1033,-93.529897170859329,44.077611448039931,1144.971374512000011
1035,1034,-93.529897170859329,44.077572448039938,1144.976066080999999
1036,1035,-93.529897170859329,44.077533448039937,1144.865871853000044
1037,1036,-93.529897170859329,44.077494448039936,1144.827735052999969
1038,1037,-93.529897170859329,44.077455448039935,1144.971923827999944
1039,1038,-93.529897170859329,44.077416448039934,1145.054012044000046
1040,1039,-93.529897170859329,44.077377448039933,1145.174472384999945
1041,1040,-93.529897170859329,44.077338448039924,1145.042626274999975
1042,1041,-93.529897170859329,44.077299448039945,1145.034851074000017
1043,1042,-93.529897170859329,44.077260448039937,1144.873636882000028
1044,1043,-93.529897170859329,44.077221448039936,1144.893256292999922
1045,1044,-93.529897170859329,44.077182448039927,1144.698150635000047
1046,1045,-93.529897170859329,44.077143448039934,1144.627451579000081
1047,1046,-93.529897170859329,44.077104448039933,1144.424019368000017
1048,1047,-93.529897170859329,44.077065448039932,1143.980990940000083
1049,1048,-93.529897170859329,44.077026448039931,1143.619276258999889
1050,1049,-93.529897170859329,44.076987448039937,1143.125684950000050
1051,1050,-93.529897170859329,44.076948448039936,1142.631315103999896
1052,1051,-93.529897170859329,44.076909448039935,1142.141130234999991
1053,1052,-93.529897170859329,44.076870448039934,1141.722754584000086
1054,1053,-93.529897170859329,44.076831448039933,1141.300343830999964
1055,1054,-93.529858170859313,44.078001448039934,1147.371508789000018
1056,1055,-93.529858170859313,44.077962448039933,1147.247941080999908
1057,1056,-93.529858170859313,44.077923448039925,1147.128812662999962
1058,1057,-93.529858170859313,44.077884448039931,1146.924892578000026
1059,1058,-93.529858170859313,44.077845448039938,1146.648840331999963
1060,1059,-93.529858170859313,44.077806448039937,1146.371761068000069
1061,1060,-93.529858170859313,44.077767448039928,1146.100691732000087
1062,1061,-93.529858170859313,44.077728448039935,1145.891918945000043
1063,1062,-93.529858170859313,44.077689448039933,1145.705395508000038
1064,1063,-93.529858170859313,44.077650448039932,1145.519535318999942
1065,1064,-93.529858170859313,44.077611448039931,1145.352099609000106
1066,1065,-93.529858170859313,44.077572448039938,1145.181411132999983
1067,1066,-93.529858170859313,44.077533448039937,1144.999377440999979
1068,1067,-93.529858170859313,44.077494448039936,1144.824719237999943
1069,1068,-93.529858170859313,44.077455448039935,1144.760746256999937
1070,1069,-93.529858170859313,44.077416448039934,1144.661899413999890
1071,1070,-93.529858170859313,44.077377448039933,1144.578715007000028
1072,1071,-93.529858170859313,44.077338448039924,1144.416874186000086
1073,1072,-93.529858170859313,44.077299448039945,1144.290580241000043
1074,1073,-93.529858170859313,44.077260448039937,1144.092001952999908
1075,1074,-93.529858170859313,44.077221448039936,1144.022810872000036
1076,1075,-93.529858170859313,44.077182448039927,1143.771638997000082
1077,1076,-93.529858170859313,44.077143448039934,1143.576171875000000
1078,1077,-93.529858170859313,44.077104448039933,1143.364829101999931
1079,1078,-93.529858170859313,44.077065448039932,1143.151619466000056
1080,1079,-93.529858170859313,44.077026448039931,1142.859509276999916
1081,1080,-93.529858170859313,44.076987448039937,1142.624320475000104
1082,1081,-93.529858170859313,44.076948448039936,1142.409086914000000
1083,1082,-93.529858170859313,44.076909448039935,1142.124503580999999
1084,1083,-93.529858170859313,44.076870448039934,1141.768733723999958
1085,1084,-93.529858170859313,44.076831448039933,1141.287569173000065
1086,1085,-93.529819170859341,44.078001448039934,1147.793078613000034
1087,1086,-93.529819170859341,44.077962448039933,1147.512776692999978
1088,1087,-93.529819170859341,44.077923448039925,1147.220262315999889
1089,1088,-93.529819170859341,44.077884448039931,1146.977640787999917
1090,1089,-93.529819170859341,44.077845448039938,1146.714111327999944
1091,1090,-93.529819170859341,44.077806448039937,1146.424848767999947
1092,1091,-93.529819170859341,44.077767448039928,1146.172170003000019
1093,1092,-93.529819170859341,44.077728448039935,1145.956404622000036
1094,1093,-93.529819170859341,44.077689448039933,1145.793355305999967
1095,1094,-93.529819170859341,44.077650448039932,1145.588667127999997
1096,1095,-93.529819170859341,44.077611448039931,1145.365003798000089
1097,1096,-93.529819170859341,44.077572448039938,1145.172733561000086
1098,1097,-93.529819170859341,44.077533448039937,1144.979051377999895
1099,1098,-93.529819170859341,44.077494448039936,1144.809624565999911
1100,1099,-93.529819170859341,44.077455448039935,1144.640011257999959
1101,1100,-93.529819170859341,44.077416448039934,1144.504113770000004
1102,1101,-93.529819170859341,44.077377448039933,1144.363783094999917
1103,1102,-93.529819170859341,44.077338448039924,1144.206946478999953
1104,1103,-93.529819170859341,44.077299448039945,1144.025973849999900
1105,1104,-93.529819170859341,44.077260448039937,1143.841768391999949
1106,1105,-93.529819170859341,44.077221448039936,1143.655971951000083
1107,1106,-93.529819170859341,44.077182448039927,1143.410929361999933
1108,1107,-93.529819170859341,44.077143448039934,1143.133826362000036
1109,1108,-93.529819170859341,44.077104448039933,1142.926403809000021
1110,1109,-93.529819170859341,44.077065448039932,1142.762891980999939
1111,1110,-93.529819170859341,44.077026448039931,1142.606540256000017
1112,1111,-93.529819170859341,44.076987448039937,1142.497982448999892
1113,1112,-93.529819170859341,44.076948448039936,1142.347607422000010
1114,1113,-93.529819170859341,44.076909448039935,1142.208858914000075
1115,1114,-93.529819170859341,44.076870448039934,1141.892435709999972
1116,1115,-93.529819170859341,44.076831448039933,1141.400278727000114
1117,1116,-93.529780170859311,44.078001448039934,1148.313757324000107
1118,1117,-93.529780170859311,44.077962448039933,1147.971730550000075
1119,1118,-93.529780170859311,44.077923448039925,1147.500725639999928
1120,1119,-93.529780170859311,44.077884448039931,1147.088541667000072
1121,1120,-93.529780170859311,44.077845448039938,1146.805352105000111
1122,1121,-93.529780170859311,44.077806448039937,1146.491556803000094
1123,1122,-93.529780170859311,44.077767448039928,1146.222791883999889
1124,1123,-93.529780170859311,44.077728448039935,1145.999865723000084
1125,1124,-93.529780170859311,44.077689448039933,1145.798288981000042
1126,1125,-93.529780170859311,44.077650448039932,1145.585432265000009
1127,1126,-93.529780170859311,44.077611448039931,1145.345625136000081
1128,1127,-93.529780170859311,44.077572448039938,1145.145585124000036
1129,1128,-93.529780170859311,44.077533448039937,1144.949961344000030
1130,1129,-93.529780170859311,44.077494448039936,1144.778832329999886
1131,1130,-93.529780170859311,44.077455448039935,1144.616221109999969
1132,1131,-93.529780170859311,44.077416448039934,1144.487182616999917
1133,1132,-93.529780170859311,44.077377448039933,1144.338592528999925
1134,1133,-93.529780170859311,44.077338448039924,1144.188713921000044
1135,1134,-93.529780170859311,44.077299448039945,1144.016883001999986
1136,1135,-93.529780170859311,44.077260448039937,1143.846476236999933
1137,1136,-93.529780170859311,44.077221448039936,1143.669433594000111
1138,1137,-93.529780170859311,44.077182448039927,1143.437523736000003
1139,1138,-93.529780170859311,44.077143448039934,1143.201839870999947
1140,1139,-93.529780170859311,44.077104448039933,1143.012333170999909
1141,1140,-93.529780170859311,44.077065448039932,1142.857469347000006
1142,1141,-93.529780170859311,44.077026448039931,1142.719689262999964
1143,1142,-93.529780170859311,44.076987448039937,1142.601528592000022
1144,1143,-93.529780170859311,44.076948448039936,1142.494340006999892
1145,1144,-93.529780170859311,44.076909448039935,1142.358683268000050
1146,1145,-93.529780170859311,44.076870448039934,1142.042690701000083
1147,1146,-93.529780170859311,44.076831448039933,1141.546695284999942
