OID_,FID,X,Y,Extract_GALa_Crop_Flw_M
1,0,-93.531098436763500,44.078019660989192,19.920970704999998
2,1,-93.531098436763500,44.077980660989198,22.450733609000000
3,2,-93.531098436763500,44.077941660989190,23.672588772000001
4,3,-93.531098436763500,44.077902660989189,23.720400068000000
5,4,-93.531098436763500,44.077863660989195,24.380666945000002
6,5,-93.531098436763500,44.077824660989201,24.820508320999998
7,6,-93.531098436763500,44.077785660989193,23.563696542999999
8,7,-93.531098436763500,44.077746660989192,22.460312736999999
9,8,-93.531098436763500,44.077707660989184,23.461416244999999
10,9,-93.531098436763500,44.077668660989190,22.856642828999998
11,10,-93.531098436763500,44.077629660989189,22.524413638999999
12,11,-93.531098436763500,44.077590660989195,19.541837904000001
13,12,-93.531098436763500,44.077551660989187,16.373476504999999
14,13,-93.531098436763500,44.077512660989193,18.239131926999999
15,14,-93.531098436763500,44.077473660989192,21.319428762000001
16,15,-93.531098436763500,44.077434660989191,24.076274024000000
17,16,-93.531098436763500,44.077395660989190,25.431491004000002
18,17,-93.531098436763500,44.077356660989189,24.676283094999999
19,18,-93.531098436763500,44.077317660989195,23.877938799999999
20,19,-93.531098436763500,44.077278660989194,24.019936878999999
21,20,-93.531098436763500,44.077239660989193,21.888050926999998
22,21,-93.531098436763500,44.077200660989192,21.982275433000002
23,22,-93.531098436763500,44.077161660989191,21.528539234000000
24,23,-93.531098436763500,44.077122660989197,17.694550620000001
25,24,-93.531098436763500,44.077083660989189,18.972898058999998
26,25,-93.531098436763500,44.077044660989195,21.008959134000001
27,26,-93.531098436763500,44.077005660989194,21.123476663999998
28,27,-93.531098436763500,44.076966660989186,18.364221785000002
29,28,-93.531098436763500,44.076927660989192,19.258715523999999
30,29,-93.531098436763500,44.076888660989191,19.120926750999999
31,30,-93.531098436763500,44.076849660989190,17.559175279000002
32,31,-93.531098436763500,44.076810660989189,17.030911339999999
33,32,-93.531059436763513,44.078019660989192,21.696812735999998
34,33,-93.531059436763513,44.077980660989198,23.843987571000000
35,34,-93.531059436763513,44.077941660989190,24.990725834999999
36,35,-93.531059436763513,44.077902660989189,23.831252628000001
37,36,-93.531059436763513,44.077863660989195,23.335971407999999
38,37,-93.531059436763513,44.077824660989201,24.722621918000002
39,38,-93.531059436763513,44.077785660989193,23.607930819000000
40,39,-93.531059436763513,44.077746660989192,21.813897450999999
41,40,-93.531059436763513,44.077707660989184,22.401091894000000
42,41,-93.531059436763513,44.077668660989190,22.529515371999999
43,42,-93.531059436763513,44.077629660989189,22.096112780999999
44,43,-93.531059436763513,44.077590660989195,17.865154159999999
45,44,-93.531059436763513,44.077551660989187,15.089030425000001
46,45,-93.531059436763513,44.077512660989193,17.645006179999999
47,46,-93.531059436763513,44.077473660989192,21.988419003000001
48,47,-93.531059436763513,44.077434660989191,24.751893573000000
49,48,-93.531059436763513,44.077395660989190,25.858019298999999
50,49,-93.531059436763513,44.077356660989189,25.466815313000001
51,50,-93.531059436763513,44.077317660989195,24.380163617000001
52,51,-93.531059436763513,44.077278660989194,23.707808812000000
53,52,-93.531059436763513,44.077239660989193,21.466034571000002
54,53,-93.531059436763513,44.077200660989192,22.259840012000002
55,54,-93.531059436763513,44.077161660989191,21.146712832999999
56,55,-93.531059436763513,44.077122660989197,17.432160060000001
57,56,-93.531059436763513,44.077083660989189,19.139437781000002
58,57,-93.531059436763513,44.077044660989195,20.108521779000000
59,58,-93.531059436763513,44.077005660989194,20.068466610000002
60,59,-93.531059436763513,44.076966660989186,18.016610674999999
61,60,-93.531059436763513,44.076927660989192,18.692775302000001
62,61,-93.531059436763513,44.076888660989191,18.885158326999999
63,62,-93.531059436763513,44.076849660989190,17.298332001999999
64,63,-93.531059436763513,44.076810660989189,16.846996943000001
65,64,-93.531020436763498,44.078019660989192,23.228010813000001
66,65,-93.531020436763498,44.077980660989198,24.203485701000002
67,66,-93.531020436763498,44.077941660989190,24.864995108999999
68,67,-93.531020436763498,44.077902660989189,24.188865450000002
69,68,-93.531020436763498,44.077863660989195,23.074100917999999
70,69,-93.531020436763498,44.077824660989201,23.846791584999998
71,70,-93.531020436763498,44.077785660989193,23.372716268000001
72,71,-93.531020436763498,44.077746660989192,21.687107934000000
73,72,-93.531020436763498,44.077707660989184,21.583532969000000
74,73,-93.531020436763498,44.077668660989190,22.052206463000001
75,74,-93.531020436763498,44.077629660989189,21.128319634000000
76,75,-93.531020436763498,44.077590660989195,16.282139460000000
77,76,-93.531020436763498,44.077551660989187,14.462692579000000
78,77,-93.531020436763498,44.077512660989193,17.543890847000000
79,78,-93.531020436763498,44.077473660989192,22.663691626999999
80,79,-93.531020436763498,44.077434660989191,25.420002831000001
81,80,-93.531020436763498,44.077395660989190,26.124908234999999
82,81,-93.531020436763498,44.077356660989189,25.787621604000002
83,82,-93.531020436763498,44.077317660989195,23.985890705999999
84,83,-93.531020436763498,44.077278660989194,22.861763954000001
85,84,-93.531020436763498,44.077239660989193,21.070195940000001
86,85,-93.531020436763498,44.077200660989192,21.537732441999999
87,86,-93.531020436763498,44.077161660989191,20.959093306000000
88,87,-93.531020436763498,44.077122660989197,18.058348762000001
89,88,-93.531020436763498,44.077083660989189,19.115486144999998
90,89,-93.531020436763498,44.077044660989195,19.223089536000000
91,90,-93.531020436763498,44.077005660989194,19.043124304999999
92,91,-93.531020436763498,44.076966660989186,17.435122384000000
93,92,-93.531020436763498,44.076927660989192,18.545580334000000
94,93,-93.531020436763498,44.076888660989191,18.853565639999999
95,94,-93.531020436763498,44.076849660989190,17.076337389999999
96,95,-93.531020436763498,44.076810660989189,16.412146673999999
97,96,-93.530981436763511,44.078019660989192,23.842931111999999
98,97,-93.530981436763511,44.077980660989198,24.429637909000000
99,98,-93.530981436763511,44.077941660989190,24.497689565000002
100,99,-93.530981436763511,44.077902660989189,24.395855586000000
101,100,-93.530981436763511,44.077863660989195,23.432750702000000
102,101,-93.530981436763511,44.077824660989201,23.072285969999999
103,102,-93.530981436763511,44.077785660989193,22.781278610000001
104,103,-93.530981436763511,44.077746660989192,21.357067743999998
105,104,-93.530981436763511,44.077707660989184,21.517047563999999
106,105,-93.530981436763511,44.077668660989190,21.937871614999999
107,106,-93.530981436763511,44.077629660989189,20.487401962000000
108,107,-93.530981436763511,44.077590660989195,15.299224218000001
109,108,-93.530981436763511,44.077551660989187,14.299293041000000
110,109,-93.530981436763511,44.077512660989193,18.565910021000001
111,110,-93.530981436763511,44.077473660989192,23.450170198999999
112,111,-93.530981436763511,44.077434660989191,25.574482918000001
113,112,-93.530981436763511,44.077395660989190,26.097685813999998
114,113,-93.530981436763511,44.077356660989189,25.442217191000001
115,114,-93.530981436763511,44.077317660989195,22.949712753000000
116,115,-93.530981436763511,44.077278660989194,21.682438850000000
117,116,-93.530981436763511,44.077239660989193,20.503082911000000
118,117,-93.530981436763511,44.077200660989192,20.819092433000002
119,118,-93.530981436763511,44.077161660989191,21.451628049000000
120,119,-93.530981436763511,44.077122660989197,19.046826363000001
121,120,-93.530981436763511,44.077083660989189,18.477835336999998
122,121,-93.530981436763511,44.077044660989195,18.666615963000002
123,122,-93.530981436763511,44.077005660989194,18.635940869999999
124,123,-93.530981436763511,44.076966660989186,16.984543800000001
125,124,-93.530981436763511,44.076927660989192,18.823184012999999
126,125,-93.530981436763511,44.076888660989191,19.107892354000001
127,126,-93.530981436763511,44.076849660989190,16.829952717000001
128,127,-93.530981436763511,44.076810660989189,15.427575428999999
129,128,-93.530942436763510,44.078019660989192,24.338932884999998
130,129,-93.530942436763510,44.077980660989198,25.058081945000001
131,130,-93.530942436763510,44.077941660989190,24.584131453000001
132,131,-93.530942436763510,44.077902660989189,24.698389476999999
133,132,-93.530942436763510,44.077863660989195,23.808337529999999
134,133,-93.530942436763510,44.077824660989201,22.790985107000001
135,134,-93.530942436763510,44.077785660989193,22.220499039000000
136,135,-93.530942436763510,44.077746660989192,21.027128007999998
137,136,-93.530942436763510,44.077707660989184,21.683854209000000
138,137,-93.530942436763510,44.077668660989190,22.033514234999998
139,138,-93.530942436763510,44.077629660989189,20.625792185000002
140,139,-93.530942436763510,44.077590660989195,15.864190208000000
141,140,-93.530942436763510,44.077551660989187,14.927934964000000
142,141,-93.530942436763510,44.077512660989193,20.717984729000001
143,142,-93.530942436763510,44.077473660989192,25.001072142000002
144,143,-93.530942436763510,44.077434660989191,25.808507707000000
145,144,-93.530942436763510,44.077395660989190,25.642889234999998
146,145,-93.530942436763510,44.077356660989189,24.423973930999999
147,146,-93.530942436763510,44.077317660989195,22.176572587999999
148,147,-93.530942436763510,44.077278660989194,21.140403429999999
149,148,-93.530942436763510,44.077239660989193,20.406227112000000
150,149,-93.530942436763510,44.077200660989192,20.971103880000001
151,150,-93.530942436763510,44.077161660989191,21.978613959000000
152,151,-93.530942436763510,44.077122660989197,19.270396762000001
153,152,-93.530942436763510,44.077083660989189,17.738205804000000
154,153,-93.530942436763510,44.077044660989195,18.486830711000000
155,154,-93.530942436763510,44.077005660989194,18.784976747000002
156,155,-93.530942436763510,44.076966660989186,17.320476108000001
157,156,-93.530942436763510,44.076927660989192,19.479620191999999
158,157,-93.530942436763510,44.076888660989191,19.178158018000001
159,158,-93.530942436763510,44.076849660989190,16.183216306999999
160,159,-93.530942436763510,44.076810660989189,13.899191856000000
161,160,-93.530903436763509,44.078019660989192,24.728678809000002
162,161,-93.530903436763509,44.077980660989198,25.464652167000001
163,162,-93.530903436763509,44.077941660989190,24.833379744999998
164,163,-93.530903436763509,44.077902660989189,24.998934003999999
165,164,-93.530903436763509,44.077863660989195,23.802338494000001
166,165,-93.530903436763509,44.077824660989201,22.699803670000001
167,166,-93.530903436763509,44.077785660989193,22.214856147999999
168,167,-93.530903436763509,44.077746660989192,21.395733938999999
169,168,-93.530903436763509,44.077707660989184,22.332682716000001
170,169,-93.530903436763509,44.077668660989190,22.661852095000000
171,170,-93.530903436763509,44.077629660989189,22.144293679000000
172,171,-93.530903436763509,44.077590660989195,19.632533602999999
173,172,-93.530903436763509,44.077551660989187,17.825664201999999
174,173,-93.530903436763509,44.077512660989193,23.168309529999998
175,174,-93.530903436763509,44.077473660989192,26.771472931000002
176,175,-93.530903436763509,44.077434660989191,25.949801127000001
177,176,-93.530903436763509,44.077395660989190,24.989788691000001
178,177,-93.530903436763509,44.077356660989189,23.375166999000001
179,178,-93.530903436763509,44.077317660989195,22.788067500000000
180,179,-93.530903436763509,44.077278660989194,22.050467809000001
181,180,-93.530903436763509,44.077239660989193,21.725284153000000
182,181,-93.530903436763509,44.077200660989192,21.672208785999999
183,182,-93.530903436763509,44.077161660989191,21.670676549000000
184,183,-93.530903436763509,44.077122660989197,18.877864202000001
185,184,-93.530903436763509,44.077083660989189,17.150408214999999
186,185,-93.530903436763509,44.077044660989195,18.409241676000001
187,186,-93.530903436763509,44.077005660989194,19.828886879999999
188,187,-93.530903436763509,44.076966660989186,18.531009462000000
189,188,-93.530903436763509,44.076927660989192,19.696499294999999
190,189,-93.530903436763509,44.076888660989191,18.960659663000001
191,190,-93.530903436763509,44.076849660989190,15.076885434999999
192,191,-93.530903436763509,44.076810660989189,12.323100196000000
193,192,-93.530864436763494,44.078019660989192,24.626769807999999
194,193,-93.530864436763494,44.077980660989198,24.953925239000000
195,194,-93.530864436763494,44.077941660989190,25.026898914000000
196,195,-93.530864436763494,44.077902660989189,25.046663072000001
197,196,-93.530864436763494,44.077863660989195,23.522652944000001
198,197,-93.530864436763494,44.077824660989201,22.575203790000000
199,198,-93.530864436763494,44.077785660989193,22.859044393000001
200,199,-93.530864436763494,44.077746660989192,22.089900334999999
201,200,-93.530864436763494,44.077707660989184,22.775729285000001
202,201,-93.530864436763494,44.077668660989190,23.597777896000000
203,202,-93.530864436763494,44.077629660989189,23.961383183999999
204,203,-93.530864436763494,44.077590660989195,22.940998288999999
205,204,-93.530864436763494,44.077551660989187,21.708367347999999
206,205,-93.530864436763494,44.077512660989193,24.944788403000000
207,206,-93.530864436763494,44.077473660989192,27.382869508999999
208,207,-93.530864436763494,44.077434660989191,25.583114412000000
209,208,-93.530864436763494,44.077395660989190,24.474021275999998
210,209,-93.530864436763494,44.077356660989189,23.263028887000001
211,210,-93.530864436763494,44.077317660989195,23.712762832999999
212,211,-93.530864436763494,44.077278660989194,23.329284986000001
213,212,-93.530864436763494,44.077239660989193,23.166868634000000
214,213,-93.530864436763494,44.077200660989192,22.299342261000000
215,214,-93.530864436763494,44.077161660989191,21.187190586000000
216,215,-93.530864436763494,44.077122660989197,18.703969743999998
217,216,-93.530864436763494,44.077083660989189,16.796212514000000
218,217,-93.530864436763494,44.077044660989195,18.514252344999999
219,218,-93.530864436763494,44.077005660989194,21.677237193000000
220,219,-93.530864436763494,44.076966660989186,19.902732213000000
221,220,-93.530864436763494,44.076927660989192,19.059235255000001
222,221,-93.530864436763494,44.076888660989191,18.758935293000000
223,222,-93.530864436763494,44.076849660989190,14.370815171000000
224,223,-93.530864436763494,44.076810660989189,11.643341594000001
225,224,-93.530825436763507,44.078019660989192,24.449930615000000
226,225,-93.530825436763507,44.077980660989198,23.873317506999999
227,226,-93.530825436763507,44.077941660989190,24.409352620000000
228,227,-93.530825436763507,44.077902660989189,24.466497209000000
229,228,-93.530825436763507,44.077863660989195,23.099769804000001
230,229,-93.530825436763507,44.077824660989201,22.313407049999999
231,230,-93.530825436763507,44.077785660989193,22.937012355000000
232,231,-93.530825436763507,44.077746660989192,21.923452801000000
233,232,-93.530825436763507,44.077707660989184,22.770535999000000
234,233,-93.530825436763507,44.077668660989190,24.083927155000001
235,234,-93.530825436763507,44.077629660989189,24.927115122000000
236,235,-93.530825436763507,44.077590660989195,24.086491902999999
237,236,-93.530825436763507,44.077551660989187,23.377576510000001
238,237,-93.530825436763507,44.077512660989193,25.328868866000001
239,238,-93.530825436763507,44.077473660989192,26.667436811999998
240,239,-93.530825436763507,44.077434660989191,25.049381256000000
241,240,-93.530825436763507,44.077395660989190,24.427318149000001
242,241,-93.530825436763507,44.077356660989189,23.867851257000002
243,242,-93.530825436763507,44.077317660989195,23.903984917999999
244,243,-93.530825436763507,44.077278660989194,23.912786801999999
245,244,-93.530825436763507,44.077239660989193,23.431677711999999
246,245,-93.530825436763507,44.077200660989192,22.267593172000002
247,246,-93.530825436763507,44.077161660989191,21.094800737000000
248,247,-93.530825436763507,44.077122660989197,19.426020092000002
249,248,-93.530825436763507,44.077083660989189,16.721049838999999
250,249,-93.530825436763507,44.077044660989195,18.273697535000000
251,250,-93.530825436763507,44.077005660989194,22.443558586999998
252,251,-93.530825436763507,44.076966660989186,20.916085984999999
253,252,-93.530825436763507,44.076927660989192,18.953048706000001
254,253,-93.530825436763507,44.076888660989191,18.418530358000002
255,254,-93.530825436763507,44.076849660989190,13.908874300000001
256,255,-93.530825436763507,44.076810660989189,11.427099864000001
257,256,-93.530786436763520,44.078019660989192,24.392937977999999
258,257,-93.530786436763520,44.077980660989198,23.117235183999998
259,258,-93.530786436763520,44.077941660989190,23.321461995000000
260,259,-93.530786436763520,44.077902660989189,23.706339094000001
261,260,-93.530786436763520,44.077863660989195,22.677486844000001
262,261,-93.530786436763520,44.077824660989201,22.748740302000002
263,262,-93.530786436763520,44.077785660989193,23.386980056999999
264,263,-93.530786436763520,44.077746660989192,22.799733268000001
265,264,-93.530786436763520,44.077707660989184,23.564666324000001
266,265,-93.530786436763520,44.077668660989190,24.761298708999998
267,266,-93.530786436763520,44.077629660989189,25.318726858000002
268,267,-93.530786436763520,44.077590660989195,23.905933168000001
269,268,-93.530786436763520,44.077551660989187,23.529250780999998
270,269,-93.530786436763520,44.077512660989193,24.991108787999998
271,270,-93.530786436763520,44.077473660989192,25.573905945000000
272,271,-93.530786436763520,44.077434660989191,24.665209875999999
273,272,-93.530786436763520,44.077395660989190,24.317720625000000
274,273,-93.530786436763520,44.077356660989189,23.257758458000001
275,274,-93.530786436763520,44.077317660989195,23.520885890999999
276,275,-93.530786436763520,44.077278660989194,24.285631179999999
277,276,-93.530786436763520,44.077239660989193,23.125046200000000
278,277,-93.530786436763520,44.077200660989192,22.318042967000000
279,278,-93.530786436763520,44.077161660989191,20.631656223000000
280,279,-93.530786436763520,44.077122660989197,20.545468012000001
281,280,-93.530786436763520,44.077083660989189,16.854249318000001
282,281,-93.530786436763520,44.077044660989195,17.000686328000000
283,282,-93.530786436763520,44.077005660989194,20.548630820000000
284,283,-93.530786436763520,44.076966660989186,20.069036484000002
285,284,-93.530786436763520,44.076927660989192,18.578483158000001
286,285,-93.530786436763520,44.076888660989191,17.832269668999999
287,286,-93.530786436763520,44.076849660989190,13.273448414000001
288,287,-93.530786436763520,44.076810660989189,10.997776349000000
289,288,-93.530747436763519,44.078019660989192,24.330750148000000
290,289,-93.530747436763519,44.077980660989198,23.011181513000000
291,290,-93.530747436763519,44.077941660989190,23.170753691000002
292,291,-93.530747436763519,44.077902660989189,24.270951376999999
293,292,-93.530747436763519,44.077863660989195,23.450178994000002
294,293,-93.530747436763519,44.077824660989201,24.417859607000000
295,294,-93.530747436763519,44.077785660989193,24.389057477000001
296,295,-93.530747436763519,44.077746660989192,24.200903998000001
297,296,-93.530747436763519,44.077707660989184,24.689552942999999
298,297,-93.530747436763519,44.077668660989190,25.812455707000002
299,298,-93.530747436763519,44.077629660989189,25.612642076000000
300,299,-93.530747436763519,44.077590660989195,24.075991312999999
301,300,-93.530747436763519,44.077551660989187,23.788661003000001
302,301,-93.530747436763519,44.077512660989193,24.712012396999999
303,302,-93.530747436763519,44.077473660989192,24.780050490000001
304,303,-93.530747436763519,44.077434660989191,23.878530290000000
305,304,-93.530747436763519,44.077395660989190,23.597369088000001
306,305,-93.530747436763519,44.077356660989189,22.129851023000001
307,306,-93.530747436763519,44.077317660989195,22.982211642999999
308,307,-93.530747436763519,44.077278660989194,24.135739009000002
309,308,-93.530747436763519,44.077239660989193,22.202393426000000
310,309,-93.530747436763519,44.077200660989192,22.062448925000002
311,310,-93.530747436763519,44.077161660989191,19.734884262000001
312,311,-93.530747436763519,44.077122660989197,19.630720350000001
313,312,-93.530747436763519,44.077083660989189,16.550736215000001
314,313,-93.530747436763519,44.077044660989195,16.316511471999998
315,314,-93.530747436763519,44.077005660989194,18.275657866000000
316,315,-93.530747436763519,44.076966660989186,18.065863926999999
317,316,-93.530747436763519,44.076927660989192,17.415670606999999
318,317,-93.530747436763519,44.076888660989191,16.810065587000000
319,318,-93.530747436763519,44.076849660989190,12.731374423000000
320,319,-93.530747436763519,44.076810660989189,10.918599553000000
321,320,-93.530708436763518,44.078019660989192,24.345173200000001
322,321,-93.530708436763518,44.077980660989198,23.717954636000002
323,322,-93.530708436763518,44.077941660989190,23.885232290000001
324,323,-93.530708436763518,44.077902660989189,25.589457194000001
325,324,-93.530708436763518,44.077863660989195,24.844987869000001
326,325,-93.530708436763518,44.077824660989201,25.837081591000000
327,326,-93.530708436763518,44.077785660989193,25.219632625999999
328,327,-93.530708436763518,44.077746660989192,24.817662875000000
329,328,-93.530708436763518,44.077707660989184,25.527048110999999
330,329,-93.530708436763518,44.077668660989190,26.483911196000001
331,330,-93.530708436763518,44.077629660989189,25.865317662999999
332,331,-93.530708436763518,44.077590660989195,24.783688862999998
333,332,-93.530708436763518,44.077551660989187,24.069588661000001
334,333,-93.530708436763518,44.077512660989193,24.393151601000000
335,334,-93.530708436763518,44.077473660989192,24.631505965999999
336,335,-93.530708436763518,44.077434660989191,23.525726954000000
337,336,-93.530708436763518,44.077395660989190,22.973730405000001
338,337,-93.530708436763518,44.077356660989189,21.978104591000001
339,338,-93.530708436763518,44.077317660989195,22.218447685000001
340,339,-93.530708436763518,44.077278660989194,23.069705486000000
341,340,-93.530708436763518,44.077239660989193,21.225783348000000
342,341,-93.530708436763518,44.077200660989192,20.638429960000000
343,342,-93.530708436763518,44.077161660989191,18.885297457000000
344,343,-93.530708436763518,44.077122660989197,18.479000092000000
345,344,-93.530708436763518,44.077083660989189,16.321651459000002
346,345,-93.530708436763518,44.077044660989195,16.361954212000001
347,346,-93.530708436763518,44.077005660989194,17.811462402000000
348,347,-93.530708436763518,44.076966660989186,17.233635902000000
349,348,-93.530708436763518,44.076927660989192,16.664988518000001
350,349,-93.530708436763518,44.076888660989191,15.654891014000000
351,350,-93.530708436763518,44.076849660989190,12.062878449999999
352,351,-93.530708436763518,44.076810660989189,11.129725138000000
353,352,-93.530669436763503,44.078019660989192,24.101752387000001
354,353,-93.530669436763503,44.077980660989198,24.556382921000001
355,354,-93.530669436763503,44.077941660989190,24.528822157000000
356,355,-93.530669436763503,44.077902660989189,26.504315269999999
357,356,-93.530669436763503,44.077863660989195,26.030177645999999
358,357,-93.530669436763503,44.077824660989201,26.795501073000001
359,358,-93.530669436763503,44.077785660989193,25.667694728000001
360,359,-93.530669436763503,44.077746660989192,25.154432085000000
361,360,-93.530669436763503,44.077707660989184,26.227439879999999
362,361,-93.530669436763503,44.077668660989190,26.627668169000000
363,362,-93.530669436763503,44.077629660989189,25.689222548000000
364,363,-93.530669436763503,44.077590660989195,25.149619844000000
365,364,-93.530669436763503,44.077551660989187,24.189845403000000
366,365,-93.530669436763503,44.077512660989193,23.933381186999998
367,366,-93.530669436763503,44.077473660989192,24.559007221000002
368,367,-93.530669436763503,44.077434660989191,23.776915232000000
369,368,-93.530669436763503,44.077395660989190,22.484268400000001
370,369,-93.530669436763503,44.077356660989189,21.376394695999998
371,370,-93.530669436763503,44.077317660989195,21.001798841999999
372,371,-93.530669436763503,44.077278660989194,21.644866943000000
373,372,-93.530669436763503,44.077239660989193,20.825410631000000
374,373,-93.530669436763503,44.077200660989192,18.852658378000001
375,374,-93.530669436763503,44.077161660989191,18.227704790000001
376,375,-93.530669436763503,44.077122660989197,17.579510371000001
377,376,-93.530669436763503,44.077083660989189,16.378662533000000
378,377,-93.530669436763503,44.077044660989195,16.938952445999998
379,378,-93.530669436763503,44.077005660989194,18.748317929999999
380,379,-93.530669436763503,44.076966660989186,17.311072244000002
381,380,-93.530669436763503,44.076927660989192,16.619218191000002
382,381,-93.530669436763503,44.076888660989191,15.253872977000000
383,382,-93.530669436763503,44.076849660989190,11.692856046999999
384,383,-93.530669436763503,44.076810660989189,11.740902583000000
385,384,-93.530630436763516,44.078019660989192,24.410487917000001
386,385,-93.530630436763516,44.077980660989198,24.923056285000001
387,386,-93.530630436763516,44.077941660989190,25.294050004999999
388,387,-93.530630436763516,44.077902660989189,26.511503643000001
389,388,-93.530630436763516,44.077863660989195,26.694312413999999
390,389,-93.530630436763516,44.077824660989201,27.046999613000001
391,390,-93.530630436763516,44.077785660989193,25.809794426000000
392,391,-93.530630436763516,44.077746660989192,25.560732735999999
393,392,-93.530630436763516,44.077707660989184,26.933527629000000
394,393,-93.530630436763516,44.077668660989190,26.412858114999999
395,394,-93.530630436763516,44.077629660989189,25.402360703999999
396,395,-93.530630436763516,44.077590660989195,25.412892236000001
397,396,-93.530630436763516,44.077551660989187,24.470543543000002
398,397,-93.530630436763516,44.077512660989193,23.655442980000000
399,398,-93.530630436763516,44.077473660989192,24.210514492000001
400,399,-93.530630436763516,44.077434660989191,23.884651395999999
401,400,-93.530630436763516,44.077395660989190,21.280158997000001
402,401,-93.530630436763516,44.077356660989189,18.742615382000000
403,402,-93.530630436763516,44.077317660989195,19.072040770000001
404,403,-93.530630436763516,44.077278660989194,20.793123563000002
405,404,-93.530630436763516,44.077239660989193,21.898546007000000
406,405,-93.530630436763516,44.077200660989192,19.128488964999999
407,406,-93.530630436763516,44.077161660989191,18.603441237999998
408,407,-93.530630436763516,44.077122660989197,16.641797596000000
409,408,-93.530630436763516,44.077083660989189,16.343736225000001
410,409,-93.530630436763516,44.077044660989195,17.586396534999999
411,410,-93.530630436763516,44.077005660989194,20.095961676999998
412,411,-93.530630436763516,44.076966660989186,18.204939736000000
413,412,-93.530630436763516,44.076927660989192,17.370542102000002
414,413,-93.530630436763516,44.076888660989191,15.825907813000001
415,414,-93.530630436763516,44.076849660989190,12.153233527999999
416,415,-93.530630436763516,44.076810660989189,13.195077154000000
417,416,-93.530591436763501,44.078019660989192,25.101704702999999
418,417,-93.530591436763501,44.077980660989198,25.510893503999998
419,418,-93.530591436763501,44.077941660989190,25.863625632000002
420,419,-93.530591436763501,44.077902660989189,25.931457307999999
421,420,-93.530591436763501,44.077863660989195,26.750330606999999
422,421,-93.530591436763501,44.077824660989201,26.409801058999999
423,422,-93.530591436763501,44.077785660989193,25.906957943999998
424,423,-93.530591436763501,44.077746660989192,26.267415577000001
425,424,-93.530591436763501,44.077707660989184,27.247534433999999
426,425,-93.530591436763501,44.077668660989190,25.924453311000001
427,426,-93.530591436763501,44.077629660989189,25.419407739000000
428,427,-93.530591436763501,44.077590660989195,25.276701397000000
429,428,-93.530591436763501,44.077551660989187,24.480699539000000
430,429,-93.530591436763501,44.077512660989193,23.709249072999999
431,430,-93.530591436763501,44.077473660989192,23.686907027000000
432,431,-93.530591436763501,44.077434660989191,23.248211119000000
433,432,-93.530591436763501,44.077395660989190,19.874290254000002
434,433,-93.530591436763501,44.077356660989189,16.166149563000001
435,434,-93.530591436763501,44.077317660989195,16.884199460000001
436,435,-93.530591436763501,44.077278660989194,20.705145517999998
437,436,-93.530591436763501,44.077239660989193,23.563594817999999
438,437,-93.530591436763501,44.077200660989192,21.964993158999999
439,438,-93.530591436763501,44.077161660989191,20.476004070999998
440,439,-93.530591436763501,44.077122660989197,16.849195479999999
441,440,-93.530591436763501,44.077083660989189,16.239393551999999
442,441,-93.530591436763501,44.077044660989195,17.949650447000000
443,442,-93.530591436763501,44.077005660989194,20.431961907000002
444,443,-93.530591436763501,44.076966660989186,19.281047396999998
445,444,-93.530591436763501,44.076927660989192,18.659979289999999
446,445,-93.530591436763501,44.076888660989191,17.049662483999999
447,446,-93.530591436763501,44.076849660989190,13.297474966999999
448,447,-93.530591436763501,44.076810660989189,14.604188919000000
449,448,-93.530552436763514,44.078019660989192,25.443406422999999
450,449,-93.530552436763514,44.077980660989198,25.667324914000002
451,450,-93.530552436763514,44.077941660989190,25.861942290999998
452,451,-93.530552436763514,44.077902660989189,25.729433272000001
453,452,-93.530552436763514,44.077863660989195,26.137051476000000
454,453,-93.530552436763514,44.077824660989201,25.617900000999999
455,454,-93.530552436763514,44.077785660989193,25.812189102000001
456,455,-93.530552436763514,44.077746660989192,26.678713903999999
457,456,-93.530552436763514,44.077707660989184,26.760983997000000
458,457,-93.530552436763514,44.077668660989190,26.144391590000001
459,458,-93.530552436763514,44.077629660989189,25.575294495000001
460,459,-93.530552436763514,44.077590660989195,24.782919142000001
461,460,-93.530552436763514,44.077551660989187,24.449305215999999
462,461,-93.530552436763514,44.077512660989193,24.202649646000001
463,462,-93.530552436763514,44.077473660989192,23.586207284000000
464,463,-93.530552436763514,44.077434660989191,22.570546680000000
465,464,-93.530552436763514,44.077395660989190,19.685517417000000
466,465,-93.530552436763514,44.077356660989189,15.846527629000001
467,466,-93.530552436763514,44.077317660989195,15.762495889000000
468,467,-93.530552436763514,44.077278660989194,19.882034302000001
469,468,-93.530552436763514,44.077239660989193,23.470493316999999
470,469,-93.530552436763514,44.077200660989192,23.417356067000000
471,470,-93.530552436763514,44.077161660989191,22.596873388999999
472,471,-93.530552436763514,44.077122660989197,17.831220203000001
473,472,-93.530552436763514,44.077083660989189,16.274765861999999
474,473,-93.530552436763514,44.077044660989195,17.767713865000001
475,474,-93.530552436763514,44.077005660989194,20.030131233999999
476,475,-93.530552436763514,44.076966660989186,20.072300805000001
477,476,-93.530552436763514,44.076927660989192,19.376089096000001
478,477,-93.530552436763514,44.076888660989191,17.768343607999999
479,478,-93.530552436763514,44.076849660989190,13.839269002000000
480,479,-93.530552436763514,44.076810660989189,15.897949749000000
481,480,-93.530513436763485,44.078019660989192,26.231811735000001
482,481,-93.530513436763485,44.077980660989198,25.412449094999999
483,482,-93.530513436763485,44.077941660989190,25.858297560000000
484,483,-93.530513436763485,44.077902660989189,26.106577131000002
485,484,-93.530513436763485,44.077863660989195,25.271369298000000
486,485,-93.530513436763485,44.077824660989201,25.040339576000001
487,486,-93.530513436763485,44.077785660989193,25.335767745999998
488,487,-93.530513436763485,44.077746660989192,26.195983463000001
489,488,-93.530513436763485,44.077707660989184,26.484987471000000
490,489,-93.530513436763485,44.077668660989190,27.255001067999999
491,490,-93.530513436763485,44.077629660989189,26.190946366999999
492,491,-93.530513436763485,44.077590660989195,24.414667130000002
493,492,-93.530513436763485,44.077551660989187,24.149984996000001
494,493,-93.530513436763485,44.077512660989193,24.495031781000002
495,494,-93.530513436763485,44.077473660989192,24.149588691000002
496,495,-93.530513436763485,44.077434660989191,23.065836377000000
497,496,-93.530513436763485,44.077395660989190,21.280792871999999
498,497,-93.530513436763485,44.077356660989189,17.529207123999999
499,498,-93.530513436763485,44.077317660989195,16.036632749999999
500,499,-93.530513436763485,44.077278660989194,18.137546857000000
501,500,-93.530513436763485,44.077239660989193,20.514942381000001
502,501,-93.530513436763485,44.077200660989192,22.703354941000001
503,502,-93.530513436763485,44.077161660989191,23.654983944000001
504,503,-93.530513436763485,44.077122660989197,18.948669221999999
505,504,-93.530513436763485,44.077083660989189,16.487002479000001
506,505,-93.530513436763485,44.077044660989195,16.714289347000001
507,506,-93.530513436763485,44.077005660989194,19.786554548000002
508,507,-93.530513436763485,44.076966660989186,20.567154989999999
509,508,-93.530513436763485,44.076927660989192,19.510543822999999
510,509,-93.530513436763485,44.076888660989191,17.528152466000002
511,510,-93.530513436763485,44.076849660989190,13.885639615000001
512,511,-93.530513436763485,44.076810660989189,17.425078922000001
513,512,-93.530474436763512,44.078019660989192,27.051733971000001
514,513,-93.530474436763512,44.077980660989198,25.040145555999999
515,514,-93.530474436763512,44.077941660989190,25.606805483999999
516,515,-93.530474436763512,44.077902660989189,26.367616336000001
517,516,-93.530474436763512,44.077863660989195,24.964879990000000
518,517,-93.530474436763512,44.077824660989201,25.522244452999999
519,518,-93.530474436763512,44.077785660989193,25.256876944999998
520,519,-93.530474436763512,44.077746660989192,25.694166501000002
521,520,-93.530474436763512,44.077707660989184,26.275272369000000
522,521,-93.530474436763512,44.077668660989190,27.699062030000000
523,522,-93.530474436763512,44.077629660989189,26.249143282999999
524,523,-93.530474436763512,44.077590660989195,23.816109021999999
525,524,-93.530474436763512,44.077551660989187,23.621496200999999
526,525,-93.530474436763512,44.077512660989193,24.510357221000000
527,526,-93.530474436763512,44.077473660989192,24.794300397000001
528,527,-93.530474436763512,44.077434660989191,24.125715255999999
529,528,-93.530474436763512,44.077395660989190,22.784168561000001
530,529,-93.530474436763512,44.077356660989189,19.436452866000000
531,530,-93.530474436763512,44.077317660989195,16.921070416999999
532,531,-93.530474436763512,44.077278660989194,17.512819767000000
533,532,-93.530474436763512,44.077239660989193,18.174686114000000
534,533,-93.530474436763512,44.077200660989192,21.614613533000000
535,534,-93.530474436763512,44.077161660989191,23.794118245000000
536,535,-93.530474436763512,44.077122660989197,19.902478217999999
537,536,-93.530474436763512,44.077083660989189,17.104088146999999
538,537,-93.530474436763512,44.077044660989195,15.538966416999999
539,538,-93.530474436763512,44.077005660989194,19.498063723000001
540,539,-93.530474436763512,44.076966660989186,20.623852412000002
541,540,-93.530474436763512,44.076927660989192,19.460172334999999
542,541,-93.530474436763512,44.076888660989191,16.984147231000001
543,542,-93.530474436763512,44.076849660989190,14.179703712000000
544,543,-93.530474436763512,44.076810660989189,18.381315867000001
545,544,-93.530435436763497,44.078019660989192,26.858613756000000
546,545,-93.530435436763497,44.077980660989198,24.023116430000002
547,546,-93.530435436763497,44.077941660989190,25.427122963999999
548,547,-93.530435436763497,44.077902660989189,26.390150706000000
549,548,-93.530435436763497,44.077863660989195,25.111147139000000
550,549,-93.530435436763497,44.077824660989201,26.583841748000001
551,550,-93.530435436763497,44.077785660989193,25.671731949000002
552,551,-93.530435436763497,44.077746660989192,25.519088745000001
553,552,-93.530435436763497,44.077707660989184,25.677897134999998
554,553,-93.530435436763497,44.077668660989190,27.085149977000000
555,554,-93.530435436763497,44.077629660989189,26.129107792999999
556,555,-93.530435436763497,44.077590660989195,23.441150029999999
557,556,-93.530435436763497,44.077551660989187,23.526639937999999
558,557,-93.530435436763497,44.077512660989193,24.952767265999999
559,558,-93.530435436763497,44.077473660989192,25.475196202999999
560,559,-93.530435436763497,44.077434660989191,24.797984229000001
561,560,-93.530435436763497,44.077395660989190,23.684817844000001
562,561,-93.530435436763497,44.077356660989189,20.937166426000001
563,562,-93.530435436763497,44.077317660989195,17.727777057000001
564,563,-93.530435436763497,44.077278660989194,17.726123174000001
565,564,-93.530435436763497,44.077239660989193,17.560730192000001
566,565,-93.530435436763497,44.077200660989192,21.207268397000000
567,566,-93.530435436763497,44.077161660989191,23.439982096000001
568,567,-93.530435436763497,44.077122660989197,20.629398770000002
569,568,-93.530435436763497,44.077083660989189,17.734404882000000
570,569,-93.530435436763497,44.077044660989195,14.925450484000001
571,570,-93.530435436763497,44.077005660989194,19.063816494000001
572,571,-93.530435436763497,44.076966660989186,20.372320598999998
573,572,-93.530435436763497,44.076927660989192,19.380480025000001
574,573,-93.530435436763497,44.076888660989191,16.619659742000000
575,574,-93.530435436763497,44.076849660989190,14.385857900000000
576,575,-93.530435436763497,44.076810660989189,18.705712000999998
577,576,-93.530396436763510,44.078019660989192,23.300190396000001
578,577,-93.530396436763510,44.077980660989198,21.441312153999998
579,578,-93.530396436763510,44.077941660989190,26.150099860000001
580,579,-93.530396436763510,44.077902660989189,27.116652170999998
581,580,-93.530396436763510,44.077863660989195,25.610193676000002
582,581,-93.530396436763510,44.077824660989201,26.938905716000001
583,582,-93.530396436763510,44.077785660989193,26.142995834000001
584,583,-93.530396436763510,44.077746660989192,25.699165768000000
585,584,-93.530396436763510,44.077707660989184,25.247768614000002
586,585,-93.530396436763510,44.077668660989190,25.958115048000000
587,586,-93.530396436763510,44.077629660989189,26.057183584000001
588,587,-93.530396436763510,44.077590660989195,23.609430313000001
589,588,-93.530396436763510,44.077551660989187,24.193028131999998
590,589,-93.530396436763510,44.077512660989193,25.812351227000001
591,590,-93.530396436763510,44.077473660989192,26.188972261000000
592,591,-93.530396436763510,44.077434660989191,25.297228282999999
593,592,-93.530396436763510,44.077395660989190,24.184162988000001
594,593,-93.530396436763510,44.077356660989189,21.928111393999998
595,594,-93.530396436763510,44.077317660989195,17.905311795999999
596,595,-93.530396436763510,44.077278660989194,18.380079268999999
597,596,-93.530396436763510,44.077239660989193,18.222590975999999
598,597,-93.530396436763510,44.077200660989192,21.315014945000001
599,598,-93.530396436763510,44.077161660989191,23.138670603000001
600,599,-93.530396436763510,44.077122660989197,21.183102502000001
601,600,-93.530396436763510,44.077083660989189,17.851533042000000
602,601,-93.530396436763510,44.077044660989195,15.355625947000000
603,602,-93.530396436763510,44.077005660989194,18.984132766999998
604,603,-93.530396436763510,44.076966660989186,20.050898021999998
605,604,-93.530396436763510,44.076927660989192,19.291749318000001
606,605,-93.530396436763510,44.076888660989191,16.979610018999999
607,606,-93.530396436763510,44.076849660989190,15.102010938999999
608,607,-93.530396436763510,44.076810660989189,18.991254383000001
609,608,-93.530357436763495,44.078019660989192,15.727757348000001
610,609,-93.530357436763495,44.077980660989198,17.493046867000000
611,610,-93.530357436763495,44.077941660989190,26.968883090999999
612,611,-93.530357436763495,44.077902660989189,28.464069366000000
613,612,-93.530357436763495,44.077863660989195,26.343474281999999
614,613,-93.530357436763495,44.077824660989201,26.548042933000001
615,614,-93.530357436763495,44.077785660989193,26.629302025000001
616,615,-93.530357436763495,44.077746660989192,26.161257849999998
617,616,-93.530357436763495,44.077707660989184,24.975934981999998
618,617,-93.530357436763495,44.077668660989190,25.169904073000001
619,618,-93.530357436763495,44.077629660989189,25.633605109000001
620,619,-93.530357436763495,44.077590660989195,23.889210807000001
621,620,-93.530357436763495,44.077551660989187,25.111788432000001
622,621,-93.530357436763495,44.077512660989193,26.580789566000000
623,622,-93.530357436763495,44.077473660989192,26.875459671000002
624,623,-93.530357436763495,44.077434660989191,25.721023135999999
625,624,-93.530357436763495,44.077395660989190,24.553141276000002
626,625,-93.530357436763495,44.077356660989189,23.343392477999998
627,626,-93.530357436763495,44.077317660989195,17.701868905000001
628,627,-93.530357436763495,44.077278660989194,18.790998776999999
629,628,-93.530357436763495,44.077239660989193,19.316735586000000
630,629,-93.530357436763495,44.077200660989192,21.902194341000001
631,630,-93.530357436763495,44.077161660989191,23.370960235999998
632,631,-93.530357436763495,44.077122660989197,21.545573341000001
633,632,-93.530357436763495,44.077083660989189,18.203991783999999
634,633,-93.530357436763495,44.077044660989195,16.979354223000001
635,634,-93.530357436763495,44.077005660989194,19.837667676999999
636,635,-93.530357436763495,44.076966660989186,19.632476383000000
637,636,-93.530357436763495,44.076927660989192,18.960580190000002
638,637,-93.530357436763495,44.076888660989191,18.088346056999999
639,638,-93.530357436763495,44.076849660989190,16.948015530999999
640,639,-93.530357436763495,44.076810660989189,19.980476590999999
641,640,-93.530318436763523,44.078019660989192,12.772116343000000
642,641,-93.530318436763523,44.077980660989198,11.836704572000000
643,642,-93.530318436763523,44.077941660989190,24.573149786999998
644,643,-93.530318436763523,44.077902660989189,29.047780355000000
645,644,-93.530318436763523,44.077863660989195,26.004929437000001
646,645,-93.530318436763523,44.077824660989201,25.757700390000000
647,646,-93.530318436763523,44.077785660989193,26.424452464000002
648,647,-93.530318436763523,44.077746660989192,26.224288517000002
649,648,-93.530318436763523,44.077707660989184,24.600166744999999
650,649,-93.530318436763523,44.077668660989190,24.596140967000000
651,650,-93.530318436763523,44.077629660989189,24.994734657999999
652,651,-93.530318436763523,44.077590660989195,24.120080311999999
653,652,-93.530318436763523,44.077551660989187,25.694216092000001
654,653,-93.530318436763523,44.077512660989193,26.703995810999999
655,654,-93.530318436763523,44.077473660989192,27.162158118000001
656,655,-93.530318436763523,44.077434660989191,26.237773471000001
657,656,-93.530318436763523,44.077395660989190,25.039528316999998
658,657,-93.530318436763523,44.077356660989189,24.458925459000000
659,658,-93.530318436763523,44.077317660989195,18.394172245000000
660,659,-93.530318436763523,44.077278660989194,19.614166577999999
661,660,-93.530318436763523,44.077239660989193,19.908407846999999
662,661,-93.530318436763523,44.077200660989192,22.049494636999999
663,662,-93.530318436763523,44.077161660989191,23.195783827000000
664,663,-93.530318436763523,44.077122660989197,22.208685344999999
665,664,-93.530318436763523,44.077083660989189,19.397158729000001
666,665,-93.530318436763523,44.077044660989195,19.297274906999998
667,666,-93.530318436763523,44.077005660989194,20.650378544999999
668,667,-93.530318436763523,44.076966660989186,19.131525040000000
669,668,-93.530318436763523,44.076927660989192,18.622762044000002
670,669,-93.530318436763523,44.076888660989191,19.291214836999998
671,670,-93.530318436763523,44.076849660989190,19.071438895000000
672,671,-93.530318436763523,44.076810660989189,21.766281339999999
673,672,-93.530279436763493,44.078019660989192,17.329272375999999
674,673,-93.530279436763493,44.077980660989198,13.318020662000000
675,674,-93.530279436763493,44.077941660989190,21.081157684000001
676,675,-93.530279436763493,44.077902660989189,28.746212852999999
677,676,-93.530279436763493,44.077863660989195,25.260626686999998
678,677,-93.530279436763493,44.077824660989201,25.564463932999999
679,678,-93.530279436763493,44.077785660989193,25.749420801999999
680,679,-93.530279436763493,44.077746660989192,25.717574437000000
681,680,-93.530279436763493,44.077707660989184,24.219800525000000
682,681,-93.530279436763493,44.077668660989190,24.915955438000001
683,682,-93.530279436763493,44.077629660989189,25.543273502000002
684,683,-93.530279436763493,44.077590660989195,24.445883220999999
685,684,-93.530279436763493,44.077551660989187,25.678300858000000
686,685,-93.530279436763493,44.077512660989193,26.303133646999999
687,686,-93.530279436763493,44.077473660989192,26.781286452000000
688,687,-93.530279436763493,44.077434660989191,26.092100990999999
689,688,-93.530279436763493,44.077395660989190,24.646365907000000
690,689,-93.530279436763493,44.077356660989189,24.419511794999998
691,690,-93.530279436763493,44.077317660989195,19.830333710000001
692,691,-93.530279436763493,44.077278660989194,21.007506053000000
693,692,-93.530279436763493,44.077239660989193,21.688287099000000
694,693,-93.530279436763493,44.077200660989192,22.748110664999999
695,694,-93.530279436763493,44.077161660989191,23.146573173000000
696,695,-93.530279436763493,44.077122660989197,22.437094371000001
697,696,-93.530279436763493,44.077083660989189,20.633069780000000
698,697,-93.530279436763493,44.077044660989195,20.915000280000001
699,698,-93.530279436763493,44.077005660989194,20.708089827999999
700,699,-93.530279436763493,44.076966660989186,18.462019178999999
701,700,-93.530279436763493,44.076927660989192,18.571346495000000
702,701,-93.530279436763493,44.076888660989191,20.093287574000001
703,702,-93.530279436763493,44.076849660989190,20.177219179000002
704,703,-93.530279436763493,44.076810660989189,23.012439304000001
705,704,-93.530240436763506,44.078019660989192,20.019043816000000
706,705,-93.530240436763506,44.077980660989198,16.743976169000000
707,706,-93.530240436763506,44.077941660989190,21.698384496999999
708,707,-93.530240436763506,44.077902660989189,27.800888485000002
709,708,-93.530240436763506,44.077863660989195,25.695760091000000
710,709,-93.530240436763506,44.077824660989201,26.394971212000002
711,710,-93.530240436763506,44.077785660989193,25.011826197000001
712,711,-93.530240436763506,44.077746660989192,25.300068749000001
713,712,-93.530240436763506,44.077707660989184,24.840804206000001
714,713,-93.530240436763506,44.077668660989190,25.848127153000000
715,714,-93.530240436763506,44.077629660989189,26.409715651999999
716,715,-93.530240436763506,44.077590660989195,24.775084812999999
717,716,-93.530240436763506,44.077551660989187,24.674014726999999
718,717,-93.530240436763506,44.077512660989193,25.362961875000000
719,718,-93.530240436763506,44.077473660989192,26.571723089999999
720,719,-93.530240436763506,44.077434660989191,25.879221386000001
721,720,-93.530240436763506,44.077395660989190,24.074110031000000
722,721,-93.530240436763506,44.077356660989189,24.036514281999999
723,722,-93.530240436763506,44.077317660989195,22.246064080000000
724,723,-93.530240436763506,44.077278660989194,22.615188917000001
725,724,-93.530240436763506,44.077239660989193,23.227548174999999
726,725,-93.530240436763506,44.077200660989192,23.431986067000000
727,726,-93.530240436763506,44.077161660989191,23.561616262000001
728,727,-93.530240436763506,44.077122660989197,22.536954880000000
729,728,-93.530240436763506,44.077083660989189,20.973136478000001
730,729,-93.530240436763506,44.077044660989195,20.714878400000000
731,730,-93.530240436763506,44.077005660989194,19.956734551000000
732,731,-93.530240436763506,44.076966660989186,17.845235401000000
733,732,-93.530240436763506,44.076927660989192,18.431358124999999
734,733,-93.530240436763506,44.076888660989191,20.118721008000001
735,734,-93.530240436763506,44.076849660989190,19.926116308000001
736,735,-93.530240436763506,44.076810660989189,22.665251626000000
737,736,-93.530201436763519,44.078019660989192,17.772860845000000
738,737,-93.530201436763519,44.077980660989198,17.197767893000002
739,738,-93.530201436763519,44.077941660989190,21.541843413999999
740,739,-93.530201436763519,44.077902660989189,26.741511344999999
741,740,-93.530201436763519,44.077863660989195,25.507470448999999
742,741,-93.530201436763519,44.077824660989201,26.570405959999999
743,742,-93.530201436763519,44.077785660989193,24.325447559000001
744,743,-93.530201436763519,44.077746660989192,24.950302124000000
745,744,-93.530201436763519,44.077707660989184,25.883692106000002
746,745,-93.530201436763519,44.077668660989190,25.897962251999999
747,746,-93.530201436763519,44.077629660989189,26.284820557000000
748,747,-93.530201436763519,44.077590660989195,25.231704394000001
749,748,-93.530201436763519,44.077551660989187,24.476525306999999
750,749,-93.530201436763519,44.077512660989193,24.956652958999999
751,750,-93.530201436763519,44.077473660989192,26.135528881999999
752,751,-93.530201436763519,44.077434660989191,25.808298110999999
753,752,-93.530201436763519,44.077395660989190,24.246932665999999
754,753,-93.530201436763519,44.077356660989189,23.935989062000001
755,754,-93.530201436763519,44.077317660989195,24.220061302000001
756,755,-93.530201436763519,44.077278660989194,24.148269175999999
757,756,-93.530201436763519,44.077239660989193,23.238538741999999
758,757,-93.530201436763519,44.077200660989192,23.511167208000000
759,758,-93.530201436763519,44.077161660989191,23.712903341000001
760,759,-93.530201436763519,44.077122660989197,22.989995320999999
761,760,-93.530201436763519,44.077083660989189,20.921154340000001
762,761,-93.530201436763519,44.077044660989195,20.874008179000000
763,762,-93.530201436763519,44.077005660989194,20.039734840000001
764,763,-93.530201436763519,44.076966660989186,18.095617294000000
765,764,-93.530201436763519,44.076927660989192,18.585237185000000
766,765,-93.530201436763519,44.076888660989191,21.248653730000001
767,766,-93.530201436763519,44.076849660989190,20.072266579000001
768,767,-93.530201436763519,44.076810660989189,21.578525225000000
769,768,-93.530162436763504,44.078019660989192,22.882730695999999
770,769,-93.530162436763504,44.077980660989198,19.607944065000002
771,770,-93.530162436763504,44.077941660989190,21.678678407000000
772,771,-93.530162436763504,44.077902660989189,25.967644796999998
773,772,-93.530162436763504,44.077863660989195,25.333839205000000
774,773,-93.530162436763504,44.077824660989201,26.650946299000001
775,774,-93.530162436763504,44.077785660989193,24.328215599000000
776,775,-93.530162436763504,44.077746660989192,24.472831937999999
777,776,-93.530162436763504,44.077707660989184,26.144269306999998
778,777,-93.530162436763504,44.077668660989190,25.412121879000001
779,778,-93.530162436763504,44.077629660989189,25.742990282000001
780,779,-93.530162436763504,44.077590660989195,25.189515856000000
781,780,-93.530162436763504,44.077551660989187,24.182190258999999
782,781,-93.530162436763504,44.077512660989193,24.358796649999999
783,782,-93.530162436763504,44.077473660989192,25.468680276000001
784,783,-93.530162436763504,44.077434660989191,25.710001204000001
785,784,-93.530162436763504,44.077395660989190,24.318904452999998
786,785,-93.530162436763504,44.077356660989189,23.311719259000000
787,786,-93.530162436763504,44.077317660989195,24.966904958000001
788,787,-93.530162436763504,44.077278660989194,25.232224147000000
789,788,-93.530162436763504,44.077239660989193,22.760990991000000
790,789,-93.530162436763504,44.077200660989192,22.899690627999998
791,790,-93.530162436763504,44.077161660989191,23.476619508999999
792,791,-93.530162436763504,44.077122660989197,23.501771291000001
793,792,-93.530162436763504,44.077083660989189,21.037858538999998
794,793,-93.530162436763504,44.077044660989195,21.904156685000000
795,794,-93.530162436763504,44.077005660989194,20.972843170000001
796,795,-93.530162436763504,44.076966660989186,19.003170861000001
797,796,-93.530162436763504,44.076927660989192,19.237418281000000
798,797,-93.530162436763504,44.076888660989191,22.820062425000000
799,798,-93.530162436763504,44.076849660989190,20.406528048999999
800,799,-93.530162436763504,44.076810660989189,20.126138475000001
801,800,-93.530123436763532,44.078019660989192,21.258166843000001
802,801,-93.530123436763532,44.077980660989198,19.461339315000000
803,802,-93.530123436763532,44.077941660989190,21.581093469999999
804,803,-93.530123436763532,44.077902660989189,24.975121816000001
805,804,-93.530123436763532,44.077863660989195,25.357884512999998
806,805,-93.530123436763532,44.077824660989201,26.541051865000000
807,806,-93.530123436763532,44.077785660989193,24.834381421000000
808,807,-93.530123436763532,44.077746660989192,24.238081825999998
809,808,-93.530123436763532,44.077707660989184,25.564373864000000
810,809,-93.530123436763532,44.077668660989190,25.126551734000000
811,810,-93.530123436763532,44.077629660989189,25.680482651999998
812,811,-93.530123436763532,44.077590660989195,24.789605882000000
813,812,-93.530123436763532,44.077551660989187,23.703229904000001
814,813,-93.530123436763532,44.077512660989193,23.519131978000001
815,814,-93.530123436763532,44.077473660989192,24.785302267999999
816,815,-93.530123436763532,44.077434660989191,25.722419950999999
817,816,-93.530123436763532,44.077395660989190,24.565069833999999
818,817,-93.530123436763532,44.077356660989189,22.964823405000001
819,818,-93.530123436763532,44.077317660989195,24.458308962000000
820,819,-93.530123436763532,44.077278660989194,25.515729904000001
821,820,-93.530123436763532,44.077239660989193,22.869780645999999
822,821,-93.530123436763532,44.077200660989192,22.542562909000001
823,822,-93.530123436763532,44.077161660989191,22.633631812000001
824,823,-93.530123436763532,44.077122660989197,23.309771432000002
825,824,-93.530123436763532,44.077083660989189,21.453424242000001
826,825,-93.530123436763532,44.077044660989195,22.972667376000000
827,826,-93.530123436763532,44.077005660989194,21.974067263999999
828,827,-93.530123436763532,44.076966660989186,20.231593874000001
829,828,-93.530123436763532,44.076927660989192,20.170348909000001
830,829,-93.530123436763532,44.076888660989191,22.824709786000000
831,830,-93.530123436763532,44.076849660989190,19.997348150000001
832,831,-93.530123436763532,44.076810660989189,18.928086599000000
833,832,-93.530084436763502,44.078019660989192,17.720480495000000
834,833,-93.530084436763502,44.077980660989198,17.415468640000000
835,834,-93.530084436763502,44.077941660989190,21.142235862000000
836,835,-93.530084436763502,44.077902660989189,23.289510303000000
837,836,-93.530084436763502,44.077863660989195,24.419309192000000
838,837,-93.530084436763502,44.077824660989201,25.686161253000002
839,838,-93.530084436763502,44.077785660989193,24.990629196000000
840,839,-93.530084436763502,44.077746660989192,24.252017551000002
841,840,-93.530084436763502,44.077707660989184,24.405102200000002
842,841,-93.530084436763502,44.077668660989190,24.909774144000000
843,842,-93.530084436763502,44.077629660989189,24.757859547999999
844,843,-93.530084436763502,44.077590660989195,24.204470104999999
845,844,-93.530084436763502,44.077551660989187,23.830984116000000
846,845,-93.530084436763502,44.077512660989193,23.012183930999999
847,846,-93.530084436763502,44.077473660989192,24.477799522000002
848,847,-93.530084436763502,44.077434660989191,26.029852125000001
849,848,-93.530084436763502,44.077395660989190,24.914636187999999
850,849,-93.530084436763502,44.077356660989189,23.224971559000000
851,850,-93.530084436763502,44.077317660989195,23.641040801999999
852,851,-93.530084436763502,44.077278660989194,25.163068136000000
853,852,-93.530084436763502,44.077239660989193,22.480244107000001
854,853,-93.530084436763502,44.077200660989192,22.342672984000000
855,854,-93.530084436763502,44.077161660989191,21.280766592999999
856,855,-93.530084436763502,44.077122660989197,21.779644860000001
857,856,-93.530084436763502,44.077083660989189,21.768309699000000
858,857,-93.530084436763502,44.077044660989195,23.690380414000000
859,858,-93.530084436763502,44.077005660989194,22.150475184000001
860,859,-93.530084436763502,44.076966660989186,22.050275166999999
861,860,-93.530084436763502,44.076927660989192,21.249598609000000
862,861,-93.530084436763502,44.076888660989191,21.266916063000000
863,862,-93.530084436763502,44.076849660989190,19.106192059000001
864,863,-93.530084436763502,44.076810660989189,18.521421009000001
865,864,-93.530045436763515,44.078019660989192,18.677360747000002
866,865,-93.530045436763515,44.077980660989198,15.838225153000000
867,866,-93.530045436763515,44.077941660989190,19.438639641000002
868,867,-93.530045436763515,44.077902660989189,21.218616485999998
869,868,-93.530045436763515,44.077863660989195,23.418405957000001
870,869,-93.530045436763515,44.077824660989201,24.106078254000000
871,870,-93.530045436763515,44.077785660989193,24.687068939000000
872,871,-93.530045436763515,44.077746660989192,23.738798565000000
873,872,-93.530045436763515,44.077707660989184,23.583520464999999
874,873,-93.530045436763515,44.077668660989190,24.216309864999999
875,874,-93.530045436763515,44.077629660989189,25.156984117000000
876,875,-93.530045436763515,44.077590660989195,24.460566838999998
877,876,-93.530045436763515,44.077551660989187,23.583240191000002
878,877,-93.530045436763515,44.077512660989193,22.164111879000000
879,878,-93.530045436763515,44.077473660989192,24.845620897000000
880,879,-93.530045436763515,44.077434660989191,26.653876410999999
881,880,-93.530045436763515,44.077395660989190,24.143251206999999
882,881,-93.530045436763515,44.077356660989189,22.354120466000001
883,882,-93.530045436763515,44.077317660989195,23.534778594999999
884,883,-93.530045436763515,44.077278660989194,25.112346013000000
885,884,-93.530045436763515,44.077239660989193,21.327358034000000
886,885,-93.530045436763515,44.077200660989192,21.318197038000001
887,886,-93.530045436763515,44.077161660989191,19.731134415000000
888,887,-93.530045436763515,44.077122660989197,20.518240611000000
889,888,-93.530045436763515,44.077083660989189,21.741221958000001
890,889,-93.530045436763515,44.077044660989195,23.610994975000001
891,890,-93.530045436763515,44.077005660989194,21.949455897000000
892,891,-93.530045436763515,44.076966660989186,22.747954898000000
893,892,-93.530045436763515,44.076927660989192,21.256677203999999
894,893,-93.530045436763515,44.076888660989191,19.819427489999999
895,894,-93.530045436763515,44.076849660989190,17.782458411000000
896,895,-93.530045436763515,44.076810660989189,16.556620173999999
897,896,-93.530006436763500,44.078019660989192,18.868215561000000
898,897,-93.530006436763500,44.077980660989198,13.932572417999999
899,898,-93.530006436763500,44.077941660989190,16.576603994999999
900,899,-93.530006436763500,44.077902660989189,19.999861399000000
901,900,-93.530006436763500,44.077863660989195,23.847802479999999
902,901,-93.530006436763500,44.077824660989201,22.276354472000001
903,902,-93.530006436763500,44.077785660989193,24.497183482000001
904,903,-93.530006436763500,44.077746660989192,22.619627423000001
905,904,-93.530006436763500,44.077707660989184,23.402634938999999
906,905,-93.530006436763500,44.077668660989190,22.936582989000001
907,906,-93.530006436763500,44.077629660989189,24.265632628999999
908,907,-93.530006436763500,44.077590660989195,23.645906235999998
909,908,-93.530006436763500,44.077551660989187,22.674265861999999
910,909,-93.530006436763500,44.077512660989193,21.071848762999998
911,910,-93.530006436763500,44.077473660989192,24.311054018000000
912,911,-93.530006436763500,44.077434660989191,25.604660882000001
913,912,-93.530006436763500,44.077395660989190,21.485294130000000
914,913,-93.530006436763500,44.077356660989189,21.068238575999999
915,914,-93.530006436763500,44.077317660989195,22.889032576000002
916,915,-93.530006436763500,44.077278660989194,24.648422877000002
917,916,-93.530006436763500,44.077239660989193,20.106306711999999
918,917,-93.530006436763500,44.077200660989192,19.579592174999998
919,918,-93.530006436763500,44.077161660989191,19.170734829000001
920,919,-93.530006436763500,44.077122660989197,20.219932979999999
921,920,-93.530006436763500,44.077083660989189,20.929502275000001
922,921,-93.530006436763500,44.077044660989195,22.920631408999999
923,922,-93.530006436763500,44.077005660989194,21.073334163999998
924,923,-93.530006436763500,44.076966660989186,21.315160539000001
925,924,-93.530006436763500,44.076927660989192,19.788160959999999
926,925,-93.530006436763500,44.076888660989191,18.850462384000000
927,926,-93.530006436763500,44.076849660989190,16.133552127000002
928,927,-93.530006436763500,44.076810660989189,12.321660253999999
929,928,-93.529967436763513,44.078019660989192,20.197082519999999
930,929,-93.529967436763513,44.077980660989198,13.171546221000000
931,930,-93.529967436763513,44.077941660989190,13.722756465000000
932,931,-93.529967436763513,44.077902660989189,18.532836595999999
933,932,-93.529967436763513,44.077863660989195,22.480637231999999
934,933,-93.529967436763513,44.077824660989201,20.342478115999999
935,934,-93.529967436763513,44.077785660989193,23.880445003999998
936,935,-93.529967436763513,44.077746660989192,21.016606013000001
937,936,-93.529967436763513,44.077707660989184,22.012937227999998
938,937,-93.529967436763513,44.077668660989190,20.889545440999999
939,938,-93.529967436763513,44.077629660989189,22.028684616000000
940,939,-93.529967436763513,44.077590660989195,21.052240690000001
941,940,-93.529967436763513,44.077551660989187,20.819376944999998
942,941,-93.529967436763513,44.077512660989193,19.770636240999998
943,942,-93.529967436763513,44.077473660989192,22.278218904999999
944,943,-93.529967436763513,44.077434660989191,23.300673166999999
945,944,-93.529967436763513,44.077395660989190,19.393238703000002
946,945,-93.529967436763513,44.077356660989189,19.902193387000001
947,946,-93.529967436763513,44.077317660989195,21.367635091000000
948,947,-93.529967436763513,44.077278660989194,23.414264201999998
949,948,-93.529967436763513,44.077239660989193,19.406235694999999
950,949,-93.529967436763513,44.077200660989192,18.304140091000001
951,950,-93.529967436763513,44.077161660989191,18.596337953999999
952,951,-93.529967436763513,44.077122660989197,19.349363009000001
953,952,-93.529967436763513,44.077083660989189,19.132017771000001
954,953,-93.529967436763513,44.077044660989195,20.770183563000000
955,954,-93.529967436763513,44.077005660989194,19.240415254999998
956,955,-93.529967436763513,44.076966660989186,19.237533569000000
957,956,-93.529967436763513,44.076927660989192,18.080798467000001
958,957,-93.529967436763513,44.076888660989191,17.748940149999999
959,958,-93.529967436763513,44.076849660989190,14.998836676000000
960,959,-93.529967436763513,44.076810660989189,10.361149311000000
961,960,-93.529928436763498,44.078019660989192,21.352025350000002
962,961,-93.529928436763498,44.077980660989198,13.012801064000000
963,962,-93.529928436763498,44.077941660989190,9.389128128999999
964,963,-93.529928436763498,44.077902660989189,15.107019212999999
965,964,-93.529928436763498,44.077863660989195,17.968744489999999
966,965,-93.529928436763498,44.077824660989201,16.316274643000000
967,966,-93.529928436763498,44.077785660989193,19.477966626000001
968,967,-93.529928436763498,44.077746660989192,17.552865875999998
969,968,-93.529928436763498,44.077707660989184,18.494352552999999
970,969,-93.529928436763498,44.077668660989190,17.225737995999999
971,970,-93.529928436763498,44.077629660989189,17.226685417999999
972,971,-93.529928436763498,44.077590660989195,16.707229932000001
973,972,-93.529928436763498,44.077551660989187,17.499617259000001
974,973,-93.529928436763498,44.077512660989193,16.847821236000001
975,974,-93.529928436763498,44.077473660989192,17.550558513999999
976,975,-93.529928436763498,44.077434660989191,18.546276939999998
977,976,-93.529928436763498,44.077395660989190,17.680229186999998
978,977,-93.529928436763498,44.077356660989189,18.004614300000000
979,978,-93.529928436763498,44.077317660989195,18.552500195000000
980,979,-93.529928436763498,44.077278660989194,19.886352856999999
981,980,-93.529928436763498,44.077239660989193,17.849860085000000
982,981,-93.529928436763498,44.077200660989192,17.167439566999999
983,982,-93.529928436763498,44.077161660989191,16.613354788999999
984,983,-93.529928436763498,44.077122660989197,16.687960943000000
985,984,-93.529928436763498,44.077083660989189,16.325405651000001
986,985,-93.529928436763498,44.077044660989195,15.880725225000001
987,986,-93.529928436763498,44.077005660989194,16.413144006000000
988,987,-93.529928436763498,44.076966660989186,16.791009267000000
989,988,-93.529928436763498,44.076927660989192,16.590968556000000
990,989,-93.529928436763498,44.076888660989191,15.132012473000000
991,990,-93.529928436763498,44.076849660989190,13.404474152000001
992,991,-93.529928436763498,44.076810660989189,11.230784204000001
993,992,-93.529889436763497,44.078019660989192,19.569761805999999
994,993,-93.529889436763497,44.077980660989198,12.159239662999999
995,994,-93.529889436763497,44.077941660989190,8.637370110000001
996,995,-93.529889436763497,44.077902660989189,12.373847432000000
997,996,-93.529889436763497,44.077863660989195,15.288504601000000
998,997,-93.529889436763497,44.077824660989201,14.941593700000000
999,998,-93.529889436763497,44.077785660989193,16.896544139000000
1000,999,-93.529889436763497,44.077746660989192,17.781073782000000
1001,1000,-93.529889436763497,44.077707660989184,21.049883736999998
1002,1001,-93.529889436763497,44.077668660989190,18.681681951000002
1003,1002,-93.529889436763497,44.077629660989189,20.433314217000000
1004,1003,-93.529889436763497,44.077590660989195,16.919263416000000
1005,1004,-93.529889436763497,44.077551660989187,18.167485714000001
1006,1005,-93.529889436763497,44.077512660989193,17.542175504999999
1007,1006,-93.529889436763497,44.077473660989192,16.288088057000000
1008,1007,-93.529889436763497,44.077434660989191,18.187669754000002
1009,1008,-93.529889436763497,44.077395660989190,19.354290643999999
1010,1009,-93.529889436763497,44.077356660989189,19.610613186999998
1011,1010,-93.529889436763497,44.077317660989195,18.567378680000001
1012,1011,-93.529889436763497,44.077278660989194,20.462340991000001
1013,1012,-93.529889436763497,44.077239660989193,19.786763721000000
1014,1013,-93.529889436763497,44.077200660989192,21.300212647999999
1015,1014,-93.529889436763497,44.077161660989191,18.497096062000001
1016,1015,-93.529889436763497,44.077122660989197,19.242122861999999
1017,1016,-93.529889436763497,44.077083660989189,17.166249593000000
1018,1017,-93.529889436763497,44.077044660989195,17.147178967999999
1019,1018,-93.529889436763497,44.077005660989194,15.325345357000000
1020,1019,-93.529889436763497,44.076966660989186,19.566529804000002
1021,1020,-93.529889436763497,44.076927660989192,18.296576924000000
1022,1021,-93.529889436763497,44.076888660989191,15.837474293000000
1023,1022,-93.529889436763497,44.076849660989190,13.140946070000000
1024,1023,-93.529889436763497,44.076810660989189,14.129212485000000
1025,1024,-93.529850436763496,44.078019660989192,17.420985752000000
1026,1025,-93.529850436763496,44.077980660989198,12.484481388000001
1027,1026,-93.529850436763496,44.077941660989190,11.860027736999999
1028,1027,-93.529850436763496,44.077902660989189,13.391510857000000
1029,1028,-93.529850436763496,44.077863660989195,17.136523353000001
1030,1029,-93.529850436763496,44.077824660989201,22.019535064999999
1031,1030,-93.529850436763496,44.077785660989193,23.569967905999999
1032,1031,-93.529850436763496,44.077746660989192,23.538179398000000
1033,1032,-93.529850436763496,44.077707660989184,23.402551015000000
1034,1033,-93.529850436763496,44.077668660989190,23.197048822999999
1035,1034,-93.529850436763496,44.077629660989189,23.915859858000001
1036,1035,-93.529850436763496,44.077590660989195,23.464026133000001
1037,1036,-93.529850436763496,44.077551660989187,22.574424107999999
1038,1037,-93.529850436763496,44.077512660989193,21.853394189999999
1039,1038,-93.529850436763496,44.077473660989192,21.430863486000000
1040,1039,-93.529850436763496,44.077434660989191,22.778452979000001
1041,1040,-93.529850436763496,44.077395660989190,23.498044967999999
1042,1041,-93.529850436763496,44.077356660989189,23.013428370000000
1043,1042,-93.529850436763496,44.077317660989195,22.597838295999999
1044,1043,-93.529850436763496,44.077278660989194,22.793864568000000
1045,1044,-93.529850436763496,44.077239660989193,23.535345077999999
1046,1045,-93.529850436763496,44.077200660989192,23.675314161999999
1047,1046,-93.529850436763496,44.077161660989191,23.020149019000002
1048,1047,-93.529850436763496,44.077122660989197,22.613940345000000
1049,1048,-93.529850436763496,44.077083660989189,22.281524445999999
1050,1049,-93.529850436763496,44.077044660989195,21.659987768000001
1051,1050,-93.529850436763496,44.077005660989194,21.523852666000000
1052,1051,-93.529850436763496,44.076966660989186,22.901732975000002
1053,1052,-93.529850436763496,44.076927660989192,22.720043394000001
1054,1053,-93.529850436763496,44.076888660989191,19.475913154000001
1055,1054,-93.529850436763496,44.076849660989190,14.258085357000001
1056,1055,-93.529850436763496,44.076810660989189,11.443881565000000
1057,1056,-93.529811436763509,44.078019660989192,16.308929548999998
1058,1057,-93.529811436763509,44.077980660989198,11.728811582000001
1059,1058,-93.529811436763509,44.077941660989190,16.770855374000000
1060,1059,-93.529811436763509,44.077902660989189,20.395529429000000
1061,1060,-93.529811436763509,44.077863660989195,23.082734425999998
1062,1061,-93.529811436763509,44.077824660989201,24.200329250999999
1063,1062,-93.529811436763509,44.077785660989193,21.322465578999999
1064,1063,-93.529811436763509,44.077746660989192,24.750754885999999
1065,1064,-93.529811436763509,44.077707660989184,24.676506254000000
1066,1065,-93.529811436763509,44.077668660989190,24.012776057000000
1067,1066,-93.529811436763509,44.077629660989189,24.571396298000000
1068,1067,-93.529811436763509,44.077590660989195,24.893605974000000
1069,1068,-93.529811436763509,44.077551660989187,24.133103688999999
1070,1069,-93.529811436763509,44.077512660989193,22.766510646000000
1071,1070,-93.529811436763509,44.077473660989192,22.725108465000002
1072,1071,-93.529811436763509,44.077434660989191,23.144358104999998
1073,1072,-93.529811436763509,44.077395660989190,23.376181920000001
1074,1073,-93.529811436763509,44.077356660989189,22.645791160000002
1075,1074,-93.529811436763509,44.077317660989195,22.454729715999999
1076,1075,-93.529811436763509,44.077278660989194,21.124905903999998
1077,1076,-93.529811436763509,44.077239660989193,21.176432927000000
1078,1077,-93.529811436763509,44.077200660989192,21.197607676000001
1079,1078,-93.529811436763509,44.077161660989191,20.597310384000000
1080,1079,-93.529811436763509,44.077122660989197,20.217993417999999
1081,1080,-93.529811436763509,44.077083660989189,20.119588004000001
1082,1081,-93.529811436763509,44.077044660989195,20.886770248000001
1083,1082,-93.529811436763509,44.077005660989194,21.969863044000000
1084,1083,-93.529811436763509,44.076966660989186,20.832269244999999
1085,1084,-93.529811436763509,44.076927660989192,18.503449969999998
1086,1085,-93.529811436763509,44.076888660989191,16.125614165999998
1087,1086,-93.529811436763509,44.076849660989190,13.049622535999999
1088,1087,-93.529811436763509,44.076810660989189,11.989528868000001
1089,1088,-93.529772436763508,44.078019660989192,12.265267266000000
1090,1089,-93.529772436763508,44.077980660989198,9.269946687999999
1091,1090,-93.529772436763508,44.077941660989190,22.483537462000001
1092,1091,-93.529772436763508,44.077902660989189,27.108026928000001
1093,1092,-93.529772436763508,44.077863660989195,27.332347658000000
1094,1093,-93.529772436763508,44.077824660989201,26.415857527000000
1095,1094,-93.529772436763508,44.077785660989193,25.461589494999998
1096,1095,-93.529772436763508,44.077746660989192,26.443459192999999
1097,1096,-93.529772436763508,44.077707660989184,26.947924296000000
1098,1097,-93.529772436763508,44.077668660989190,26.756601756999999
1099,1098,-93.529772436763508,44.077629660989189,26.831276364000001
1100,1099,-93.529772436763508,44.077590660989195,26.192447661999999
1101,1100,-93.529772436763508,44.077551660989187,25.310143471000000
1102,1101,-93.529772436763508,44.077512660989193,24.715391794999999
1103,1102,-93.529772436763508,44.077473660989192,24.099219003999998
1104,1103,-93.529772436763508,44.077434660989191,25.292628394000001
1105,1104,-93.529772436763508,44.077395660989190,26.670472039000000
1106,1105,-93.529772436763508,44.077356660989189,25.495591481999998
1107,1106,-93.529772436763508,44.077317660989195,23.719919629000000
1108,1107,-93.529772436763508,44.077278660989194,23.197041194000001
1109,1108,-93.529772436763508,44.077239660989193,23.021933449999999
1110,1109,-93.529772436763508,44.077200660989192,22.645411173999999
1111,1110,-93.529772436763508,44.077161660989191,20.484651777000000
1112,1111,-93.529772436763508,44.077122660989197,20.434680727000000
1113,1112,-93.529772436763508,44.077083660989189,21.658117930000000
1114,1113,-93.529772436763508,44.077044660989195,21.839357375999999
1115,1114,-93.529772436763508,44.077005660989194,21.120457331000001
1116,1115,-93.529772436763508,44.076966660989186,19.646482679999998
1117,1116,-93.529772436763508,44.076927660989192,17.307980431000001
1118,1117,-93.529772436763508,44.076888660989191,14.668069733999999
1119,1118,-93.529772436763508,44.076849660989190,12.299451403999999
1120,1119,-93.529772436763508,44.076810660989189,11.275433116000000
