OID_,FID,X,Y,Extract_GALa_Crop_Flw_V
1,0,-93.531098436763500,44.078019660989192,1280.633490667999922
2,1,-93.531098436763500,44.077980660989198,1443.258694118999983
3,2,-93.531098436763500,44.077941660989190,1521.806084526999939
4,3,-93.531098436763500,44.077902660989189,1524.881429036000100
5,4,-93.531098436763500,44.077863660989195,1567.327528212000061
6,5,-93.531098436763500,44.077824660989201,1595.602471246000050
7,6,-93.531098436763500,44.077785660989193,1514.806620280000061
8,7,-93.531098436763500,44.077746660989192,1443.875257703999978
9,8,-93.531098436763500,44.077707660989184,1508.230862088000094
10,9,-93.531098436763500,44.077668660989190,1469.352308485000094
11,10,-93.531098436763500,44.077629660989189,1447.994669595999994
12,11,-93.531098436763500,44.077590660989195,1256.257459852000011
13,12,-93.531098436763500,44.077551660989187,1052.579956054999911
14,13,-93.531098436763500,44.077512660989193,1172.516140407999956
15,14,-93.531098436763500,44.077473660989192,1370.534478082000078
16,15,-93.531098436763500,44.077434660989191,1547.758232963999944
17,16,-93.531098436763500,44.077395660989190,1634.879340277999972
18,17,-93.531098436763500,44.077356660989189,1586.329155815999911
19,18,-93.531098436763500,44.077317660989195,1535.008138020999922
20,19,-93.531098436763500,44.077278660989194,1544.136474609000061
21,20,-93.531098436763500,44.077239660989193,1407.088826496999900
22,21,-93.531098436763500,44.077200660989192,1413.145874023000033
23,22,-93.531098436763500,44.077161660989191,1383.975653753999950
24,23,-93.531098436763500,44.077122660989197,1137.506157769000083
25,24,-93.531098436763500,44.077083660989189,1219.686916775000100
26,25,-93.531098436763500,44.077044660989195,1350.576253254999983
27,26,-93.531098436763500,44.077005660989194,1357.935804578999978
28,27,-93.531098436763500,44.076966660989186,1180.554307725999934
29,28,-93.531098436763500,44.076927660989192,1238.059488932000022
30,29,-93.531098436763500,44.076888660989191,1229.201538086000028
31,30,-93.531098436763500,44.076849660989190,1128.803385417000072
32,31,-93.531098436763500,44.076810660989189,1094.844563802000039
33,32,-93.531059436763513,44.078019660989192,1394.794420030000083
34,33,-93.531059436763513,44.077980660989198,1532.824218750000000
35,34,-93.531059436763513,44.077941660989190,1606.543619792000072
36,35,-93.531059436763513,44.077902660989189,1532.005615234000061
37,36,-93.531059436763513,44.077863660989195,1500.167751735999900
38,37,-93.531059436763513,44.077824660989201,1589.309014213999944
39,38,-93.531059436763513,44.077785660989193,1517.650777180999967
40,39,-93.531059436763513,44.077746660989192,1402.321953668000106
41,40,-93.531059436763513,44.077707660989184,1440.068535698999995
42,41,-93.531059436763513,44.077668660989190,1448.324462890999939
43,42,-93.531059436763513,44.077629660989189,1420.463650173999895
44,43,-93.531059436763513,44.077590660989195,1148.472473145000095
45,44,-93.531059436763513,44.077551660989187,970.008076985999992
46,45,-93.531059436763513,44.077512660989193,1134.321384006000017
47,46,-93.531059436763513,44.077473660989192,1413.539510091000011
48,47,-93.531059436763513,44.077434660989191,1591.192030165000006
49,48,-93.531059436763513,44.077395660989190,1662.298570421000022
50,49,-93.531059436763513,44.077356660989189,1637.149454753000100
51,50,-93.531059436763513,44.077317660989195,1567.293986003000100
52,51,-93.531059436763513,44.077278660989194,1524.070048013999894
53,52,-93.531059436763513,44.077239660989193,1379.957573785000022
54,53,-93.531059436763513,44.077200660989192,1430.987494575000028
55,54,-93.531059436763513,44.077161660989191,1359.429958767000016
56,55,-93.531059436763513,44.077122660989197,1120.637546115000077
57,56,-93.531059436763513,44.077083660989189,1230.391777886000000
58,57,-93.531059436763513,44.077044660989195,1292.690633138000067
59,58,-93.531059436763513,44.077005660989194,1290.116238064000072
60,59,-93.531059436763513,44.076966660989186,1158.209689669999989
61,60,-93.531059436763513,44.076927660989192,1201.676093206999894
62,61,-93.531059436763513,44.076888660989191,1214.044962565000105
63,62,-93.531059436763513,44.076849660989190,1112.035468206999894
64,63,-93.531059436763513,44.076810660989189,1083.020860459999994
65,64,-93.531020436763498,44.078019660989192,1493.226453992999950
66,65,-93.531020436763498,44.077980660989198,1555.935682508999889
67,66,-93.531020436763498,44.077941660989190,1598.460639105999917
68,67,-93.531020436763498,44.077902660989189,1554.995700411999906
69,68,-93.531020436763498,44.077863660989195,1483.332722981999950
70,69,-93.531020436763498,44.077824660989201,1533.005683051000005
71,70,-93.531020436763498,44.077785660989193,1502.530721029000006
72,71,-93.531020436763498,44.077746660989192,1394.171264648000033
73,72,-93.531020436763498,44.077707660989184,1387.511067707999928
74,73,-93.531020436763498,44.077668660989190,1417.641370985000094
75,74,-93.531020436763498,44.077629660989189,1358.250623915000006
76,75,-93.531020436763498,44.077590660989195,1046.707912868999983
77,76,-93.531020436763498,44.077551660989187,929.742584229000045
78,77,-93.531020436763498,44.077512660989193,1127.820366752999917
79,78,-93.531020436763498,44.077473660989192,1456.948757594999961
80,79,-93.531020436763498,44.077434660989191,1634.140096029000006
81,80,-93.531020436763498,44.077395660989190,1679.454237195999895
82,81,-93.531020436763498,44.077356660989189,1657.772311740000077
83,82,-93.531020436763498,44.077317660989195,1541.947319877999917
84,83,-93.531020436763498,44.077278660989194,1469.682596842000066
85,84,-93.531020436763498,44.077239660989193,1354.511718750000000
86,85,-93.531020436763498,44.077200660989192,1384.567084417999922
87,86,-93.531020436763498,44.077161660989191,1347.368408202999944
88,87,-93.531020436763498,44.077122660989197,1160.891805013000067
89,88,-93.531020436763498,44.077083660989189,1228.851535372999933
90,89,-93.531020436763498,44.077044660989195,1235.770406087000083
91,90,-93.531020436763498,44.077005660989194,1224.200398763000067
92,91,-93.531020436763498,44.076966660989186,1120.828789605000111
93,92,-93.531020436763498,44.076927660989192,1192.216172959999994
94,93,-93.531020436763498,44.076888660989191,1212.014906140999983
95,94,-93.531020436763498,44.076849660989190,1097.762478298999895
96,95,-93.531020436763498,44.076810660989189,1055.064561632000050
97,96,-93.530981436763511,44.078019660989192,1532.758402507000028
98,97,-93.530981436763511,44.077980660989198,1570.474019367999972
99,98,-93.530981436763511,44.077941660989190,1574.850138345999994
100,99,-93.530981436763511,44.077902660989189,1568.304402668999955
101,100,-93.530981436763511,44.077863660989195,1506.391174315999933
102,101,-93.530981436763511,44.077824660989201,1483.217773437999995
103,102,-93.530981436763511,44.077785660989193,1464.508728026999961
104,103,-93.530981436763511,44.077746660989192,1372.953959146999978
105,104,-93.530981436763511,44.077707660989184,1383.237467447999961
106,105,-93.530981436763511,44.077668660989190,1410.290100098000039
107,106,-93.530981436763511,44.077629660989189,1317.046529133999911
108,107,-93.530981436763511,44.077590660989195,983.521687825999948
109,108,-93.530981436763511,44.077551660989187,919.240295410000044
110,109,-93.530981436763511,44.077512660989193,1193.522135417000072
111,110,-93.530981436763511,44.077473660989192,1507.509419758999911
112,111,-93.530981436763511,44.077434660989191,1644.072062173999939
113,112,-93.530981436763511,44.077395660989190,1677.704528809000067
114,113,-93.530981436763511,44.077356660989189,1635.568603515999939
115,114,-93.530981436763511,44.077317660989195,1475.337443033999989
116,115,-93.530981436763511,44.077278660989194,1393.870239258000083
117,116,-93.530981436763511,44.077239660989193,1318.053100586000028
118,117,-93.530981436763511,44.077200660989192,1338.369812012000011
119,118,-93.530981436763511,44.077161660989191,1379.031066895000095
120,119,-93.530981436763511,44.077122660989197,1224.438130696999906
121,120,-93.530981436763511,44.077083660989189,1187.861022949000017
122,121,-93.530981436763511,44.077044660989195,1199.995971679999911
123,122,-93.530981436763511,44.077005660989194,1198.024108887000011
124,123,-93.530981436763511,44.076966660989186,1091.862447103000022
125,124,-93.530981436763511,44.076927660989192,1210.062459309999895
126,125,-93.530981436763511,44.076888660989191,1228.364420572999961
127,126,-93.530981436763511,44.076849660989190,1081.925028483000006
128,127,-93.530981436763511,44.076810660989189,991.770477294999978
129,128,-93.530942436763510,44.078019660989192,1564.644110786000056
130,129,-93.530942436763510,44.077980660989198,1610.874891492999950
131,130,-93.530942436763510,44.077941660989190,1580.406561956999894
132,131,-93.530942436763510,44.077902660989189,1587.753078884999923
133,132,-93.530942436763510,44.077863660989195,1530.534505207999928
134,133,-93.530942436763510,44.077824660989201,1465.134277344000111
135,134,-93.530942436763510,44.077785660989193,1428.458353678000094
136,135,-93.530942436763510,44.077746660989192,1351.743557400000100
137,136,-93.530942436763510,44.077707660989184,1393.959988064000072
138,137,-93.530942436763510,44.077668660989190,1416.437472872999933
139,138,-93.530942436763510,44.077629660989189,1325.943183051000005
140,139,-93.530942436763510,44.077590660989195,1019.841261121999992
141,140,-93.530942436763510,44.077551660989187,959.652689615999975
142,141,-93.530942436763510,44.077512660989193,1331.866672092000044
143,142,-93.530942436763510,44.077473660989192,1607.209716797000056
144,143,-93.530942436763510,44.077434660989191,1659.117024740000033
145,144,-93.530942436763510,44.077395660989190,1648.468994140999939
146,145,-93.530942436763510,44.077356660989189,1570.110500759999923
147,146,-93.530942436763510,44.077317660989195,1425.636366102000011
148,147,-93.530942436763510,44.077278660989194,1359.024393717000066
149,148,-93.530942436763510,44.077239660989193,1311.827243381000017
150,149,-93.530942436763510,44.077200660989192,1348.142469617999950
151,150,-93.530942436763510,44.077161660989191,1412.910902235000094
152,151,-93.530942436763510,44.077122660989197,1238.810099283999989
153,152,-93.530942436763510,44.077083660989189,1140.312093099000094
154,153,-93.530942436763510,44.077044660989195,1188.437296548999939
155,154,-93.530942436763510,44.077005660989194,1207.604560003999950
156,155,-93.530942436763510,44.076966660989186,1113.458713107999984
157,156,-93.530942436763510,44.076927660989192,1252.261596679999911
158,157,-93.530942436763510,44.076888660989191,1232.880859375000000
159,158,-93.530942436763510,44.076849660989190,1040.349005804999933
160,159,-93.530942436763510,44.076810660989189,893.517544217000022
161,160,-93.530903436763509,44.078019660989192,1589.698893229000078
162,161,-93.530903436763509,44.077980660989198,1637.010986327999944
163,162,-93.530903436763509,44.077941660989190,1596.430311415000006
164,163,-93.530903436763509,44.077902660989189,1607.072699652999972
165,164,-93.530903436763509,44.077863660989195,1530.148410372999933
166,165,-93.530903436763509,44.077824660989201,1459.273003472000028
167,166,-93.530903436763509,44.077785660989193,1428.096883138000067
168,167,-93.530903436763509,44.077746660989192,1375.439832899000066
169,168,-93.530903436763509,44.077707660989184,1435.670559353000044
170,169,-93.530903436763509,44.077668660989190,1456.832343206999894
171,170,-93.530903436763509,44.077629660989189,1423.560791015999939
172,171,-93.530903436763509,44.077590660989195,1262.090196397999989
173,172,-93.530903436763509,44.077551660989187,1145.935363770000095
174,173,-93.530903436763509,44.077512660989193,1489.388264974000094
175,174,-93.530903436763509,44.077473660989192,1721.020426432000022
176,175,-93.530903436763509,44.077434660989191,1668.200005424999972
177,176,-93.530903436763509,44.077395660989190,1606.485799154000006
178,177,-93.530903436763509,44.077356660989189,1502.687133788999972
179,178,-93.530903436763509,44.077317660989195,1464.946573893000050
180,179,-93.530903436763509,44.077278660989194,1417.530171712000083
181,180,-93.530903436763509,44.077239660989193,1396.623589410000022
182,181,-93.530903436763509,44.077200660989192,1393.211330838000094
183,182,-93.530903436763509,44.077161660989191,1393.115044487999967
184,183,-93.530903436763509,44.077122660989197,1213.576538086000028
185,184,-93.530903436763509,44.077083660989189,1102.524332682000022
186,185,-93.530903436763509,44.077044660989195,1183.448994954000000
187,186,-93.530903436763509,44.077005660989194,1274.712849934999895
188,187,-93.530903436763509,44.076966660989186,1191.277940537999939
189,188,-93.530903436763509,44.076927660989192,1266.202731661999906
190,189,-93.530903436763509,44.076888660989191,1218.897935655000083
191,190,-93.530903436763509,44.076849660989190,969.228285047999975
192,191,-93.530903436763509,44.076810660989189,792.197801378000008
193,192,-93.530864436763494,44.078019660989192,1583.147189669999989
194,193,-93.530864436763494,44.077980660989198,1604.179768879999983
195,194,-93.530864436763494,44.077941660989190,1608.869574652999972
196,195,-93.530864436763494,44.077902660989189,1610.141045463999944
197,196,-93.530864436763494,44.077863660989195,1512.170613606999950
198,197,-93.530864436763494,44.077824660989201,1451.262668185999928
199,198,-93.530864436763494,44.077785660989193,1469.509399413999972
200,199,-93.530864436763494,44.077746660989192,1420.063652886000000
201,200,-93.530864436763494,44.077707660989184,1464.151299371000050
202,201,-93.530864436763494,44.077668660989190,1516.998304578999978
203,202,-93.530864436763494,44.077629660989189,1540.372762043999955
204,203,-93.530864436763494,44.077590660989195,1474.776882594999961
205,204,-93.530864436763494,44.077551660989187,1395.538879395000095
206,205,-93.530864436763494,44.077512660989193,1603.592678493999983
207,206,-93.530864436763494,44.077473660989192,1760.324205186999961
208,207,-93.530864436763494,44.077434660989191,1644.626437717000044
209,208,-93.530864436763494,44.077395660989190,1573.329332139999906
210,209,-93.530864436763494,44.077356660989189,1495.479234484000017
211,210,-93.530864436763494,44.077317660989195,1524.389879014999906
212,211,-93.530864436763494,44.077278660989194,1499.739725748999945
213,212,-93.530864436763494,44.077239660989193,1489.296508788999972
214,213,-93.530864436763494,44.077200660989192,1433.527574326999911
215,214,-93.530864436763494,44.077161660989191,1362.035576713999944
216,215,-93.530864436763494,44.077122660989197,1202.398084852000011
217,216,-93.530864436763494,44.077083660989189,1079.756144206000045
218,217,-93.530864436763494,44.077044660989195,1190.201558430999967
219,218,-93.530864436763494,44.077005660989194,1393.537055122000083
220,219,-93.530864436763494,44.076966660989186,1279.460869683000055
221,220,-93.530864436763494,44.076927660989192,1225.237901475999934
222,221,-93.530864436763494,44.076888660989191,1205.932264540000006
223,222,-93.530864436763494,44.076849660989190,923.837232802000017
224,223,-93.530864436763494,44.076810660989189,748.498440212999981
225,224,-93.530825436763507,44.078019660989192,1571.777669270999922
226,225,-93.530825436763507,44.077980660989198,1534.712809245000017
227,226,-93.530825436763507,44.077941660989190,1569.170016819000011
228,227,-93.530825436763507,44.077902660989189,1572.843587240000033
229,228,-93.530825436763507,44.077863660989195,1484.985446506000017
230,229,-93.530825436763507,44.077824660989201,1434.433173286000056
231,230,-93.530825436763507,44.077785660989193,1474.521525065000105
232,231,-93.530825436763507,44.077746660989192,1409.363159179999911
233,232,-93.530825436763507,44.077707660989184,1463.816487629999983
234,233,-93.530825436763507,44.077668660989190,1548.250284831000045
235,234,-93.530825436763507,44.077629660989189,1602.455417208999961
236,235,-93.530825436763507,44.077590660989195,1548.415459526999939
237,236,-93.530825436763507,44.077551660989187,1502.844319661000100
238,237,-93.530825436763507,44.077512660989193,1628.284586588999900
239,238,-93.530825436763507,44.077473660989192,1714.333550347000028
240,239,-93.530825436763507,44.077434660989191,1610.315348307000022
241,240,-93.530825436763507,44.077395660989190,1570.325507269999889
242,241,-93.530825436763507,44.077356660989189,1534.360093859000017
243,242,-93.530825436763507,44.077317660989195,1536.682807075000028
244,243,-93.530825436763507,44.077278660989194,1537.247985839999956
245,244,-93.530825436763507,44.077239660989193,1506.320231120000017
246,245,-93.530825436763507,44.077200660989192,1431.487114799999972
247,246,-93.530825436763507,44.077161660989191,1356.095675997999933
248,247,-93.530825436763507,44.077122660989197,1248.816053602000011
249,248,-93.530825436763507,44.077083660989189,1074.923773872000083
250,249,-93.530825436763507,44.077044660989195,1174.735616048000111
251,250,-93.530825436763507,44.077005660989194,1442.800265842000044
252,251,-93.530825436763507,44.076966660989186,1344.606255424999972
253,252,-93.530825436763507,44.076927660989192,1218.411824543999955
254,253,-93.530825436763507,44.076888660989191,1184.048923069000011
255,254,-93.530825436763507,44.076849660989190,894.140821669000047
256,255,-93.530825436763507,44.076810660989189,734.599372015999961
257,256,-93.530786436763520,44.078019660989192,1568.114881727000011
258,257,-93.530786436763520,44.077980660989198,1486.107530382000050
259,258,-93.530786436763520,44.077941660989190,1499.235514322999961
260,259,-93.530786436763520,44.077902660989189,1523.976589627000067
261,260,-93.530786436763520,44.077863660989195,1457.837375217000044
262,261,-93.530786436763520,44.077824660989201,1462.416598849999900
263,262,-93.530786436763520,44.077785660989193,1503.446858724000094
264,263,-93.530786436763520,44.077746660989192,1465.696980793999955
265,264,-93.530786436763520,44.077707660989184,1514.869574652999972
266,265,-93.530786436763520,44.077668660989190,1591.796495225999934
267,266,-93.530786436763520,44.077629660989189,1627.631618923999895
268,267,-93.530786436763520,44.077590660989195,1536.808824326999911
269,268,-93.530786436763520,44.077551660989187,1512.593302408999989
270,269,-93.530786436763520,44.077512660989193,1606.569878472000028
271,270,-93.530786436763520,44.077473660989192,1644.034396701000105
272,271,-93.530786436763520,44.077434660989191,1585.617282444000011
273,272,-93.530786436763520,44.077395660989190,1563.281005859000061
274,273,-93.530786436763520,44.077356660989189,1495.142049154000006
275,274,-93.530786436763520,44.077317660989195,1512.055894639999906
276,275,-93.530786436763520,44.077278660989194,1561.216267904000006
277,276,-93.530786436763520,44.077239660989193,1486.608072917000072
278,277,-93.530786436763520,44.077200660989192,1434.731825087000061
279,278,-93.530786436763520,44.077161660989191,1326.322129991000111
280,279,-93.530786436763520,44.077122660989197,1320.781277127000067
281,280,-93.530786436763520,44.077083660989189,1083.486545139000100
282,281,-93.530786436763520,44.077044660989195,1092.899373371999900
283,282,-93.530786436763520,44.077005660989194,1320.982150607999984
284,283,-93.530786436763520,44.076966660989186,1290.153171115000077
285,284,-93.530786436763520,44.076927660989192,1194.331407334999994
286,285,-93.530786436763520,44.076888660989191,1146.359605576999911
287,286,-93.530786436763520,44.076849660989190,853.293023003000030
288,287,-93.530786436763520,44.076810660989189,706.998738606999950
289,288,-93.530747436763519,44.078019660989192,1564.119588216000011
290,289,-93.530747436763519,44.077980660989198,1479.288872612999967
291,290,-93.530747436763519,44.077941660989190,1489.548448350999934
292,291,-93.530747436763519,44.077902660989189,1560.273125543000106
293,292,-93.530747436763519,44.077863660989195,1507.509819877999917
294,293,-93.530747436763519,44.077824660989201,1569.718261719000111
295,294,-93.530747436763519,44.077785660989193,1567.866923013999894
296,295,-93.530747436763519,44.077746660989192,1555.771416558000055
297,296,-93.530747436763519,44.077707660989184,1587.185017904000006
298,297,-93.530747436763519,44.077668660989190,1659.371514213999944
299,298,-93.530747436763519,44.077629660989189,1646.524698893000050
300,299,-93.530747436763519,44.077590660989195,1547.740627713000094
301,300,-93.530747436763519,44.077551660989187,1529.269877116000089
302,301,-93.530747436763519,44.077512660989193,1588.628350151999939
303,302,-93.530747436763519,44.077473660989192,1593.001966688000039
304,303,-93.530747436763519,44.077434660989191,1535.045749240000077
305,304,-93.530747436763519,44.077395660989190,1516.972384982999984
306,305,-93.530747436763519,44.077356660989189,1422.632486979000078
307,306,-93.530747436763519,44.077317660989195,1477.425374349000094
308,307,-93.530747436763519,44.077278660989194,1551.580932616999917
309,308,-93.530747436763519,44.077239660989193,1427.295505099999900
310,309,-93.530747436763519,44.077200660989192,1418.298136393000050
311,310,-93.530747436763519,44.077161660989191,1268.670003254999983
312,311,-93.530747436763519,44.077122660989197,1261.974731445000089
313,312,-93.530747436763519,44.077083660989189,1063.975735134999923
314,313,-93.530747436763519,44.077044660989195,1048.917195638000067
315,314,-93.530747436763519,44.077005660989194,1174.863484701000061
316,315,-93.530747436763519,44.076966660989186,1161.376681857999984
317,316,-93.530747436763519,44.076927660989192,1119.577636719000111
318,317,-93.530747436763519,44.076888660989191,1080.645860459999994
319,318,-93.530747436763519,44.076849660989190,818.445102268000028
320,319,-93.530747436763519,44.076810660989189,701.907958983999947
321,320,-93.530708436763518,44.078019660989192,1565.046346029000006
322,321,-93.530708436763518,44.077980660989198,1524.723409016999994
323,322,-93.530708436763518,44.077941660989190,1535.477539062000005
324,323,-93.530708436763518,44.077902660989189,1645.034444173000111
325,324,-93.530708436763518,44.077863660989195,1597.175191242999972
326,325,-93.530708436763518,44.077824660989201,1660.953165690000105
327,326,-93.530708436763518,44.077785660989193,1621.260711670000092
328,327,-93.530708436763518,44.077746660989192,1595.418843587000083
329,328,-93.530708436763518,44.077707660989184,1641.023925780999889
330,329,-93.530708436763518,44.077668660989190,1702.536946615000033
331,330,-93.530708436763518,44.077629660989189,1662.767822265999939
332,331,-93.530708436763518,44.077590660989195,1593.233968099000094
333,332,-93.530708436763518,44.077551660989187,1547.329711913999972
334,333,-93.530708436763518,44.077512660989193,1568.130798339999956
335,334,-93.530708436763518,44.077473660989192,1583.452758788999972
336,335,-93.530708436763518,44.077434660989191,1512.366841633999911
337,336,-93.530708436763518,44.077395660989190,1476.881083171000000
338,337,-93.530708436763518,44.077356660989189,1412.876912434999895
339,338,-93.530708436763518,44.077317660989195,1428.327067057000022
340,339,-93.530708436763518,44.077278660989194,1483.051971436000031
341,340,-93.530708436763518,44.077239660989193,1364.513651530000061
342,341,-93.530708436763518,44.077200660989192,1326.754109701000061
343,342,-93.530708436763518,44.077161660989191,1214.053812662999917
344,343,-93.530708436763518,44.077122660989197,1187.933959961000028
345,344,-93.530708436763518,44.077083660989189,1049.248087565000105
346,345,-93.530708436763518,44.077044660989195,1051.838470459000064
347,346,-93.530708436763518,44.077005660989194,1145.021748861000106
348,347,-93.530708436763518,44.076966660989186,1107.875752766999994
349,348,-93.530708436763518,44.076927660989192,1071.319478353000022
350,349,-93.530708436763518,44.076888660989191,1006.384094237999989
351,350,-93.530708436763518,44.076849660989190,775.470255533999989
352,351,-93.530708436763518,44.076810660989189,715.481658936000031
353,352,-93.530669436763503,44.078019660989192,1549.395806207000078
354,353,-93.530669436763503,44.077980660989198,1578.621256509999967
355,354,-93.530669436763503,44.077941660989190,1576.851521809999895
356,355,-93.530669436763503,44.077902660989189,1703.847819009999967
357,356,-93.530669436763503,44.077863660989195,1673.366984048999939
358,357,-93.530669436763503,44.077824660989201,1722.565307616999917
359,358,-93.530669436763503,44.077785660989193,1650.063456217000066
360,359,-93.530669436763503,44.077746660989192,1617.067694769999889
361,360,-93.530669436763503,44.077707660989184,1686.047960069000055
362,361,-93.530669436763503,44.077668660989190,1711.775689019000083
363,362,-93.530669436763503,44.077629660989189,1651.446777344000111
364,363,-93.530669436763503,44.077590660989195,1616.759277344000111
365,364,-93.530669436763503,44.077551660989187,1555.060852050999983
366,365,-93.530669436763503,44.077512660989193,1538.573540582000078
367,366,-93.530669436763503,44.077473660989192,1578.791395399000066
368,367,-93.530669436763503,44.077434660989191,1528.515272352000011
369,368,-93.530669436763503,44.077395660989190,1445.418348524000066
370,369,-93.530669436763503,44.077356660989189,1374.197401258999889
371,370,-93.530669436763503,44.077317660989195,1350.114637587000061
372,371,-93.530669436763503,44.077278660989194,1391.455525716000011
373,372,-93.530669436763503,44.077239660989193,1338.775119357999984
374,373,-93.530669436763503,44.077200660989192,1211.955878364000000
375,374,-93.530669436763503,44.077161660989191,1171.779988606999950
376,375,-93.530669436763503,44.077122660989197,1130.110229491999917
377,376,-93.530669436763503,44.077083660989189,1052.913981120000017
378,377,-93.530669436763503,44.077044660989195,1088.932657878000100
379,378,-93.530669436763503,44.077005660989194,1205.248467338999944
380,379,-93.530669436763503,44.076966660989186,1112.853759765999939
381,380,-93.530669436763503,44.076927660989192,1068.376668293999955
382,381,-93.530669436763503,44.076888660989191,980.605428060000008
383,382,-93.530669436763503,44.076849660989190,751.682474771999978
384,383,-93.530669436763503,44.076810660989189,754.771043566000003
385,384,-93.530630436763516,44.078019660989192,1569.242241752999917
386,385,-93.530630436763516,44.077980660989198,1602.192532009999923
387,386,-93.530630436763516,44.077941660989190,1626.042602538999972
388,387,-93.530630436763516,44.077902660989189,1704.307264540000006
389,388,-93.530630436763516,44.077863660989195,1716.059977213999900
390,389,-93.530630436763516,44.077824660989201,1738.732516819000011
391,390,-93.530630436763516,44.077785660989193,1659.197265625000000
392,391,-93.530630436763516,44.077746660989192,1643.186618381000017
393,392,-93.530630436763516,44.077707660989184,1731.439453125000000
394,393,-93.530630436763516,44.077668660989190,1697.968112521999956
395,394,-93.530630436763516,44.077629660989189,1633.006334093000078
396,395,-93.530630436763516,44.077590660989195,1633.684502496000050
397,396,-93.530630436763516,44.077551660989187,1573.105285645000095
398,397,-93.530630436763516,44.077512660989193,1520.704847548000089
399,398,-93.530630436763516,44.077473660989192,1556.387478298999895
400,399,-93.530630436763516,44.077434660989191,1535.440199110000094
401,400,-93.530630436763516,44.077395660989190,1368.010755751000033
402,401,-93.530630436763516,44.077356660989189,1204.882595485999900
403,402,-93.530630436763516,44.077317660989195,1226.058946397999989
404,403,-93.530630436763516,44.077278660989194,1336.700480143000050
405,404,-93.530630436763516,44.077239660989193,1407.763563367999950
406,405,-93.530630436763516,44.077200660989192,1229.688300239000000
407,406,-93.530630436763516,44.077161660989191,1195.934882269999889
408,407,-93.530630436763516,44.077122660989197,1069.827338325000028
409,408,-93.530630436763516,44.077083660989189,1050.666965060999928
410,409,-93.530630436763516,44.077044660989195,1130.552266439000050
411,410,-93.530630436763516,44.077005660989194,1291.883707682000022
412,411,-93.530630436763516,44.076966660989186,1170.317369248999967
413,412,-93.530630436763516,44.076927660989192,1116.676445855000111
414,413,-93.530630436763516,44.076888660989191,1017.379191081000045
415,414,-93.530630436763516,44.076849660989190,781.278815375000022
416,415,-93.530630436763516,44.076810660989189,848.252794053999992
417,416,-93.530591436763501,44.078019660989192,1613.677693684999895
418,417,-93.530591436763501,44.077980660989198,1639.983506944000055
419,418,-93.530591436763501,44.077941660989190,1662.657755533999989
420,419,-93.530591436763501,44.077902660989189,1667.018391927000039
421,420,-93.530591436763501,44.077863660989195,1719.661146376000033
422,421,-93.530591436763501,44.077824660989201,1697.770819769999889
423,422,-93.530591436763501,44.077785660989193,1665.445515951000061
424,423,-93.530591436763501,44.077746660989192,1688.616875543000106
425,424,-93.530591436763501,44.077707660989184,1751.625067816999945
426,425,-93.530591436763501,44.077668660989190,1666.569905599000094
427,426,-93.530591436763501,44.077629660989189,1634.101236979000078
428,427,-93.530591436763501,44.077590660989195,1624.928019206000045
429,428,-93.530591436763501,44.077551660989187,1573.757548013999894
430,429,-93.530591436763501,44.077512660989193,1524.164401583999961
431,430,-93.530591436763501,44.077473660989192,1522.728013780000083
432,431,-93.530591436763501,44.077434660989191,1494.526570638000067
433,432,-93.530591436763501,44.077395660989190,1277.632717555999989
434,433,-93.530591436763501,44.077356660989189,1039.250908746000050
435,434,-93.530591436763501,44.077317660989195,1085.411668565999889
436,435,-93.530591436763501,44.077278660989194,1331.043375650999906
437,436,-93.530591436763501,44.077239660989193,1514.800089518000050
438,437,-93.530591436763501,44.077200660989192,1412.033175997999933
439,438,-93.530591436763501,44.077161660989191,1316.313747830000011
440,439,-93.530591436763501,44.077122660989197,1083.161064996000050
441,440,-93.530591436763501,44.077083660989189,1043.959818521999978
442,441,-93.530591436763501,44.077044660989195,1153.904866536000100
443,442,-93.530591436763501,44.077005660989194,1313.483818901999939
444,443,-93.530591436763501,44.076966660989186,1239.495035807000022
445,444,-93.530591436763501,44.076927660989192,1199.570312500000000
446,445,-93.530591436763501,44.076888660989191,1096.049682616999917
447,446,-93.530591436763501,44.076849660989190,854.837463379000042
448,447,-93.530591436763501,44.076810660989189,938.839253742999972
449,448,-93.530552436763514,44.078019660989192,1635.644965277999972
450,449,-93.530552436763514,44.077980660989198,1650.040907117999950
451,450,-93.530552436763514,44.077941660989190,1662.550442166000039
452,451,-93.530552436763514,44.077902660989189,1654.031656900999906
453,452,-93.530552436763514,44.077863660989195,1680.237413194000055
454,453,-93.530552436763514,44.077824660989201,1646.864542643000050
455,454,-93.530552436763514,44.077785660989193,1659.354736327999944
456,455,-93.530552436763514,44.077746660989192,1715.058566622999933
457,456,-93.530552436763514,44.077707660989184,1720.346476236999933
458,457,-93.530552436763514,44.077668660989190,1680.707722981999950
459,458,-93.530552436763514,44.077629660989189,1644.123182508999889
460,459,-93.530552436763514,44.077590660989195,1593.184990776999939
461,460,-93.530552436763514,44.077551660989187,1571.739481608000006
462,461,-93.530552436763514,44.077512660989193,1555.882717555999989
463,462,-93.530552436763514,44.077473660989192,1516.254055446999928
464,463,-93.530552436763514,44.077434660989191,1450.965169270999922
465,464,-93.530552436763514,44.077395660989190,1265.499403212000061
466,465,-93.530552436763514,44.077356660989189,1018.704121908000047
467,466,-93.530552436763514,44.077317660989195,1013.301907010000036
468,467,-93.530552436763514,44.077278660989194,1278.129679361999933
469,468,-93.530552436763514,44.077239660989193,1508.815972222000028
470,469,-93.530552436763514,44.077200660989192,1505.399563259999923
471,470,-93.530552436763514,44.077161660989191,1452.655626084999994
472,471,-93.530552436763514,44.077122660989197,1146.291748047000056
473,472,-93.530552436763514,44.077083660989189,1046.234117296000022
474,473,-93.530552436763514,44.077044660989195,1142.209411621000072
475,474,-93.530552436763514,44.077005660989194,1287.651462131000017
476,475,-93.530552436763514,44.076966660989186,1290.361558701999911
477,476,-93.530552436763514,44.076927660989192,1245.604695638000067
478,477,-93.530552436763514,44.076888660989191,1142.251193576000105
479,478,-93.530552436763514,44.076849660989190,889.666280110999992
480,479,-93.530552436763514,44.076810660989189,1022.010776095999972
481,480,-93.530513436763485,44.078019660989192,1686.328870985000094
482,481,-93.530513436763485,44.077980660989198,1633.656480576999911
483,482,-93.530513436763485,44.077941660989190,1662.317097981999950
484,483,-93.530513436763485,44.077902660989189,1678.276611327999944
485,484,-93.530513436763485,44.077863660989195,1624.586073133999889
486,485,-93.530513436763485,44.077824660989201,1609.732842338999944
487,486,-93.530513436763485,44.077785660989193,1628.726623535000044
488,487,-93.530513436763485,44.077746660989192,1684.026000976999967
489,488,-93.530513436763485,44.077707660989184,1702.604953342000044
490,489,-93.530513436763485,44.077668660989190,1752.104912651999939
491,490,-93.530513436763485,44.077629660989189,1683.703219944000011
492,491,-93.530513436763485,44.077590660989195,1569.513332791000039
493,492,-93.530513436763485,44.077551660989187,1552.497273763000067
494,493,-93.530513436763485,44.077512660989193,1574.678087022999989
495,494,-93.530513436763485,44.077473660989192,1552.471245660000022
496,495,-93.530513436763485,44.077434660989191,1482.804022894999889
497,496,-93.530513436763485,44.077395660989190,1368.050944009999967
498,497,-93.530513436763485,44.077356660989189,1126.876539441999967
499,498,-93.530513436763485,44.077317660989195,1030.924940320999895
500,499,-93.530513436763485,44.077278660989194,1165.983886719000111
501,500,-93.530513436763485,44.077239660989193,1318.816338433000055
502,501,-93.530513436763485,44.077200660989192,1459.501424154000006
503,502,-93.530513436763485,44.077161660989191,1520.677408854000078
504,503,-93.530513436763485,44.077122660989197,1218.127346463000094
505,504,-93.530513436763485,44.077083660989189,1059.878078884999923
506,505,-93.530513436763485,44.077044660989195,1074.489400228000022
507,506,-93.530513436763485,44.077005660989194,1271.993503146999956
508,507,-93.530513436763485,44.076966660989186,1322.172444661000100
509,508,-93.530513436763485,44.076927660989192,1254.247667100999934
510,509,-93.530513436763485,44.076888660989191,1126.809271917999922
511,510,-93.530513436763485,44.076849660989190,892.646789550999983
512,511,-93.530513436763485,44.076810660989189,1120.182902018000050
513,512,-93.530474436763512,44.078019660989192,1739.039265951000061
514,513,-93.530474436763512,44.077980660989198,1609.722676594999939
515,514,-93.530474436763512,44.077941660989190,1646.150492349999922
516,515,-93.530474436763512,44.077902660989189,1695.057881673000111
517,516,-93.530474436763512,44.077863660989195,1604.883199055999967
518,517,-93.530474436763512,44.077824660989201,1640.712910969999939
519,518,-93.530474436763512,44.077785660989193,1623.653564452999944
520,519,-93.530474436763512,44.077746660989192,1651.767069498999945
521,520,-93.530474436763512,44.077707660989184,1689.122497559000067
522,521,-93.530474436763512,44.077668660989190,1780.651428223000039
523,522,-93.530474436763512,44.077629660989189,1687.443603515999939
524,523,-93.530474436763512,44.077590660989195,1531.033630371000072
525,524,-93.530474436763512,44.077551660989187,1518.523712158000080
526,525,-93.530474436763512,44.077512660989193,1575.664794922000056
527,526,-93.530474436763512,44.077473660989192,1593.917012532999934
528,527,-93.530474436763512,44.077434660989191,1550.936665853000022
529,528,-93.530474436763512,44.077395660989190,1464.695861815999933
530,529,-93.530474436763512,44.077356660989189,1249.484761555999967
531,530,-93.530474436763512,44.077317660989195,1087.782124837000083
532,531,-93.530474436763512,44.077278660989194,1125.824249267999903
533,532,-93.530474436763512,44.077239660989193,1168.371459961000028
534,533,-93.530474436763512,44.077200660989192,1389.509582520000095
535,534,-93.530474436763512,44.077161660989191,1529.621683757000028
536,535,-93.530474436763512,44.077122660989197,1279.444437662999917
537,536,-93.530474436763512,44.077083660989189,1099.547302246000072
538,537,-93.530474436763512,44.077044660989195,998.933151244999976
539,538,-93.530474436763512,44.077005660989194,1253.448079427000039
540,539,-93.530474436763512,44.076966660989186,1325.819193521999978
541,540,-93.530474436763512,44.076927660989192,1251.010620116999917
542,541,-93.530474436763512,44.076888660989191,1091.836812337000083
543,542,-93.530474436763512,44.076849660989190,911.551757812000005
544,543,-93.530474436763512,44.076810660989189,1181.655090332000100
545,544,-93.530435436763497,44.078019660989192,1726.623223198999995
546,545,-93.530435436763497,44.077980660989198,1544.342624240000077
547,546,-93.530435436763497,44.077941660989190,1634.599514430999989
548,547,-93.530435436763497,44.077902660989189,1696.507812500000000
549,548,-93.530435436763497,44.077863660989195,1614.287936740000077
550,549,-93.530435436763497,44.077824660989201,1708.960462781999922
551,550,-93.530435436763497,44.077785660989193,1650.325276692999978
552,551,-93.530435436763497,44.077746660989192,1640.512885200000028
553,552,-93.530435436763497,44.077707660989184,1650.719401042000072
554,553,-93.530435436763497,44.077668660989190,1741.185899522999989
555,554,-93.530435436763497,44.077629660989189,1679.726562500000000
556,555,-93.530435436763497,44.077590660989195,1506.929050021999956
557,556,-93.530435436763497,44.077551660989187,1512.425435383999911
558,557,-93.530435436763497,44.077512660989193,1604.105563694000011
559,558,-93.530435436763497,44.077473660989192,1637.689860025999906
560,559,-93.530435436763497,44.077434660989191,1594.154866536000100
561,560,-93.530435436763497,44.077395660989190,1522.595567491000111
562,561,-93.530435436763497,44.077356660989189,1345.960164388000067
563,562,-93.530435436763497,44.077317660989195,1139.641520182000022
564,563,-93.530435436763497,44.077278660989194,1139.536153157999934
565,564,-93.530435436763497,44.077239660989193,1128.904324002000067
566,565,-93.530435436763497,44.077200660989192,1363.323310003999950
567,566,-93.530435436763497,44.077161660989191,1506.852484809000089
568,567,-93.530435436763497,44.077122660989197,1326.174777560999928
569,568,-93.530435436763497,44.077083660989189,1140.068739149000066
570,569,-93.530435436763497,44.077044660989195,959.492808024000055
571,570,-93.530435436763497,44.077005660989194,1225.531833224999900
572,571,-93.530435436763497,44.076966660989186,1309.647881401999939
573,572,-93.530435436763497,44.076927660989192,1245.887356228000044
574,573,-93.530435436763497,44.076888660989191,1068.404778374999978
575,574,-93.530435436763497,44.076849660989190,924.805141873000025
576,575,-93.530435436763497,44.076810660989189,1202.509928384999967
577,576,-93.530396436763510,44.078019660989192,1497.867268879999983
578,577,-93.530396436763510,44.077980660989198,1378.368679469999961
579,578,-93.530396436763510,44.077941660989190,1681.076944986999933
580,579,-93.530396436763510,44.077902660989189,1743.211900498999967
581,580,-93.530396436763510,44.077863660989195,1646.368448893000050
582,581,-93.530396436763510,44.077824660989201,1731.784613714999978
583,582,-93.530396436763510,44.077785660989193,1680.619506836000028
584,583,-93.530396436763510,44.077746660989192,1652.087999132000050
585,584,-93.530396436763510,44.077707660989184,1623.068779838999944
586,585,-93.530396436763510,44.077668660989190,1668.734809027999972
587,586,-93.530396436763510,44.077629660989189,1675.103786892000016
588,587,-93.530396436763510,44.077590660989195,1517.746663411000100
589,588,-93.530396436763510,44.077551660989187,1555.264811197999961
590,589,-93.530396436763510,44.077512660989193,1659.364556207000078
591,590,-93.530396436763510,44.077473660989192,1683.574720594999917
592,591,-93.530396436763510,44.077434660989191,1626.248670790000006
593,592,-93.530396436763510,44.077395660989190,1554.694186740000077
594,593,-93.530396436763510,44.077356660989189,1409.660997179000105
595,594,-93.530396436763510,44.077317660989195,1151.054890951000061
596,595,-93.530396436763510,44.077278660989194,1181.575012207000100
597,596,-93.530396436763510,44.077239660989193,1171.452148437999995
598,597,-93.530396436763510,44.077200660989192,1370.249389648000033
599,598,-93.530396436763510,44.077161660989191,1487.483534070999895
600,599,-93.530396436763510,44.077122660989197,1361.771796331999894
601,600,-93.530396436763510,44.077083660989189,1147.597805446999928
602,601,-93.530396436763510,44.077044660989195,987.146138509000025
603,602,-93.530396436763510,44.077005660989194,1220.409545898000033
604,603,-93.530396436763510,44.076966660989186,1288.985880533999989
605,604,-93.530396436763510,44.076927660989192,1240.183254666000039
606,605,-93.530396436763510,44.076888660989191,1091.544155544999967
607,606,-93.530396436763510,44.076849660989190,970.841634115000033
608,607,-93.530396436763510,44.076810660989189,1220.865180122000083
609,608,-93.530357436763495,44.078019660989192,1011.069885254000042
610,609,-93.530357436763495,44.077980660989198,1124.551357693000000
611,610,-93.530357436763495,44.077941660989190,1733.712754991000111
612,611,-93.530357436763495,44.077902660989189,1829.832302517000016
613,612,-93.530357436763495,44.077863660989195,1693.508463542000072
614,613,-93.530357436763495,44.077824660989201,1706.656521267000016
615,614,-93.530357436763495,44.077785660989193,1711.881693521999978
616,615,-93.530357436763495,44.077746660989192,1681.792480469000111
617,616,-93.530357436763495,44.077707660989184,1605.593627929999911
618,617,-93.530357436763495,44.077668660989190,1618.062879774000066
619,618,-93.530357436763495,44.077629660989189,1647.872328015999983
620,619,-93.530357436763495,44.077590660989195,1535.732286241000111
621,620,-93.530357436763495,44.077551660989187,1614.326639810999950
622,621,-93.530357436763495,44.077512660989193,1708.761664497000083
623,622,-93.530357436763495,44.077473660989192,1727.705091688000039
624,623,-93.530357436763495,44.077434660989191,1653.493041991999917
625,624,-93.530357436763495,44.077395660989190,1578.414713542000072
626,625,-93.530357436763495,44.077356660989189,1500.643269856999950
627,626,-93.530357436763495,44.077317660989195,1137.975857205000011
628,627,-93.530357436763495,44.077278660989194,1207.991597492999972
629,628,-93.530357436763495,44.077239660989193,1241.790256076000105
630,629,-93.530357436763495,44.077200660989192,1407.998752169999989
631,630,-93.530357436763495,44.077161660989191,1502.417358398000033
632,631,-93.530357436763495,44.077122660989197,1385.072401258999889
633,632,-93.530357436763495,44.077083660989189,1170.256293402999972
634,633,-93.530357436763495,44.077044660989195,1091.528930663999972
635,634,-93.530357436763495,44.077005660989194,1275.278483072999961
636,635,-93.530357436763495,44.076966660989186,1262.086656359000017
637,636,-93.530357436763495,44.076927660989192,1218.894192166000039
638,637,-93.530357436763495,44.076888660989191,1162.821370442999978
639,638,-93.530357436763495,44.076849660989190,1089.513190375000022
640,639,-93.530357436763495,44.076810660989189,1284.458550347000028
641,640,-93.530318436763523,44.078019660989192,821.063076443000000
642,641,-93.530318436763523,44.077980660989198,760.929216172999986
643,642,-93.530318436763523,44.077941660989190,1579.699747720999994
644,643,-93.530318436763523,44.077902660989189,1867.356933594000111
645,644,-93.530318436763523,44.077863660989195,1671.743638780000083
646,645,-93.530318436763523,44.077824660989201,1655.850111219999917
647,646,-93.530318436763523,44.077785660989193,1698.713846842000066
648,647,-93.530318436763523,44.077746660989192,1685.844685871999900
649,648,-93.530318436763523,44.077707660989184,1581.437676323999995
650,649,-93.530318436763523,44.077668660989190,1581.178710937999995
651,650,-93.530318436763523,44.077629660989189,1606.801784939000072
652,651,-93.530318436763523,44.077590660989195,1550.574462890999939
653,652,-93.530318436763523,44.077551660989187,1651.768758138000067
654,653,-93.530318436763523,44.077512660989193,1716.682033963000094
655,654,-93.530318436763523,44.077473660989192,1746.135321723000061
656,655,-93.530318436763523,44.077434660989191,1686.712293837000061
657,656,-93.530318436763523,44.077395660989190,1609.682671440999911
658,657,-93.530318436763523,44.077356660989189,1572.356608072999961
659,658,-93.530318436763523,44.077317660989195,1182.482435438000039
660,659,-93.530318436763523,44.077278660989194,1260.910847981999950
661,660,-93.530318436763523,44.077239660989193,1279.825263128999950
662,661,-93.530318436763523,44.077200660989192,1417.466769747999933
663,662,-93.530318436763523,44.077161660989191,1491.155693901999939
664,663,-93.530318436763523,44.077122660989197,1427.699083116000111
665,664,-93.530318436763523,44.077083660989189,1246.961032444000011
666,665,-93.530318436763523,44.077044660989195,1240.539611815999933
667,666,-93.530318436763523,44.077005660989194,1327.522610134999923
668,667,-93.530318436763523,44.076966660989186,1229.882405599000094
669,668,-93.530318436763523,44.076927660989192,1197.177720811999961
670,669,-93.530318436763523,44.076888660989191,1240.149319118999983
671,670,-93.530318436763523,44.076849660989190,1226.019694009999967
672,671,-93.530318436763523,44.076810660989189,1399.259629991000111
673,672,-93.530279436763493,44.078019660989192,1114.023410372999933
674,673,-93.530279436763493,44.077980660989198,856.159183077999955
675,674,-93.530279436763493,44.077941660989190,1355.214694553000072
676,675,-93.530279436763493,44.077902660989189,1847.970024957000078
677,676,-93.530279436763493,44.077863660989195,1623.896877713000094
678,677,-93.530279436763493,44.077824660989201,1643.427775065000105
679,678,-93.530279436763493,44.077785660989193,1655.318868001000055
680,679,-93.530279436763493,44.077746660989192,1653.270304361999933
681,680,-93.530279436763493,44.077707660989184,1556.984483507000050
682,681,-93.530279436763493,44.077668660989190,1601.738335502999917
683,682,-93.530279436763493,44.077629660989189,1642.065388996999900
684,683,-93.530279436763493,44.077590660989195,1571.519422742999950
685,684,-93.530279436763493,44.077551660989187,1650.746907552000039
686,685,-93.530279436763493,44.077512660989193,1690.913479275000100
687,686,-93.530279436763493,44.077473660989192,1721.651760525000100
688,687,-93.530279436763493,44.077434660989191,1677.348687065999911
689,688,-93.530279436763493,44.077395660989190,1584.407090929000105
690,689,-93.530279436763493,44.077356660989189,1569.822957356999950
691,690,-93.530279436763493,44.077317660989195,1274.808770073999995
692,691,-93.530279436763493,44.077278660989194,1350.482971190999933
693,692,-93.530279436763493,44.077239660989193,1394.246866861999933
694,693,-93.530279436763493,44.077200660989192,1462.375284831000045
695,694,-93.530279436763493,44.077161660989191,1487.992933485000094
696,695,-93.530279436763493,44.077122660989197,1442.384385850999934
697,696,-93.530279436763493,44.077083660989189,1326.412231445000089
698,697,-93.530279436763493,44.077044660989195,1344.536254883000083
699,698,-93.530279436763493,44.077005660989194,1331.232991536000100
700,699,-93.530279436763493,44.076966660989186,1186.842637804000105
701,700,-93.530279436763493,44.076927660989192,1193.871365017000016
702,701,-93.530279436763493,44.076888660989191,1291.711046007000050
703,702,-93.530279436763493,44.076849660989190,1297.106011285000022
704,703,-93.530279436763493,44.076810660989189,1479.370171440999911
705,704,-93.530240436763506,44.078019660989192,1286.937472872999933
706,705,-93.530240436763506,44.077980660989198,1076.398735894000083
707,706,-93.530240436763506,44.077941660989190,1394.891092935999950
708,707,-93.530240436763506,44.077902660989189,1787.198391384999923
709,708,-93.530240436763506,44.077863660989195,1651.869222004999983
710,709,-93.530240436763506,44.077824660989201,1696.817803276999939
711,710,-93.530240436763506,44.077785660989193,1607.901896158999989
712,711,-93.530240436763506,44.077746660989192,1626.430989582999928
713,712,-93.530240436763506,44.077707660989184,1596.907986110999900
714,713,-93.530240436763506,44.077668660989190,1661.663913303000072
715,714,-93.530240436763506,44.077629660989189,1697.765869140999939
716,715,-93.530240436763506,44.077590660989195,1592.681911892000016
717,716,-93.530240436763506,44.077551660989187,1586.184102376000055
718,717,-93.530240436763506,44.077512660989193,1630.474310980999917
719,718,-93.530240436763506,44.077473660989192,1708.181504991000111
720,719,-93.530240436763506,44.077434660989191,1663.663506401999939
721,720,-93.530240436763506,44.077395660989190,1547.619466145999922
722,721,-93.530240436763506,44.077356660989189,1545.203260633999889
723,722,-93.530240436763506,44.077317660989195,1430.103176541000039
724,723,-93.530240436763506,44.077278660989194,1453.832234701000061
725,724,-93.530240436763506,44.077239660989193,1493.197618272999989
726,725,-93.530240436763506,44.077200660989192,1506.339626735999900
727,726,-93.530240436763506,44.077161660989191,1514.672688802000039
728,727,-93.530240436763506,44.077122660989197,1448.803344726999967
729,728,-93.530240436763506,44.077083660989189,1348.272989908999989
730,729,-93.530240436763506,44.077044660989195,1331.670125326000061
731,730,-93.530240436763506,44.077005660989194,1282.933064779000006
732,731,-93.530240436763506,44.076966660989186,1147.193929036000100
733,732,-93.530240436763506,44.076927660989192,1184.873535155999889
734,733,-93.530240436763506,44.076888660989191,1293.345960828999978
735,734,-93.530240436763506,44.076849660989190,1280.964599609000061
736,735,-93.530240436763506,44.076810660989189,1457.051771376000033
737,736,-93.530201436763519,44.078019660989192,1142.539332071999979
738,737,-93.530201436763519,44.077980660989198,1105.572296142999903
739,738,-93.530201436763519,44.077941660989190,1384.830200195000089
740,739,-93.530201436763519,44.077902660989189,1719.095438638999894
741,740,-93.530201436763519,44.077863660989195,1639.765401204000000
742,741,-93.530201436763519,44.077824660989201,1708.094604491999917
743,742,-93.530201436763519,44.077785660989193,1563.776428223000039
744,743,-93.530201436763519,44.077746660989192,1603.946105957000100
745,744,-93.530201436763519,44.077707660989184,1663.949259440000105
746,745,-93.530201436763519,44.077668660989190,1664.868143717000066
747,746,-93.530201436763519,44.077629660989189,1689.738444009999967
748,747,-93.530201436763519,44.077590660989195,1622.035827637000011
749,748,-93.530201436763519,44.077551660989187,1573.487762450999981
750,749,-93.530201436763519,44.077512660989193,1604.355061849000094
751,750,-93.530201436763519,44.077473660989192,1680.140991211000028
752,751,-93.530201436763519,44.077434660989191,1659.103841145999922
753,752,-93.530201436763519,44.077395660989190,1558.729309082000100
754,753,-93.530201436763519,44.077356660989189,1538.740173339999956
755,754,-93.530201436763519,44.077317660989195,1557.001932780000061
756,755,-93.530201436763519,44.077278660989194,1552.386230469000111
757,756,-93.530201436763519,44.077239660989193,1493.903686523000033
758,757,-93.530201436763519,44.077200660989192,1511.431396484000061
759,758,-93.530201436763519,44.077161660989191,1524.398498535000044
760,759,-93.530201436763519,44.077122660989197,1477.926228841000011
761,760,-93.530201436763519,44.077083660989189,1344.930053711000028
762,761,-93.530201436763519,44.077044660989195,1341.898864746000072
763,762,-93.530201436763519,44.077005660989194,1288.269124349000094
764,763,-93.530201436763519,44.076966660989186,1163.289815266999994
765,764,-93.530201436763519,44.076927660989192,1194.765197753999928
766,765,-93.530201436763519,44.076888660989191,1365.982604979999905
767,766,-93.530201436763519,44.076849660989190,1290.358723957999928
768,767,-93.530201436763519,44.076810660989189,1387.190592447999961
769,768,-93.530162436763504,44.078019660989192,1471.030449761000000
770,769,-93.530162436763504,44.077980660989198,1260.509792752000067
771,770,-93.530162436763504,44.077941660989190,1393.626024034000011
772,771,-93.530162436763504,44.077902660989189,1669.346503364000000
773,772,-93.530162436763504,44.077863660989195,1628.600830077999944
774,773,-93.530162436763504,44.077824660989201,1713.274549695999895
775,774,-93.530162436763504,44.077785660989193,1563.954162598000039
776,775,-93.530162436763504,44.077746660989192,1573.251464844000111
777,776,-93.530162436763504,44.077707660989184,1680.700127496000050
778,777,-93.530162436763504,44.077668660989190,1633.633761935999928
779,778,-93.530162436763504,44.077629660989189,1654.906290690000105
780,779,-93.530162436763504,44.077590660989195,1619.323784722000028
781,780,-93.530162436763504,44.077551660989187,1554.566691081000045
782,781,-93.530162436763504,44.077512660989193,1565.921264648000033
783,782,-93.530162436763504,44.077473660989192,1637.271213107999984
784,783,-93.530162436763504,44.077434660989191,1652.784844293000106
785,784,-93.530162436763504,44.077395660989190,1563.356662326000105
786,785,-93.530162436763504,44.077356660989189,1498.609157985999900
787,786,-93.530162436763504,44.077317660989195,1605.014526366999917
788,787,-93.530162436763504,44.077278660989194,1622.070414224999922
789,788,-93.530162436763504,44.077239660989193,1463.206054687000005
790,789,-93.530162436763504,44.077200660989192,1472.123128254999983
791,790,-93.530162436763504,44.077161660989191,1509.208496094000111
792,791,-93.530162436763504,44.077122660989197,1510.825737847000028
793,792,-93.530162436763504,44.077083660989189,1352.433213975999934
794,793,-93.530162436763504,44.077044660989195,1408.122599283999989
795,794,-93.530162436763504,44.077005660989194,1348.254408094999917
796,795,-93.530162436763504,44.076966660989186,1221.632256401999939
797,796,-93.530162436763504,44.076927660989192,1236.691351997000083
798,797,-93.530162436763504,44.076888660989191,1467.001980252000067
799,798,-93.530162436763504,44.076849660989190,1311.846638996999900
800,799,-93.530162436763504,44.076810660989189,1293.825032552000039
801,800,-93.530123436763532,44.078019660989192,1366.594577365000077
802,801,-93.530123436763532,44.077980660989198,1251.083916558000055
803,802,-93.530123436763532,44.077941660989190,1387.352450901000111
804,803,-93.530123436763532,44.077902660989189,1605.541870116999917
805,804,-93.530123436763532,44.077863660989195,1630.146253798000089
806,805,-93.530123436763532,44.077824660989201,1706.208184136000000
807,806,-93.530123436763532,44.077785660989193,1596.493021646999978
808,807,-93.530123436763532,44.077746660989192,1558.159803602000011
809,808,-93.530123436763532,44.077707660989184,1643.421468099000094
810,809,-93.530123436763532,44.077668660989190,1615.275078668000106
811,810,-93.530123436763532,44.077629660989189,1650.886081271999956
812,811,-93.530123436763532,44.077590660989195,1593.615342882000050
813,812,-93.530123436763532,44.077551660989187,1523.777058918999955
814,813,-93.530123436763532,44.077512660989193,1511.942572700000028
815,814,-93.530123436763532,44.077473660989192,1593.338840060999928
816,815,-93.530123436763532,44.077434660989191,1653.581990559999895
817,816,-93.530123436763532,44.077395660989190,1579.181681315000105
818,817,-93.530123436763532,44.077356660989189,1476.310655382000050
819,818,-93.530123436763532,44.077317660989195,1572.319607205000011
820,819,-93.530123436763532,44.077278660989194,1640.295735677000039
821,820,-93.530123436763532,44.077239660989193,1470.199503581000045
822,821,-93.530123436763532,44.077200660989192,1449.164428711000028
823,822,-93.530123436763532,44.077161660989191,1455.017550997999933
824,823,-93.530123436763532,44.077122660989197,1498.482760958999961
825,824,-93.530123436763532,44.077083660989189,1379.147677951000105
826,825,-93.530123436763532,44.077044660989195,1476.810445150000078
827,826,-93.530123436763532,44.077005660989194,1412.616305881000017
828,827,-93.530123436763532,44.076966660989186,1300.601318359000061
829,828,-93.530123436763532,44.076927660989192,1296.665079753000100
830,829,-93.530123436763532,44.076888660989191,1467.302503798000089
831,830,-93.530123436763532,44.076849660989190,1285.543768989000000
832,831,-93.530123436763532,44.076810660989189,1216.805731878999950
833,832,-93.530084436763502,44.078019660989192,1139.173692491000111
834,833,-93.530084436763502,44.077980660989198,1119.566772461000028
835,834,-93.530084436763502,44.077941660989190,1359.138739691999945
836,835,-93.530084436763502,44.077902660989189,1497.180976019999889
837,836,-93.530084436763502,44.077863660989195,1569.810058594000111
838,837,-93.530084436763502,44.077824660989201,1651.251627604000078
839,838,-93.530084436763502,44.077785660989193,1606.537577310999950
840,839,-93.530084436763502,44.077746660989192,1559.055257161000100
841,840,-93.530084436763502,44.077707660989184,1568.897135417000072
842,841,-93.530084436763502,44.077668660989190,1601.340928819000055
843,842,-93.530084436763502,44.077629660989189,1591.574951172000056
844,843,-93.530084436763502,44.077590660989195,1556.000434027999972
845,844,-93.530084436763502,44.077551660989187,1531.990315754999983
846,845,-93.530084436763502,44.077512660989193,1479.353162977000011
847,846,-93.530084436763502,44.077473660989192,1573.570583767000016
848,847,-93.530084436763502,44.077434660989191,1673.345323350999934
849,848,-93.530084436763502,44.077395660989190,1601.654703775999906
850,849,-93.530084436763502,44.077356660989189,1493.034586588999900
851,850,-93.530084436763502,44.077317660989195,1519.779690213000094
852,851,-93.530084436763502,44.077278660989194,1617.623453775999906
853,852,-93.530084436763502,44.077239660989193,1445.158664280000039
854,853,-93.530084436763502,44.077200660989192,1436.315090603000044
855,854,-93.530084436763502,44.077161660989191,1368.049479167000072
856,855,-93.530084436763502,44.077122660989197,1400.120402018000050
857,856,-93.530084436763502,44.077083660989189,1399.390204536000056
858,857,-93.530084436763502,44.077044660989195,1522.951700845999994
859,858,-93.530084436763502,44.077005660989194,1423.958563911000056
860,859,-93.530084436763502,44.076966660989186,1417.515380859000061
861,860,-93.530084436763502,44.076927660989192,1366.044135200000028
862,861,-93.530084436763502,44.076888660989191,1367.156778970999994
863,862,-93.530084436763502,44.076849660989190,1228.255086263000067
864,863,-93.530084436763502,44.076810660989189,1190.662570530000039
865,864,-93.530045436763515,44.078019660989192,1200.687961155000039
866,865,-93.530045436763515,44.077980660989198,1018.172675239000000
867,866,-93.530045436763515,44.077941660989190,1249.625528970999994
868,867,-93.530045436763515,44.077902660989189,1364.051961263000067
869,868,-93.530045436763515,44.077863660989195,1505.466783311999961
870,869,-93.530045436763515,44.077824660989201,1549.674953884999923
871,870,-93.530045436763515,44.077785660989193,1587.024149576999889
872,871,-93.530045436763515,44.077746660989192,1526.064046224000094
873,872,-93.530045436763515,44.077707660989184,1516.081827798999939
874,873,-93.530045436763515,44.077668660989190,1556.759602865000033
875,874,-93.530045436763515,44.077629660989189,1617.232977973000061
876,875,-93.530045436763515,44.077590660989195,1572.463202581999894
877,876,-93.530045436763515,44.077551660989187,1516.063944498999945
878,877,-93.530045436763515,44.077512660989193,1424.835191514999906
879,878,-93.530045436763515,44.077473660989192,1597.217312282999956
880,879,-93.530045436763515,44.077434660989191,1713.462253146999956
881,880,-93.530045436763515,44.077395660989190,1552.065049912999939
882,881,-93.530045436763515,44.077356660989189,1437.051296657999956
883,882,-93.530045436763515,44.077317660989195,1512.948065864000000
884,883,-93.530045436763515,44.077278660989194,1614.361755371000072
885,884,-93.530045436763515,44.077239660989193,1371.043633355000111
886,885,-93.530045436763515,44.077200660989192,1370.455634223000061
887,886,-93.530045436763515,44.077161660989191,1268.428643121000050
888,887,-93.530045436763515,44.077122660989197,1319.028252496000050
889,888,-93.530045436763515,44.077083660989189,1397.649305555999945
890,889,-93.530045436763515,44.077044660989195,1517.849141439000050
891,890,-93.530045436763515,44.077005660989194,1411.035047742999950
892,891,-93.530045436763515,44.076966660989186,1462.367024740000033
893,892,-93.530045436763515,44.076927660989192,1366.499755859000061
894,893,-93.530045436763515,44.076888660989191,1274.104994031999922
895,894,-93.530045436763515,44.076849660989190,1143.155815972000028
896,895,-93.530045436763515,44.076810660989189,1064.353054469999961
897,896,-93.530006436763500,44.078019660989192,1212.955796984000017
898,897,-93.530006436763500,44.077980660989198,895.664964464000036
899,898,-93.530006436763500,44.077941660989190,1065.640160454999886
900,899,-93.530006436763500,44.077902660989189,1285.704332139999906
901,900,-93.530006436763500,44.077863660989195,1533.071546765999983
902,901,-93.530006436763500,44.077824660989201,1432.050645616000111
903,902,-93.530006436763500,44.077785660989193,1574.817769367999972
904,903,-93.530006436763500,44.077746660989192,1454.117757161000100
905,904,-93.530006436763500,44.077707660989184,1504.451497395999922
906,905,-93.530006436763500,44.077668660989190,1474.491956923000089
907,906,-93.530006436763500,44.077629660989189,1559.932915582000078
908,907,-93.530006436763500,44.077590660989195,1520.091851127999917
909,908,-93.530006436763500,44.077551660989187,1457.629272461000028
910,909,-93.530006436763500,44.077512660989193,1354.618096246000050
911,910,-93.530006436763500,44.077473660989192,1562.852240667999922
912,911,-93.530006436763500,44.077434660989191,1646.012654621999900
913,912,-93.530006436763500,44.077395660989190,1381.196560330000011
914,913,-93.530006436763500,44.077356660989189,1354.387410481999950
915,914,-93.530006436763500,44.077317660989195,1471.435370551000005
916,915,-93.530006436763500,44.077278660989194,1584.539347331000045
917,916,-93.530006436763500,44.077239660989193,1292.547783746000050
918,917,-93.530006436763500,44.077200660989192,1258.688435871999900
919,918,-93.530006436763500,44.077161660989191,1232.403672959999994
920,919,-93.530006436763500,44.077122660989197,1299.852010091000011
921,920,-93.530006436763500,44.077083660989189,1345.466145832999928
922,921,-93.530006436763500,44.077044660989195,1473.467366536000100
923,922,-93.530006436763500,44.077005660989194,1354.711954753000100
924,923,-93.530006436763500,44.076966660989186,1370.258300780999889
925,924,-93.530006436763500,44.076927660989192,1272.096367730000111
926,925,-93.530006436763500,44.076888660989191,1211.814615884999967
927,926,-93.530006436763500,44.076849660989190,1037.154744466000011
928,927,-93.530006436763500,44.076810660989189,792.105604384000003
929,928,-93.529967436763513,44.078019660989192,1298.384419758999911
930,929,-93.529967436763513,44.077980660989198,846.741546631000006
931,930,-93.529967436763513,44.077941660989190,882.176167805999967
932,931,-93.529967436763513,44.077902660989189,1191.396382650000078
933,932,-93.529967436763513,44.077863660989195,1445.183614094999939
934,933,-93.529967436763513,44.077824660989201,1307.729980469000111
935,934,-93.529967436763513,44.077785660989193,1535.169860839999956
936,935,-93.529967436763513,44.077746660989192,1351.066284179999911
937,936,-93.529967436763513,44.077707660989184,1415.113911946999906
938,937,-93.529967436763513,44.077668660989190,1342.897013345999994
939,938,-93.529967436763513,44.077629660989189,1416.129536946999906
940,939,-93.529967436763513,44.077590660989195,1353.358154297000056
941,940,-93.529967436763513,44.077551660989187,1338.388885498000036
942,941,-93.529967436763513,44.077512660989193,1270.970052082999928
943,942,-93.529967436763513,44.077473660989192,1432.167317707999928
944,943,-93.529967436763513,44.077434660989191,1497.896606445000089
945,944,-93.529967436763513,44.077395660989190,1246.708475748999945
946,945,-93.529967436763513,44.077356660989189,1279.426615396999978
947,946,-93.529967436763513,44.077317660989195,1373.631998697999961
948,947,-93.529967436763513,44.077278660989194,1505.201354979999905
949,948,-93.529967436763513,44.077239660989193,1247.543863932000022
950,949,-93.529967436763513,44.077200660989192,1176.692850748999945
951,950,-93.529967436763513,44.077161660989191,1195.477478026999961
952,951,-93.529967436763513,44.077122660989197,1243.887552896999978
953,952,-93.529967436763513,44.077083660989189,1229.914306640999939
954,953,-93.529967436763513,44.077044660989195,1335.224761962999992
955,954,-93.529967436763513,44.077005660989194,1236.882141112999989
956,955,-93.529967436763513,44.076966660989186,1236.698140462000083
957,956,-93.529967436763513,44.076927660989192,1162.337544758999911
958,957,-93.529967436763513,44.076888660989191,1141.002583821999906
959,958,-93.529967436763513,44.076849660989190,964.210540770999955
960,959,-93.529967436763513,44.076810660989189,666.072367350000036
961,960,-93.529928436763498,44.078019660989192,1372.629882812000005
962,961,-93.529928436763498,44.077980660989198,836.536285399999997
963,962,-93.529928436763498,44.077941660989190,603.586468167000021
964,963,-93.529928436763498,44.077902660989189,971.164265950999948
965,964,-93.529928436763498,44.077863660989195,1155.132921007000050
966,965,-93.529928436763498,44.077824660989201,1048.901685927000017
967,966,-93.529928436763498,44.077785660989193,1252.153015137000011
968,967,-93.529928436763498,44.077746660989192,1128.397827148000033
969,968,-93.529928436763498,44.077707660989184,1188.922675239000000
970,969,-93.529928436763498,44.077668660989190,1107.368204753000100
971,970,-93.529928436763498,44.077629660989189,1107.428398980000111
972,971,-93.529928436763498,44.077590660989195,1074.035563150999906
973,972,-93.529928436763498,44.077551660989187,1124.975891112999989
974,973,-93.529928436763498,44.077512660989193,1083.074259440000105
975,974,-93.529928436763498,44.077473660989192,1128.248046875000000
976,975,-93.529928436763498,44.077434660989191,1192.259507921000022
977,976,-93.529928436763498,44.077395660989190,1136.586697048999895
978,977,-93.529928436763498,44.077356660989189,1157.438964844000111
979,978,-93.529928436763498,44.077317660989195,1192.659640842000044
980,979,-93.529928436763498,44.077278660989194,1278.406962076999889
981,980,-93.529928436763498,44.077239660989193,1147.490220811999961
982,981,-93.529928436763498,44.077200660989192,1103.618313259999923
983,982,-93.529928436763498,44.077161660989191,1067.999762640999961
984,983,-93.529928436763498,44.077122660989197,1072.795939128000100
985,984,-93.529928436763498,44.077083660989189,1049.487887911999906
986,985,-93.529928436763498,44.077044660989195,1020.901387533000047
987,986,-93.529928436763498,44.077005660989194,1055.129503037999939
988,987,-93.529928436763498,44.076966660989186,1079.421820747000083
989,988,-93.529928436763498,44.076927660989192,1066.561740451000105
990,989,-93.529928436763498,44.076888660989191,972.771328395999944
991,990,-93.529928436763498,44.076849660989190,861.715121799000030
992,991,-93.529928436763498,44.076810660989189,721.977220322999983
993,992,-93.529889436763497,44.078019660989192,1258.055365667999922
994,993,-93.529889436763497,44.077980660989198,781.665001762999964
995,994,-93.529889436763497,44.077941660989190,555.259085761000051
996,995,-93.529889436763497,44.077902660989189,795.459540472999947
997,996,-93.529889436763497,44.077863660989195,982.831007215999989
998,997,-93.529889436763497,44.077824660989201,960.529039171000022
999,998,-93.529889436763497,44.077785660989193,1086.205464680999967
1000,999,-93.529889436763497,44.077746660989192,1143.067837184999917
1001,1000,-93.529889436763497,44.077707660989184,1353.204549154000006
1002,1001,-93.529889436763497,44.077668660989190,1200.964063855999939
1003,1002,-93.529889436763497,44.077629660989189,1313.567328559000089
1004,1003,-93.529889436763497,44.077590660989195,1087.666395399000066
1005,1004,-93.529889436763497,44.077551660989187,1167.912129719999939
1006,1005,-93.529889436763497,44.077512660989193,1127.712287054999933
1007,1006,-93.529889436763497,44.077473660989192,1047.091274684999917
1008,1007,-93.529889436763497,44.077434660989191,1169.208346896999956
1009,1008,-93.529889436763497,44.077395660989190,1244.202223036000078
1010,1009,-93.529889436763497,44.077356660989189,1260.679511176000005
1011,1010,-93.529889436763497,44.077317660989195,1193.614142524000044
1012,1011,-93.529889436763497,44.077278660989194,1315.432779947999961
1013,1012,-93.529889436763497,44.077239660989193,1272.003621418999955
1014,1013,-93.529889436763497,44.077200660989192,1369.295071071999928
1015,1014,-93.529889436763497,44.077161660989191,1189.095757377999917
1016,1015,-93.529889436763497,44.077122660989197,1236.991780599000094
1017,1016,-93.529889436763497,44.077083660989189,1103.543911404000028
1018,1017,-93.529889436763497,44.077044660989195,1102.317291260000047
1019,1018,-93.529889436763497,44.077005660989194,985.199591743000042
1020,1019,-93.529889436763497,44.076966660989186,1257.844184027999972
1021,1020,-93.529889436763497,44.076927660989192,1176.204711913999972
1022,1021,-93.529889436763497,44.076888660989191,1018.121459961000028
1023,1022,-93.529889436763497,44.076849660989190,844.772488063999958
1024,1023,-93.529889436763497,44.076810660989189,908.305399577000003
1025,1024,-93.529850436763496,44.078019660989192,1119.920003254999983
1026,1025,-93.529850436763496,44.077980660989198,802.573384603000022
1027,1026,-93.529850436763496,44.077941660989190,762.429423014000008
1028,1027,-93.529850436763496,44.077902660989189,860.882982041999981
1029,1028,-93.529850436763496,44.077863660989195,1101.634290906999922
1030,1029,-93.529850436763496,44.077824660989201,1415.539455838000094
1031,1030,-93.529850436763496,44.077785660989193,1515.210611979000078
1032,1031,-93.529850436763496,44.077746660989192,1513.167236327999944
1033,1032,-93.529850436763496,44.077707660989184,1504.448608398000033
1034,1033,-93.529850436763496,44.077668660989190,1491.237887911999906
1035,1034,-93.529850436763496,44.077629660989189,1537.447197808000055
1036,1035,-93.529850436763496,44.077590660989195,1508.401991102000011
1037,1036,-93.529850436763496,44.077551660989187,1451.213358560999950
1038,1037,-93.529850436763496,44.077512660989193,1404.861735025999906
1039,1038,-93.529850436763496,44.077473660989192,1377.698269314000072
1040,1039,-93.529850436763496,44.077434660989191,1464.328830294999989
1041,1040,-93.529850436763496,44.077395660989190,1510.587632921000022
1042,1041,-93.529850436763496,44.077356660989189,1479.433892144000083
1043,1042,-93.529850436763496,44.077317660989195,1452.717081706000045
1044,1043,-93.529850436763496,44.077278660989194,1465.317789713999900
1045,1044,-93.529850436763496,44.077239660989193,1512.984903970999994
1046,1045,-93.529850436763496,44.077200660989192,1521.981947156999922
1047,1046,-93.529850436763496,44.077161660989191,1479.864529080000011
1048,1047,-93.529850436763496,44.077122660989197,1453.752197265999939
1049,1048,-93.529850436763496,44.077083660989189,1432.383992513000067
1050,1049,-93.529850436763496,44.077044660989195,1392.427266439000050
1051,1050,-93.529850436763496,44.077005660989194,1383.676378037999939
1052,1051,-93.529850436763496,44.076966660989186,1472.251519097000028
1053,1052,-93.529850436763496,44.076927660989192,1460.572007921000022
1054,1053,-93.529850436763496,44.076888660989191,1252.021620008999889
1055,1054,-93.529850436763496,44.076849660989190,916.588887533000047
1056,1055,-93.529850436763496,44.076810660989189,735.677734375000000
1057,1056,-93.529811436763509,44.078019660989192,1048.429056803000094
1058,1057,-93.529811436763509,44.077980660989198,753.993801541000039
1059,1058,-93.529811436763509,44.077941660989190,1078.124925400999928
1060,1059,-93.529811436763509,44.077902660989189,1311.139065213000094
1061,1060,-93.529811436763509,44.077863660989195,1483.889119466000011
1062,1061,-93.529811436763509,44.077824660989201,1555.733127169999989
1063,1062,-93.529811436763509,44.077785660989193,1370.724283854000078
1064,1063,-93.529811436763509,44.077746660989192,1591.118136935999928
1065,1064,-93.529811436763509,44.077707660989184,1586.346354167000072
1066,1065,-93.529811436763509,44.077668660989190,1543.677218967000044
1067,1066,-93.529811436763509,44.077629660989189,1579.588785807000022
1068,1067,-93.529811436763509,44.077590660989195,1600.303398980000111
1069,1068,-93.529811436763509,44.077551660989187,1551.412109375000000
1070,1069,-93.529811436763509,44.077512660989193,1463.559841580000011
1071,1070,-93.529811436763509,44.077473660989192,1460.897745768000050
1072,1071,-93.529811436763509,44.077434660989191,1487.849202474000094
1073,1072,-93.529811436763509,44.077395660989190,1502.752590603000044
1074,1073,-93.529811436763509,44.077356660989189,1455.800455729000078
1075,1074,-93.529811436763509,44.077317660989195,1443.518093532999956
1076,1075,-93.529811436763509,44.077278660989194,1358.029724121000072
1077,1076,-93.529811436763509,44.077239660989193,1361.340901692999978
1078,1077,-93.529811436763509,44.077200660989192,1362.701578775999906
1079,1078,-93.529811436763509,44.077161660989191,1324.111897786000100
1080,1079,-93.529811436763509,44.077122660989197,1299.728691948999995
1081,1080,-93.529811436763509,44.077083660989189,1293.402018229000078
1082,1081,-93.529811436763509,44.077044660989195,1342.720214844000111
1083,1082,-93.529811436763509,44.077005660989194,1412.347005207999928
1084,1083,-93.529811436763509,44.076966660989186,1339.216417100999934
1085,1084,-93.529811436763509,44.076927660989192,1189.506835937999995
1086,1085,-93.529811436763509,44.076888660989191,1036.646355523000011
1087,1086,-93.529811436763509,44.076849660989190,838.903191461000006
1088,1087,-93.529811436763509,44.076810660989189,770.754733614999964
1089,1088,-93.529772436763508,44.078019660989192,788.479383680999945
1090,1089,-93.529772436763508,44.077980660989198,595.924847921000037
1091,1090,-93.529772436763508,44.077941660989190,1445.371080186999961
1092,1091,-93.529772436763508,44.077902660989189,1742.656724718000078
1093,1092,-93.529772436763508,44.077863660989195,1757.077853732999984
1094,1093,-93.529772436763508,44.077824660989201,1698.160183377000067
1095,1094,-93.529772436763508,44.077785660989193,1636.813496907999934
1096,1095,-93.529772436763508,44.077746660989192,1699.934380424999972
1097,1096,-93.529772436763508,44.077707660989184,1732.364976671000022
1098,1097,-93.529772436763508,44.077668660989190,1720.065009223000061
1099,1098,-93.529772436763508,44.077629660989189,1724.865505642000016
1100,1099,-93.529772436763508,44.077590660989195,1683.798990884999967
1101,1100,-93.529772436763508,44.077551660989187,1627.079040526999961
1102,1101,-93.529772436763508,44.077512660989193,1588.844740126000033
1103,1102,-93.529772436763508,44.077473660989192,1549.233439128000100
1104,1103,-93.529772436763508,44.077434660989191,1625.952351888000067
1105,1104,-93.529772436763508,44.077395660989190,1714.528306748999967
1106,1105,-93.529772436763508,44.077356660989189,1639.000420463999944
1107,1106,-93.529772436763508,44.077317660989195,1524.850165473000061
1108,1107,-93.529772436763508,44.077278660989194,1491.236816405999889
1109,1108,-93.529772436763508,44.077239660989193,1479.979220919999989
1110,1109,-93.529772436763508,44.077200660989192,1455.774414062000005
1111,1110,-93.529772436763508,44.077161660989191,1316.870998805999989
1112,1111,-93.529772436763508,44.077122660989197,1313.658243815000105
1113,1112,-93.529772436763508,44.077083660989189,1392.307603623999967
1114,1113,-93.529772436763508,44.077044660989195,1403.958964030000061
1115,1114,-93.529772436763508,44.077005660989194,1357.743353950000028
1116,1115,-93.529772436763508,44.076966660989186,1262.987481011000000
1117,1116,-93.529772436763508,44.076927660989192,1112.655178493999983
1118,1117,-93.529772436763508,44.076888660989191,942.946506075999991
1119,1118,-93.529772436763508,44.076849660989190,790.678168402999972
1120,1119,-93.529772436763508,44.076810660989189,724.848571776999961
