OID_,FID,X,Y,Extract_GALa_Moi
1,0,-93.531098436763500,44.078019660989192,15.360041936000000
2,1,-93.531098436763500,44.077980660989198,15.298503982000000
3,2,-93.531098436763500,44.077941660989190,15.492525419000000
4,3,-93.531098436763500,44.077902660989189,15.512379434000000
5,4,-93.531098436763500,44.077863660989195,15.601469145999999
6,5,-93.531098436763500,44.077824660989201,15.560811679000000
7,6,-93.531098436763500,44.077785660989193,15.576739470000000
8,7,-93.531098436763500,44.077746660989192,15.439823574000000
9,8,-93.531098436763500,44.077707660989184,15.166804526000000
10,9,-93.531098436763500,44.077668660989190,14.982887904000000
11,10,-93.531098436763500,44.077629660989189,14.842263645999999
12,11,-93.531098436763500,44.077590660989195,14.650318781999999
13,12,-93.531098436763500,44.077551660989187,14.558323542000000
14,13,-93.531098436763500,44.077512660989193,14.577937232000000
15,14,-93.531098436763500,44.077473660989192,14.811789725000001
16,15,-93.531098436763500,44.077434660989191,15.136555248000001
17,16,-93.531098436763500,44.077395660989190,15.319591204000000
18,17,-93.531098436763500,44.077356660989189,15.342140516000001
19,18,-93.531098436763500,44.077317660989195,15.272388246000000
20,19,-93.531098436763500,44.077278660989194,15.302443503999999
21,20,-93.531098436763500,44.077239660989193,15.350408130000000
22,21,-93.531098436763500,44.077200660989192,15.215993351000000
23,22,-93.531098436763500,44.077161660989191,14.960795508000000
24,23,-93.531098436763500,44.077122660989197,14.585881869000000
25,24,-93.531098436763500,44.077083660989189,14.367198308000001
26,25,-93.531098436763500,44.077044660989195,14.252340794000000
27,26,-93.531098436763500,44.077005660989194,14.253758113000000
28,27,-93.531098436763500,44.076966660989186,14.172825283000000
29,28,-93.531098436763500,44.076927660989192,14.117868106000000
30,29,-93.531098436763500,44.076888660989191,14.044765684000000
31,30,-93.531098436763500,44.076849660989190,13.864230367999999
32,31,-93.531098436763500,44.076810660989189,13.602959632999999
33,32,-93.531059436763513,44.078019660989192,15.366115358000000
34,33,-93.531059436763513,44.077980660989198,15.307041062000000
35,34,-93.531059436763513,44.077941660989190,15.499239604000000
36,35,-93.531059436763513,44.077902660989189,15.529324426000001
37,36,-93.531059436763513,44.077863660989195,15.614339405000001
38,37,-93.531059436763513,44.077824660989201,15.558869573999999
39,38,-93.531059436763513,44.077785660989193,15.575235844000000
40,39,-93.531059436763513,44.077746660989192,15.433239089000001
41,40,-93.531059436763513,44.077707660989184,15.179149733999999
42,41,-93.531059436763513,44.077668660989190,15.019194284999999
43,42,-93.531059436763513,44.077629660989189,14.919469092000000
44,43,-93.531059436763513,44.077590660989195,14.752991464000001
45,44,-93.531059436763513,44.077551660989187,14.632712046000000
46,45,-93.531059436763513,44.077512660989193,14.668688350000000
47,46,-93.531059436763513,44.077473660989192,14.857807477000000
48,47,-93.531059436763513,44.077434660989191,15.174773110000000
49,48,-93.531059436763513,44.077395660989190,15.307459301000000
50,49,-93.531059436763513,44.077356660989189,15.331642257000000
51,50,-93.531059436763513,44.077317660989195,15.280166414000000
52,51,-93.531059436763513,44.077278660989194,15.320416133000000
53,52,-93.531059436763513,44.077239660989193,15.365979618000001
54,53,-93.531059436763513,44.077200660989192,15.217366430000000
55,54,-93.531059436763513,44.077161660989191,14.934245639000000
56,55,-93.531059436763513,44.077122660989197,14.560707091999999
57,56,-93.531059436763513,44.077083660989189,14.326319800000000
58,57,-93.531059436763513,44.077044660989195,14.217566489999999
59,58,-93.531059436763513,44.077005660989194,14.229509672000001
60,59,-93.531059436763513,44.076966660989186,14.148480944999999
61,60,-93.531059436763513,44.076927660989192,14.070534388000000
62,61,-93.531059436763513,44.076888660989191,13.999689102000000
63,62,-93.531059436763513,44.076849660989190,13.813291974000000
64,63,-93.531059436763513,44.076810660989189,13.560879389000000
65,64,-93.531020436763498,44.078019660989192,15.363903787000000
66,65,-93.531020436763498,44.077980660989198,15.330774731000000
67,66,-93.531020436763498,44.077941660989190,15.514462259000000
68,67,-93.531020436763498,44.077902660989189,15.525035858000001
69,68,-93.531020436763498,44.077863660989195,15.608578152000000
70,69,-93.531020436763498,44.077824660989201,15.554461267000001
71,70,-93.531020436763498,44.077785660989193,15.570682844000000
72,71,-93.531020436763498,44.077746660989192,15.422675557000000
73,72,-93.531020436763498,44.077707660989184,15.196239048000001
74,73,-93.531020436763498,44.077668660989190,15.045111020000000
75,74,-93.531020436763498,44.077629660989189,14.991423819000000
76,75,-93.531020436763498,44.077590660989195,14.883287006000000
77,76,-93.531020436763498,44.077551660989187,14.756756623999999
78,77,-93.531020436763498,44.077512660989193,14.762145678000000
79,78,-93.531020436763498,44.077473660989192,14.919099914000000
80,79,-93.531020436763498,44.077434660989191,15.221235063000000
81,80,-93.531020436763498,44.077395660989190,15.336201456000000
82,81,-93.531020436763498,44.077356660989189,15.338165177000000
83,82,-93.531020436763498,44.077317660989195,15.285081969000000
84,83,-93.531020436763498,44.077278660989194,15.327624639000000
85,84,-93.531020436763498,44.077239660989193,15.361938371000001
86,85,-93.531020436763498,44.077200660989192,15.199722714000000
87,86,-93.531020436763498,44.077161660989191,14.908480114000000
88,87,-93.531020436763498,44.077122660989197,14.558898608000000
89,88,-93.531020436763498,44.077083660989189,14.329153166999999
90,89,-93.531020436763498,44.077044660989195,14.212575595000001
91,90,-93.531020436763498,44.077005660989194,14.217037095000000
92,91,-93.531020436763498,44.076966660989186,14.123826875000001
93,92,-93.531020436763498,44.076927660989192,14.021018558000000
94,93,-93.531020436763498,44.076888660989191,13.947934363000000
95,94,-93.531020436763498,44.076849660989190,13.757334921000000
96,95,-93.531020436763498,44.076810660989189,13.536134720000000
97,96,-93.530981436763511,44.078019660989192,15.379997571000001
98,97,-93.530981436763511,44.077980660989198,15.359769821000000
99,98,-93.530981436763511,44.077941660989190,15.520135880000000
100,99,-93.530981436763511,44.077902660989189,15.534576893000001
101,100,-93.530981436763511,44.077863660989195,15.603596052000000
102,101,-93.530981436763511,44.077824660989201,15.549372673000001
103,102,-93.530981436763511,44.077785660989193,15.565597773000000
104,103,-93.530981436763511,44.077746660989192,15.421563943000001
105,104,-93.530981436763511,44.077707660989184,15.214446227000000
106,105,-93.530981436763511,44.077668660989190,15.075801054999999
107,106,-93.530981436763511,44.077629660989189,15.052664439000001
108,107,-93.530981436763511,44.077590660989195,14.929073969999999
109,108,-93.530981436763511,44.077551660989187,14.854918718000000
110,109,-93.530981436763511,44.077512660989193,14.869865894000000
111,110,-93.530981436763511,44.077473660989192,14.966809749999999
112,111,-93.530981436763511,44.077434660989191,15.252758662000000
113,112,-93.530981436763511,44.077395660989190,15.372880141000000
114,113,-93.530981436763511,44.077356660989189,15.355543296000000
115,114,-93.530981436763511,44.077317660989195,15.293438435000001
116,115,-93.530981436763511,44.077278660989194,15.320433378000001
117,116,-93.530981436763511,44.077239660989193,15.341093539999999
118,117,-93.530981436763511,44.077200660989192,15.165934563000000
119,118,-93.530981436763511,44.077161660989191,14.885410308999999
120,119,-93.530981436763511,44.077122660989197,14.559866746000001
121,120,-93.530981436763511,44.077083660989189,14.335074902000001
122,121,-93.530981436763511,44.077044660989195,14.217288971000000
123,122,-93.530981436763511,44.077005660989194,14.213254134000000
124,123,-93.530981436763511,44.076966660989186,14.104625224999999
125,124,-93.530981436763511,44.076927660989192,13.990851243000000
126,125,-93.530981436763511,44.076888660989191,13.906198184000001
127,126,-93.530981436763511,44.076849660989190,13.727615515000000
128,127,-93.530981436763511,44.076810660989189,13.486597060999999
129,128,-93.530942436763510,44.078019660989192,15.408085292999999
130,129,-93.530942436763510,44.077980660989198,15.396842003000000
131,130,-93.530942436763510,44.077941660989190,15.521900070999999
132,131,-93.530942436763510,44.077902660989189,15.519009907999999
133,132,-93.530942436763510,44.077863660989195,15.596738497000000
134,133,-93.530942436763510,44.077824660989201,15.541287104000000
135,134,-93.530942436763510,44.077785660989193,15.561655839000000
136,135,-93.530942436763510,44.077746660989192,15.427917691999999
137,136,-93.530942436763510,44.077707660989184,15.233874003000000
138,137,-93.530942436763510,44.077668660989190,15.109145270000001
139,138,-93.530942436763510,44.077629660989189,15.104544746000000
140,139,-93.530942436763510,44.077590660989195,14.984955894000000
141,140,-93.530942436763510,44.077551660989187,14.890721320999999
142,141,-93.530942436763510,44.077512660989193,14.896529939000001
143,142,-93.530942436763510,44.077473660989192,15.015408091999999
144,143,-93.530942436763510,44.077434660989191,15.297059589000000
145,144,-93.530942436763510,44.077395660989190,15.397921774000000
146,145,-93.530942436763510,44.077356660989189,15.366437382000001
147,146,-93.530942436763510,44.077317660989195,15.291863124000001
148,147,-93.530942436763510,44.077278660989194,15.294123172999999
149,148,-93.530942436763510,44.077239660989193,15.299214575000001
150,149,-93.530942436763510,44.077200660989192,15.121665954999999
151,150,-93.530942436763510,44.077161660989191,14.858222538000000
152,151,-93.530942436763510,44.077122660989197,14.545270496000001
153,152,-93.530942436763510,44.077083660989189,14.343736966000000
154,153,-93.530942436763510,44.077044660989195,14.233383497000000
155,154,-93.530942436763510,44.077005660989194,14.208179897999999
156,155,-93.530942436763510,44.076966660989186,14.091923714000000
157,156,-93.530942436763510,44.076927660989192,13.969815042000000
158,157,-93.530942436763510,44.076888660989191,13.896596908999999
159,158,-93.530942436763510,44.076849660989190,13.689786699000001
160,159,-93.530942436763510,44.076810660989189,13.480008973000000
161,160,-93.530903436763509,44.078019660989192,15.459494485000000
162,161,-93.530903436763509,44.077980660989198,15.438445409000000
163,162,-93.530903436763509,44.077941660989190,15.539275805000001
164,163,-93.530903436763509,44.077902660989189,15.515890756999999
165,164,-93.530903436763509,44.077863660989195,15.577645302000001
166,165,-93.530903436763509,44.077824660989201,15.544687164999999
167,166,-93.530903436763509,44.077785660989193,15.556694349000001
168,167,-93.530903436763509,44.077746660989192,15.423174752000000
169,168,-93.530903436763509,44.077707660989184,15.254281362000000
170,169,-93.530903436763509,44.077668660989190,15.136210759000001
171,170,-93.530903436763509,44.077629660989189,15.148267428000000
172,171,-93.530903436763509,44.077590660989195,15.046938365999999
173,172,-93.530903436763509,44.077551660989187,14.948605378000000
174,173,-93.530903436763509,44.077512660989193,14.942459954000000
175,174,-93.530903436763509,44.077473660989192,15.056975365000000
176,175,-93.530903436763509,44.077434660989191,15.333421071000000
177,176,-93.530903436763509,44.077395660989190,15.410905732000000
178,177,-93.530903436763509,44.077356660989189,15.365845044000000
179,178,-93.530903436763509,44.077317660989195,15.279010561000000
180,179,-93.530903436763509,44.077278660989194,15.244603634000001
181,180,-93.530903436763509,44.077239660989193,15.231171077999999
182,181,-93.530903436763509,44.077200660989192,15.063648966000001
183,182,-93.530903436763509,44.077161660989191,14.829501258000001
184,183,-93.530903436763509,44.077122660989197,14.540866110000000
185,184,-93.530903436763509,44.077083660989189,14.341281149000000
186,185,-93.530903436763509,44.077044660989195,14.231701214999999
187,186,-93.530903436763509,44.077005660989194,14.198016591000000
188,187,-93.530903436763509,44.076966660989186,14.068296962000000
189,188,-93.530903436763509,44.076927660989192,13.958352089000000
190,189,-93.530903436763509,44.076888660989191,13.884176996000001
191,190,-93.530903436763509,44.076849660989190,13.697963927000000
192,191,-93.530903436763509,44.076810660989189,13.467327224000000
193,192,-93.530864436763494,44.078019660989192,15.524719874000001
194,193,-93.530864436763494,44.077980660989198,15.498420503000000
195,194,-93.530864436763494,44.077941660989190,15.583551830999999
196,195,-93.530864436763494,44.077902660989189,15.538642248000000
197,196,-93.530864436763494,44.077863660989195,15.599461555000000
198,197,-93.530864436763494,44.077824660989201,15.559852282000000
199,198,-93.530864436763494,44.077785660989193,15.566568851000000
200,199,-93.530864436763494,44.077746660989192,15.422060755000000
201,200,-93.530864436763494,44.077707660989184,15.266745038000000
202,201,-93.530864436763494,44.077668660989190,15.136830118000001
203,202,-93.530864436763494,44.077629660989189,15.139636676000000
204,203,-93.530864436763494,44.077590660989195,15.011226124000000
205,204,-93.530864436763494,44.077551660989187,14.961932977000000
206,205,-93.530864436763494,44.077512660989193,14.975092569999999
207,206,-93.530864436763494,44.077473660989192,15.075847096000000
208,207,-93.530864436763494,44.077434660989191,15.343795882000000
209,208,-93.530864436763494,44.077395660989190,15.412125376000001
210,209,-93.530864436763494,44.077356660989189,15.336159494000000
211,210,-93.530864436763494,44.077317660989195,15.231429100000000
212,211,-93.530864436763494,44.077278660989194,15.173659324999999
213,212,-93.530864436763494,44.077239660989193,15.162024180000000
214,213,-93.530864436763494,44.077200660989192,15.019818623999999
215,214,-93.530864436763494,44.077161660989191,14.817923122000000
216,215,-93.530864436763494,44.077122660989197,14.536236869000000
217,216,-93.530864436763494,44.077083660989189,14.343014610999999
218,217,-93.530864436763494,44.077044660989195,14.222663403000000
219,218,-93.530864436763494,44.077005660989194,14.174038251000001
220,219,-93.530864436763494,44.076966660989186,14.051708327000000
221,220,-93.530864436763494,44.076927660989192,13.955952538000000
222,221,-93.530864436763494,44.076888660989191,13.893453067999999
223,222,-93.530864436763494,44.076849660989190,13.716261758000000
224,223,-93.530864436763494,44.076810660989189,13.477790515000001
225,224,-93.530825436763507,44.078019660989192,15.588446935000000
226,225,-93.530825436763507,44.077980660989198,15.576612260999999
227,226,-93.530825436763507,44.077941660989190,15.649531681999999
228,227,-93.530825436763507,44.077902660989189,15.567276637000001
229,228,-93.530825436763507,44.077863660989195,15.619578150000001
230,229,-93.530825436763507,44.077824660989201,15.583115154000000
231,230,-93.530825436763507,44.077785660989193,15.593080839000001
232,231,-93.530825436763507,44.077746660989192,15.432550854000000
233,232,-93.530825436763507,44.077707660989184,15.262102127000000
234,233,-93.530825436763507,44.077668660989190,15.119222535000000
235,234,-93.530825436763507,44.077629660989189,15.113188956000000
236,235,-93.530825436763507,44.077590660989195,14.979694049000001
237,236,-93.530825436763507,44.077551660989187,14.969899495000000
238,237,-93.530825436763507,44.077512660989193,14.981769138000001
239,238,-93.530825436763507,44.077473660989192,15.094056129000000
240,239,-93.530825436763507,44.077434660989191,15.340752284000001
241,240,-93.530825436763507,44.077395660989190,15.384245449000000
242,241,-93.530825436763507,44.077356660989189,15.293904199000000
243,242,-93.530825436763507,44.077317660989195,15.155657767999999
244,243,-93.530825436763507,44.077278660989194,15.106008688999999
245,244,-93.530825436763507,44.077239660989193,15.097969902999999
246,245,-93.530825436763507,44.077200660989192,14.995327738000000
247,246,-93.530825436763507,44.077161660989191,14.809690899000000
248,247,-93.530825436763507,44.077122660989197,14.542942153000000
249,248,-93.530825436763507,44.077083660989189,14.340475824000000
250,249,-93.530825436763507,44.077044660989195,14.202176889000000
251,250,-93.530825436763507,44.077005660989194,14.141566488000000
252,251,-93.530825436763507,44.076966660989186,14.042932828000000
253,252,-93.530825436763507,44.076927660989192,13.960608270000000
254,253,-93.530825436763507,44.076888660989191,13.902477264000000
255,254,-93.530825436763507,44.076849660989190,13.728510009000001
256,255,-93.530825436763507,44.076810660989189,13.496810912999999
257,256,-93.530786436763520,44.078019660989192,15.661397192000001
258,257,-93.530786436763520,44.077980660989198,15.649773915999999
259,258,-93.530786436763520,44.077941660989190,15.688039037999999
260,259,-93.530786436763520,44.077902660989189,15.603366640000001
261,260,-93.530786436763520,44.077863660989195,15.637767580000000
262,261,-93.530786436763520,44.077824660989201,15.611951510000001
263,262,-93.530786436763520,44.077785660989193,15.604050636000000
264,263,-93.530786436763520,44.077746660989192,15.449408213000000
265,264,-93.530786436763520,44.077707660989184,15.269516733000000
266,265,-93.530786436763520,44.077668660989190,15.102931341000000
267,266,-93.530786436763520,44.077629660989189,15.103117095000000
268,267,-93.530786436763520,44.077590660989195,14.978505770000000
269,268,-93.530786436763520,44.077551660989187,14.965312798999999
270,269,-93.530786436763520,44.077512660989193,15.007255448000000
271,270,-93.530786436763520,44.077473660989192,15.112099647999999
272,271,-93.530786436763520,44.077434660989191,15.324633280000000
273,272,-93.530786436763520,44.077395660989190,15.344802539000000
274,273,-93.530786436763520,44.077356660989189,15.239939902000000
275,274,-93.530786436763520,44.077317660989195,15.089805603000000
276,275,-93.530786436763520,44.077278660989194,15.043932756000000
277,276,-93.530786436763520,44.077239660989193,15.049243503000000
278,277,-93.530786436763520,44.077200660989192,14.988669184000001
279,278,-93.530786436763520,44.077161660989191,14.813447211000000
280,279,-93.530786436763520,44.077122660989197,14.539243486000000
281,280,-93.530786436763520,44.077083660989189,14.321887016000000
282,281,-93.530786436763520,44.077044660989195,14.186278820000000
283,282,-93.530786436763520,44.077005660989194,14.128955947000000
284,283,-93.530786436763520,44.076966660989186,14.044111040000001
285,284,-93.530786436763520,44.076927660989192,13.962631225999999
286,285,-93.530786436763520,44.076888660989191,13.924031576000001
287,286,-93.530786436763520,44.076849660989190,13.756731669000001
288,287,-93.530786436763520,44.076810660989189,13.529527346000000
289,288,-93.530747436763519,44.078019660989192,15.710181872000000
290,289,-93.530747436763519,44.077980660989198,15.706246164000000
291,290,-93.530747436763519,44.077941660989190,15.724504576999999
292,291,-93.530747436763519,44.077902660989189,15.630957815000000
293,292,-93.530747436763519,44.077863660989195,15.645819557999999
294,293,-93.530747436763519,44.077824660989201,15.624261325999999
295,294,-93.530747436763519,44.077785660989193,15.633676847000000
296,295,-93.530747436763519,44.077746660989192,15.471302880000000
297,296,-93.530747436763519,44.077707660989184,15.308834394000000
298,297,-93.530747436763519,44.077668660989190,15.111975458000000
299,298,-93.530747436763519,44.077629660989189,15.118315167000000
300,299,-93.530747436763519,44.077590660989195,15.002160708000000
301,300,-93.530747436763519,44.077551660989187,15.012517452000001
302,301,-93.530747436763519,44.077512660989193,15.049500676999999
303,302,-93.530747436763519,44.077473660989192,15.156142128999999
304,303,-93.530747436763519,44.077434660989191,15.345021460000000
305,304,-93.530747436763519,44.077395660989190,15.336730108999999
306,305,-93.530747436763519,44.077356660989189,15.213361634000000
307,306,-93.530747436763519,44.077317660989195,15.061885728000000
308,307,-93.530747436763519,44.077278660989194,14.999801159000000
309,308,-93.530747436763519,44.077239660989193,15.014825079000000
310,309,-93.530747436763519,44.077200660989192,14.986149470000001
311,310,-93.530747436763519,44.077161660989191,14.821111043000000
312,311,-93.530747436763519,44.077122660989197,14.545904477000001
313,312,-93.530747436763519,44.077083660989189,14.314332007999999
314,313,-93.530747436763519,44.077044660989195,14.162104289000000
315,314,-93.530747436763519,44.077005660989194,14.124467850000000
316,315,-93.530747436763519,44.076966660989186,14.048565440999999
317,316,-93.530747436763519,44.076927660989192,13.966489792000001
318,317,-93.530747436763519,44.076888660989191,13.938652039000001
319,318,-93.530747436763519,44.076849660989190,13.783091545000000
320,319,-93.530747436763519,44.076810660989189,13.586176448000000
321,320,-93.530708436763518,44.078019660989192,15.732539494999999
322,321,-93.530708436763518,44.077980660989198,15.728312651000000
323,322,-93.530708436763518,44.077941660989190,15.742089271999999
324,323,-93.530708436763518,44.077902660989189,15.643031597000000
325,324,-93.530708436763518,44.077863660989195,15.652024269000000
326,325,-93.530708436763518,44.077824660989201,15.644502163000000
327,326,-93.530708436763518,44.077785660989193,15.675703048999999
328,327,-93.530708436763518,44.077746660989192,15.507494609000000
329,328,-93.530708436763518,44.077707660989184,15.358558496000001
330,329,-93.530708436763518,44.077668660989190,15.148951053999999
331,330,-93.530708436763518,44.077629660989189,15.142927647000000
332,331,-93.530708436763518,44.077590660989195,15.061807791000000
333,332,-93.530708436763518,44.077551660989187,15.078894614999999
334,333,-93.530708436763518,44.077512660989193,15.120692253000000
335,334,-93.530708436763518,44.077473660989192,15.208304882000000
336,335,-93.530708436763518,44.077434660989191,15.362918218000001
337,336,-93.530708436763518,44.077395660989190,15.363621235000000
338,337,-93.530708436763518,44.077356660989189,15.226484458000000
339,338,-93.530708436763518,44.077317660989195,15.049787839000000
340,339,-93.530708436763518,44.077278660989194,14.984884739000000
341,340,-93.530708436763518,44.077239660989193,15.009354273000000
342,341,-93.530708436763518,44.077200660989192,14.985021114000000
343,342,-93.530708436763518,44.077161660989191,14.828312079000000
344,343,-93.530708436763518,44.077122660989197,14.547423998999999
345,344,-93.530708436763518,44.077083660989189,14.316925049000000
346,345,-93.530708436763518,44.077044660989195,14.167189598000000
347,346,-93.530708436763518,44.077005660989194,14.119428793999999
348,347,-93.530708436763518,44.076966660989186,14.052641392000000
349,348,-93.530708436763518,44.076927660989192,13.979672909000000
350,349,-93.530708436763518,44.076888660989191,13.971436818000001
351,350,-93.530708436763518,44.076849660989190,13.840021133000000
352,351,-93.530708436763518,44.076810660989189,13.649271488000000
353,352,-93.530669436763503,44.078019660989192,15.753824445999999
354,353,-93.530669436763503,44.077980660989198,15.750272326999999
355,354,-93.530669436763503,44.077941660989190,15.743910895000001
356,355,-93.530669436763503,44.077902660989189,15.643860074999999
357,356,-93.530669436763503,44.077863660989195,15.655556467000000
358,357,-93.530669436763503,44.077824660989201,15.672341347000000
359,358,-93.530669436763503,44.077785660989193,15.699689547000000
360,359,-93.530669436763503,44.077746660989192,15.562134849000000
361,360,-93.530669436763503,44.077707660989184,15.409983211000000
362,361,-93.530669436763503,44.077668660989190,15.214293798000000
363,362,-93.530669436763503,44.077629660989189,15.197166867000000
364,363,-93.530669436763503,44.077590660989195,15.131304211000000
365,364,-93.530669436763503,44.077551660989187,15.180787881000001
366,365,-93.530669436763503,44.077512660989193,15.234647220999999
367,366,-93.530669436763503,44.077473660989192,15.297410964999999
368,367,-93.530669436763503,44.077434660989191,15.414209048000000
369,368,-93.530669436763503,44.077395660989190,15.393375926999999
370,369,-93.530669436763503,44.077356660989189,15.255923483000000
371,370,-93.530669436763503,44.077317660989195,15.060938623000000
372,371,-93.530669436763503,44.077278660989194,14.997502804000000
373,372,-93.530669436763503,44.077239660989193,14.998336686000000
374,373,-93.530669436763503,44.077200660989192,14.980955123999999
375,374,-93.530669436763503,44.077161660989191,14.832766639000001
376,375,-93.530669436763503,44.077122660989197,14.557606697000001
377,376,-93.530669436763503,44.077083660989189,14.304998610000000
378,377,-93.530669436763503,44.077044660989195,14.147521337000001
379,378,-93.530669436763503,44.077005660989194,14.103796429000001
380,379,-93.530669436763503,44.076966660989186,14.057996008000000
381,380,-93.530669436763503,44.076927660989192,13.996549076999999
382,381,-93.530669436763503,44.076888660989191,14.002856254999999
383,382,-93.530669436763503,44.076849660989190,13.878998227000000
384,383,-93.530669436763503,44.076810660989189,13.698838658000000
385,384,-93.530630436763516,44.078019660989192,15.770071876999999
386,385,-93.530630436763516,44.077980660989198,15.762426906000000
387,386,-93.530630436763516,44.077941660989190,15.734453307000001
388,387,-93.530630436763516,44.077902660989189,15.638278960999999
389,388,-93.530630436763516,44.077863660989195,15.653375838000001
390,389,-93.530630436763516,44.077824660989201,15.678416570000000
391,390,-93.530630436763516,44.077785660989193,15.718784332000000
392,391,-93.530630436763516,44.077746660989192,15.593258327999999
393,392,-93.530630436763516,44.077707660989184,15.474703471000000
394,393,-93.530630436763516,44.077668660989190,15.287947337000000
395,394,-93.530630436763516,44.077629660989189,15.258913676000001
396,395,-93.530630436763516,44.077590660989195,15.220219294000000
397,396,-93.530630436763516,44.077551660989187,15.320392927000000
398,397,-93.530630436763516,44.077512660989193,15.380716960000001
399,398,-93.530630436763516,44.077473660989192,15.400550841999999
400,399,-93.530630436763516,44.077434660989191,15.459472549999999
401,400,-93.530630436763516,44.077395660989190,15.407685916000000
402,401,-93.530630436763516,44.077356660989189,15.288156297000000
403,402,-93.530630436763516,44.077317660989195,15.096028327999999
404,403,-93.530630436763516,44.077278660989194,15.017891884000001
405,404,-93.530630436763516,44.077239660989193,14.995979309000001
406,405,-93.530630436763516,44.077200660989192,14.968823645000001
407,406,-93.530630436763516,44.077161660989191,14.830452071000000
408,407,-93.530630436763516,44.077122660989197,14.554061572000000
409,408,-93.530630436763516,44.077083660989189,14.287580066000000
410,409,-93.530630436763516,44.077044660989195,14.130056063000000
411,410,-93.530630436763516,44.077005660989194,14.075406709999999
412,411,-93.530630436763516,44.076966660989186,14.057255215000000
413,412,-93.530630436763516,44.076927660989192,14.022299343000000
414,413,-93.530630436763516,44.076888660989191,14.052747832000000
415,414,-93.530630436763516,44.076849660989190,13.937630335000000
416,415,-93.530630436763516,44.076810660989189,13.756095355999999
417,416,-93.530591436763501,44.078019660989192,15.784680261000000
418,417,-93.530591436763501,44.077980660989198,15.769970894000000
419,418,-93.530591436763501,44.077941660989190,15.719141218000001
420,419,-93.530591436763501,44.077902660989189,15.622482088000000
421,420,-93.530591436763501,44.077863660989195,15.649101575000000
422,421,-93.530591436763501,44.077824660989201,15.677546501000000
423,422,-93.530591436763501,44.077785660989193,15.721085231000000
424,423,-93.530591436763501,44.077746660989192,15.600484423999999
425,424,-93.530591436763501,44.077707660989184,15.505498886000000
426,425,-93.530591436763501,44.077668660989190,15.343450228000000
427,426,-93.530591436763501,44.077629660989189,15.306625048000001
428,427,-93.530591436763501,44.077590660989195,15.297925101000001
429,428,-93.530591436763501,44.077551660989187,15.434706846999999
430,429,-93.530591436763501,44.077512660989193,15.513059721999999
431,430,-93.530591436763501,44.077473660989192,15.496082941999999
432,431,-93.530591436763501,44.077434660989191,15.470694648000000
433,432,-93.530591436763501,44.077395660989190,15.397617340000000
434,433,-93.530591436763501,44.077356660989189,15.303194469999999
435,434,-93.530591436763501,44.077317660989195,15.135172420000000
436,435,-93.530591436763501,44.077278660989194,15.060391107999999
437,436,-93.530591436763501,44.077239660989193,14.996512518999999
438,437,-93.530591436763501,44.077200660989192,14.955681907000001
439,438,-93.530591436763501,44.077161660989191,14.818702804000001
440,439,-93.530591436763501,44.077122660989197,14.557950443999999
441,440,-93.530591436763501,44.077083660989189,14.264507929000001
442,441,-93.530591436763501,44.077044660989195,14.114275138000000
443,442,-93.530591436763501,44.077005660989194,14.045184240999999
444,443,-93.530591436763501,44.076966660989186,14.057943238000000
445,444,-93.530591436763501,44.076927660989192,14.051769997999999
446,445,-93.530591436763501,44.076888660989191,14.086639721999999
447,446,-93.530591436763501,44.076849660989190,13.971203062000001
448,447,-93.530591436763501,44.076810660989189,13.786335838999999
449,448,-93.530552436763514,44.078019660989192,15.776282628000001
450,449,-93.530552436763514,44.077980660989198,15.764185905000000
451,450,-93.530552436763514,44.077941660989190,15.705375565000001
452,451,-93.530552436763514,44.077902660989189,15.612495952000000
453,452,-93.530552436763514,44.077863660989195,15.660756535000001
454,453,-93.530552436763514,44.077824660989201,15.689146148000001
455,454,-93.530552436763514,44.077785660989193,15.720216114999999
456,455,-93.530552436763514,44.077746660989192,15.607386270999999
457,456,-93.530552436763514,44.077707660989184,15.526061164000000
458,457,-93.530552436763514,44.077668660989190,15.361850843999999
459,458,-93.530552436763514,44.077629660989189,15.328198539000001
460,459,-93.530552436763514,44.077590660989195,15.342216386000000
461,460,-93.530552436763514,44.077551660989187,15.499483109000000
462,461,-93.530552436763514,44.077512660989193,15.591109063999999
463,462,-93.530552436763514,44.077473660989192,15.555348184000000
464,463,-93.530552436763514,44.077434660989191,15.470423486000000
465,464,-93.530552436763514,44.077395660989190,15.376193152999999
466,465,-93.530552436763514,44.077356660989189,15.313349830000000
467,466,-93.530552436763514,44.077317660989195,15.190183321999999
468,467,-93.530552436763514,44.077278660989194,15.111115456000000
469,468,-93.530552436763514,44.077239660989193,15.004759471000000
470,469,-93.530552436763514,44.077200660989192,14.955002255000000
471,470,-93.530552436763514,44.077161660989191,14.799173036999999
472,471,-93.530552436763514,44.077122660989197,14.563963147999999
473,472,-93.530552436763514,44.077083660989189,14.251949946000000
474,473,-93.530552436763514,44.077044660989195,14.101013977999999
475,474,-93.530552436763514,44.077005660989194,14.016833623000000
476,475,-93.530552436763514,44.076966660989186,14.049878438000000
477,476,-93.530552436763514,44.076927660989192,14.087448225999999
478,477,-93.530552436763514,44.076888660989191,14.133808666000000
479,478,-93.530552436763514,44.076849660989190,14.008719974000000
480,479,-93.530552436763514,44.076810660989189,13.812848303000001
481,480,-93.530513436763485,44.078019660989192,15.751240095000000
482,481,-93.530513436763485,44.077980660989198,15.738047070000000
483,482,-93.530513436763485,44.077941660989190,15.696035067000000
484,483,-93.530513436763485,44.077902660989189,15.617933591000000
485,484,-93.530513436763485,44.077863660989195,15.686704848000000
486,485,-93.530513436763485,44.077824660989201,15.718990856000000
487,486,-93.530513436763485,44.077785660989193,15.725966612000001
488,487,-93.530513436763485,44.077746660989192,15.616761102000000
489,488,-93.530513436763485,44.077707660989184,15.543518914000000
490,489,-93.530513436763485,44.077668660989190,15.394695069999999
491,490,-93.530513436763485,44.077629660989189,15.354191992000001
492,491,-93.530513436763485,44.077590660989195,15.372767553999999
493,492,-93.530513436763485,44.077551660989187,15.543875217000000
494,493,-93.530513436763485,44.077512660989193,15.634330326000001
495,494,-93.530513436763485,44.077473660989192,15.585668564000001
496,495,-93.530513436763485,44.077434660989191,15.467188517000000
497,496,-93.530513436763485,44.077395660989190,15.369219356000000
498,497,-93.530513436763485,44.077356660989189,15.334329499000001
499,498,-93.530513436763485,44.077317660989195,15.251579391000000
500,499,-93.530513436763485,44.077278660989194,15.147561391000000
501,500,-93.530513436763485,44.077239660989193,15.018966463000000
502,501,-93.530513436763485,44.077200660989192,14.958514743000000
503,502,-93.530513436763485,44.077161660989191,14.783610555999999
504,503,-93.530513436763485,44.077122660989197,14.576958762000000
505,504,-93.530513436763485,44.077083660989189,14.251571973000001
506,505,-93.530513436763485,44.077044660989195,14.117233117000000
507,506,-93.530513436763485,44.077005660989194,14.005284521000000
508,507,-93.530513436763485,44.076966660989186,14.063098272000000
509,508,-93.530513436763485,44.076927660989192,14.118627760000001
510,509,-93.530513436763485,44.076888660989191,14.178173595000001
511,510,-93.530513436763485,44.076849660989190,14.047489166000000
512,511,-93.530513436763485,44.076810660989189,13.846279250000000
513,512,-93.530474436763512,44.078019660989192,15.741976738000000
514,513,-93.530474436763512,44.077980660989198,15.730296135000000
515,514,-93.530474436763512,44.077941660989190,15.697831313000000
516,515,-93.530474436763512,44.077902660989189,15.621838411000001
517,516,-93.530474436763512,44.077863660989195,15.723651886000001
518,517,-93.530474436763512,44.077824660989201,15.757667382999999
519,518,-93.530474436763512,44.077785660989193,15.751816510999999
520,519,-93.530474436763512,44.077746660989192,15.621577899000000
521,520,-93.530474436763512,44.077707660989184,15.558790366000000
522,521,-93.530474436763512,44.077668660989190,15.421274821000001
523,522,-93.530474436763512,44.077629660989189,15.366162618000001
524,523,-93.530474436763512,44.077590660989195,15.396802425000001
525,524,-93.530474436763512,44.077551660989187,15.561957121000001
526,525,-93.530474436763512,44.077512660989193,15.648901622000000
527,526,-93.530474436763512,44.077473660989192,15.594514846999999
528,527,-93.530474436763512,44.077434660989191,15.468523342999999
529,528,-93.530474436763512,44.077395660989190,15.405385970999999
530,529,-93.530474436763512,44.077356660989189,15.397805532000000
531,530,-93.530474436763512,44.077317660989195,15.305294354999999
532,531,-93.530474436763512,44.077278660989194,15.215217113000000
533,532,-93.530474436763512,44.077239660989193,15.026851971999999
534,533,-93.530474436763512,44.077200660989192,14.967374961000001
535,534,-93.530474436763512,44.077161660989191,14.778432050999999
536,535,-93.530474436763512,44.077122660989197,14.587157885000000
537,536,-93.530474436763512,44.077083660989189,14.289001942000001
538,537,-93.530474436763512,44.077044660989195,14.151267052000000
539,538,-93.530474436763512,44.077005660989194,14.014512221000000
540,539,-93.530474436763512,44.076966660989186,14.084948539999999
541,540,-93.530474436763512,44.076927660989192,14.153823694000000
542,541,-93.530474436763512,44.076888660989191,14.224832534999999
543,542,-93.530474436763512,44.076849660989190,14.091728528000001
544,543,-93.530474436763512,44.076810660989189,13.875729084000000
545,544,-93.530435436763497,44.078019660989192,15.737411075000001
546,545,-93.530435436763497,44.077980660989198,15.730751885000000
547,546,-93.530435436763497,44.077941660989190,15.704823599999999
548,547,-93.530435436763497,44.077902660989189,15.654381222000000
549,548,-93.530435436763497,44.077863660989195,15.764811092000000
550,549,-93.530435436763497,44.077824660989201,15.797903909000000
551,550,-93.530435436763497,44.077785660989193,15.765396595000000
552,551,-93.530435436763497,44.077746660989192,15.631990009000001
553,552,-93.530435436763497,44.077707660989184,15.563260078000001
554,553,-93.530435436763497,44.077668660989190,15.442808150999999
555,554,-93.530435436763497,44.077629660989189,15.398940828000001
556,555,-93.530435436763497,44.077590660989195,15.433281793000001
557,556,-93.530435436763497,44.077551660989187,15.577109814000000
558,557,-93.530435436763497,44.077512660989193,15.643003994000001
559,558,-93.530435436763497,44.077473660989192,15.596852091000001
560,559,-93.530435436763497,44.077434660989191,15.489754995000000
561,560,-93.530435436763497,44.077395660989190,15.458624415999999
562,561,-93.530435436763497,44.077356660989189,15.478876326000000
563,562,-93.530435436763497,44.077317660989195,15.398243903999999
564,563,-93.530435436763497,44.077278660989194,15.276730378000000
565,564,-93.530435436763497,44.077239660989193,15.068704286999999
566,565,-93.530435436763497,44.077200660989192,14.989510323999999
567,566,-93.530435436763497,44.077161660989191,14.785654385999999
568,567,-93.530435436763497,44.077122660989197,14.597567664000000
569,568,-93.530435436763497,44.077083660989189,14.317068841999999
570,569,-93.530435436763497,44.077044660989195,14.210852305000000
571,570,-93.530435436763497,44.077005660989194,14.065537665000001
572,571,-93.530435436763497,44.076966660989186,14.143452644000000
573,572,-93.530435436763497,44.076927660989192,14.208072238000000
574,573,-93.530435436763497,44.076888660989191,14.282910241000000
575,574,-93.530435436763497,44.076849660989190,14.158659934999999
576,575,-93.530435436763497,44.076810660989189,13.946923256000000
577,576,-93.530396436763510,44.078019660989192,15.758906681999999
578,577,-93.530396436763510,44.077980660989198,15.751963827000001
579,578,-93.530396436763510,44.077941660989190,15.733185768000000
580,579,-93.530396436763510,44.077902660989189,15.712886810000001
581,580,-93.530396436763510,44.077863660989195,15.831544451999999
582,581,-93.530396436763510,44.077824660989201,15.845377286000000
583,582,-93.530396436763510,44.077785660989193,15.793715159000000
584,583,-93.530396436763510,44.077746660989192,15.658436245000001
585,584,-93.530396436763510,44.077707660989184,15.560803201000001
586,585,-93.530396436763510,44.077668660989190,15.457229401999999
587,586,-93.530396436763510,44.077629660989189,15.428907182000000
588,587,-93.530396436763510,44.077590660989195,15.461760945000000
589,588,-93.530396436763510,44.077551660989187,15.590907097000001
590,589,-93.530396436763510,44.077512660989193,15.628817664000000
591,590,-93.530396436763510,44.077473660989192,15.594460274999999
592,591,-93.530396436763510,44.077434660989191,15.532701810000001
593,592,-93.530396436763510,44.077395660989190,15.542440944000001
594,593,-93.530396436763510,44.077356660989189,15.572742143999999
595,594,-93.530396436763510,44.077317660989195,15.484696282000000
596,595,-93.530396436763510,44.077278660989194,15.335506756999999
597,596,-93.530396436763510,44.077239660989193,15.081864569000000
598,597,-93.530396436763510,44.077200660989192,15.000182682000000
599,598,-93.530396436763510,44.077161660989191,14.809076415000000
600,599,-93.530396436763510,44.077122660989197,14.642387813999999
601,600,-93.530396436763510,44.077083660989189,14.374264293000000
602,601,-93.530396436763510,44.077044660989195,14.291515191000000
603,602,-93.530396436763510,44.077005660989194,14.145732668000001
604,603,-93.530396436763510,44.076966660989186,14.218929079000000
605,604,-93.530396436763510,44.076927660989192,14.272001372000000
606,605,-93.530396436763510,44.076888660989191,14.367649077999999
607,606,-93.530396436763510,44.076849660989190,14.248178694000000
608,607,-93.530396436763510,44.076810660989189,14.045884237999999
609,608,-93.530357436763495,44.078019660989192,15.925894631000000
610,609,-93.530357436763495,44.077980660989198,15.848368751000001
611,610,-93.530357436763495,44.077941660989190,15.779749764000000
612,611,-93.530357436763495,44.077902660989189,15.772587034000001
613,612,-93.530357436763495,44.077863660989195,15.888288286000000
614,613,-93.530357436763495,44.077824660989201,15.902633031000001
615,614,-93.530357436763495,44.077785660989193,15.835333823999999
616,615,-93.530357436763495,44.077746660989192,15.677274704000000
617,616,-93.530357436763495,44.077707660989184,15.563837686999999
618,617,-93.530357436763495,44.077668660989190,15.471373346000000
619,618,-93.530357436763495,44.077629660989189,15.451367590000000
620,619,-93.530357436763495,44.077590660989195,15.483053525000001
621,620,-93.530357436763495,44.077551660989187,15.582832813000000
622,621,-93.530357436763495,44.077512660989193,15.619848463000000
623,622,-93.530357436763495,44.077473660989192,15.630164358000000
624,623,-93.530357436763495,44.077434660989191,15.596563975000000
625,624,-93.530357436763495,44.077395660989190,15.635918829000000
626,625,-93.530357436763495,44.077356660989189,15.694106526000001
627,626,-93.530357436763495,44.077317660989195,15.540316582000001
628,627,-93.530357436763495,44.077278660989194,15.345920722000001
629,628,-93.530357436763495,44.077239660989193,15.097207917000000
630,629,-93.530357436763495,44.077200660989192,15.021632936000000
631,630,-93.530357436763495,44.077161660989191,14.832213932000000
632,631,-93.530357436763495,44.077122660989197,14.691463682000000
633,632,-93.530357436763495,44.077083660989189,14.425344043000001
634,633,-93.530357436763495,44.077044660989195,14.399936040000000
635,634,-93.530357436763495,44.077005660989194,14.230619324999999
636,635,-93.530357436763495,44.076966660989186,14.295524809000000
637,636,-93.530357436763495,44.076927660989192,14.335271835000000
638,637,-93.530357436763495,44.076888660989191,14.439668973000000
639,638,-93.530357436763495,44.076849660989190,14.326865196000000
640,639,-93.530357436763495,44.076810660989189,14.164094394999999
641,640,-93.530318436763523,44.078019660989192,16.161393695000001
642,641,-93.530318436763523,44.077980660989198,16.091903686999999
643,642,-93.530318436763523,44.077941660989190,15.873870532000000
644,643,-93.530318436763523,44.077902660989189,15.834620900000001
645,644,-93.530318436763523,44.077863660989195,15.945995967000000
646,645,-93.530318436763523,44.077824660989201,15.952917841000000
647,646,-93.530318436763523,44.077785660989193,15.873539448000001
648,647,-93.530318436763523,44.077746660989192,15.695190006000001
649,648,-93.530318436763523,44.077707660989184,15.573933601000000
650,649,-93.530318436763523,44.077668660989190,15.482940356000000
651,650,-93.530318436763523,44.077629660989189,15.465043386000000
652,651,-93.530318436763523,44.077590660989195,15.501923137000000
653,652,-93.530318436763523,44.077551660989187,15.567567190000000
654,653,-93.530318436763523,44.077512660989193,15.617445416000001
655,654,-93.530318436763523,44.077473660989192,15.684105873000000
656,655,-93.530318436763523,44.077434660989191,15.705250316000001
657,656,-93.530318436763523,44.077395660989190,15.764444986999999
658,657,-93.530318436763523,44.077356660989189,15.782670975000000
659,658,-93.530318436763523,44.077317660989195,15.597934193000000
660,659,-93.530318436763523,44.077278660989194,15.373696009000000
661,660,-93.530318436763523,44.077239660989193,15.133501476999999
662,661,-93.530318436763523,44.077200660989192,15.065392599999999
663,662,-93.530318436763523,44.077161660989191,14.875488387000001
664,663,-93.530318436763523,44.077122660989197,14.744921895999999
665,664,-93.530318436763523,44.077083660989189,14.514641444000000
666,665,-93.530318436763523,44.077044660989195,14.485700766000001
667,666,-93.530318436763523,44.077005660989194,14.302746773000001
668,667,-93.530318436763523,44.076966660989186,14.381541675999999
669,668,-93.530318436763523,44.076927660989192,14.385660488999999
670,669,-93.530318436763523,44.076888660989191,14.510363685000000
671,670,-93.530318436763523,44.076849660989190,14.405996957999999
672,671,-93.530318436763523,44.076810660989189,14.258309576000000
673,672,-93.530279436763493,44.078019660989192,16.459826152000002
674,673,-93.530279436763493,44.077980660989198,16.355771807000000
675,674,-93.530279436763493,44.077941660989190,15.964241240000000
676,675,-93.530279436763493,44.077902660989189,15.909420648999999
677,676,-93.530279436763493,44.077863660989195,15.994757864000000
678,677,-93.530279436763493,44.077824660989201,15.989543597000001
679,678,-93.530279436763493,44.077785660989193,15.914837519000001
680,679,-93.530279436763493,44.077746660989192,15.714823723000000
681,680,-93.530279436763493,44.077707660989184,15.595836110000000
682,681,-93.530279436763493,44.077668660989190,15.508007472999999
683,682,-93.530279436763493,44.077629660989189,15.480717341000000
684,683,-93.530279436763493,44.077590660989195,15.515532388000000
685,684,-93.530279436763493,44.077551660989187,15.571127256000000
686,685,-93.530279436763493,44.077512660989193,15.638899802999999
687,686,-93.530279436763493,44.077473660989192,15.746068212999999
688,687,-93.530279436763493,44.077434660989191,15.820622126000000
689,688,-93.530279436763493,44.077395660989190,15.863445282000001
690,689,-93.530279436763493,44.077356660989189,15.819435120000000
691,690,-93.530279436763493,44.077317660989195,15.600991672999999
692,691,-93.530279436763493,44.077278660989194,15.418722312000000
693,692,-93.530279436763493,44.077239660989193,15.144862387000000
694,693,-93.530279436763493,44.077200660989192,15.097712199000000
695,694,-93.530279436763493,44.077161660989191,14.935542954000001
696,695,-93.530279436763493,44.077122660989197,14.808318244000001
697,696,-93.530279436763493,44.077083660989189,14.588570701000000
698,697,-93.530279436763493,44.077044660989195,14.563619455000000
699,698,-93.530279436763493,44.077005660989194,14.366295708999999
700,699,-93.530279436763493,44.076966660989186,14.445786264000001
701,700,-93.530279436763493,44.076927660989192,14.439830674000000
702,701,-93.530279436763493,44.076888660989191,14.559301694000000
703,702,-93.530279436763493,44.076849660989190,14.467240016000000
704,703,-93.530279436763493,44.076810660989189,14.352975421000000
705,704,-93.530240436763506,44.078019660989192,16.642437616999999
706,705,-93.530240436763506,44.077980660989198,16.516970316999998
707,706,-93.530240436763506,44.077941660989190,16.094032288000001
708,707,-93.530240436763506,44.077902660989189,15.973001161999999
709,708,-93.530240436763506,44.077863660989195,16.040018505999999
710,709,-93.530240436763506,44.077824660989201,16.034678458999998
711,710,-93.530240436763506,44.077785660989193,15.967730681000001
712,711,-93.530240436763506,44.077746660989192,15.775451978000000
713,712,-93.530240436763506,44.077707660989184,15.641067505000001
714,713,-93.530240436763506,44.077668660989190,15.553048027999999
715,714,-93.530240436763506,44.077629660989189,15.508598539999999
716,715,-93.530240436763506,44.077590660989195,15.547851668000000
717,716,-93.530240436763506,44.077551660989187,15.585634073000000
718,717,-93.530240436763506,44.077512660989193,15.665779538000001
719,718,-93.530240436763506,44.077473660989192,15.812138345999999
720,719,-93.530240436763506,44.077434660989191,15.901108424000000
721,720,-93.530240436763506,44.077395660989190,15.957582898000000
722,721,-93.530240436763506,44.077356660989189,15.863700549000001
723,722,-93.530240436763506,44.077317660989195,15.613083945000000
724,723,-93.530240436763506,44.077278660989194,15.441184203000001
725,724,-93.530240436763506,44.077239660989193,15.211838616000000
726,725,-93.530240436763506,44.077200660989192,15.183185894999999
727,726,-93.530240436763506,44.077161660989191,15.003377385000000
728,727,-93.530240436763506,44.077122660989197,14.875912983999999
729,728,-93.530240436763506,44.077083660989189,14.644733005000001
730,729,-93.530240436763506,44.077044660989195,14.607481956000001
731,730,-93.530240436763506,44.077005660989194,14.393153085000000
732,731,-93.530240436763506,44.076966660989186,14.493087344999999
733,732,-93.530240436763506,44.076927660989192,14.496181276000000
734,733,-93.530240436763506,44.076888660989191,14.618344943000000
735,734,-93.530240436763506,44.076849660989190,14.535045094000001
736,735,-93.530240436763506,44.076810660989189,14.420101060000000
737,736,-93.530201436763519,44.078019660989192,16.854290009000000
738,737,-93.530201436763519,44.077980660989198,16.591860452999999
739,738,-93.530201436763519,44.077941660989190,16.153233210000000
740,739,-93.530201436763519,44.077902660989189,15.990896225000000
741,740,-93.530201436763519,44.077863660989195,16.073253949000001
742,741,-93.530201436763519,44.077824660989201,16.071336746000000
743,742,-93.530201436763519,44.077785660989193,16.021205425000002
744,743,-93.530201436763519,44.077746660989192,15.840348562000001
745,744,-93.530201436763519,44.077707660989184,15.687191168000000
746,745,-93.530201436763519,44.077668660989190,15.605985799999999
747,746,-93.530201436763519,44.077629660989189,15.549233119000000
748,747,-93.530201436763519,44.077590660989195,15.590256849999999
749,748,-93.530201436763519,44.077551660989187,15.615846395000000
750,749,-93.530201436763519,44.077512660989193,15.694939931000000
751,750,-93.530201436763519,44.077473660989192,15.860263666000000
752,751,-93.530201436763519,44.077434660989191,15.934713046000001
753,752,-93.530201436763519,44.077395660989190,16.015663306000000
754,753,-93.530201436763519,44.077356660989189,15.922304789000000
755,754,-93.530201436763519,44.077317660989195,15.632545789000000
756,755,-93.530201436763519,44.077278660989194,15.483460665000001
757,756,-93.530201436763519,44.077239660989193,15.263639609000000
758,757,-93.530201436763519,44.077200660989192,15.266663869000000
759,758,-93.530201436763519,44.077161660989191,15.058622996000000
760,759,-93.530201436763519,44.077122660989197,14.936325709000000
761,760,-93.530201436763519,44.077083660989189,14.688180128999999
762,761,-93.530201436763519,44.077044660989195,14.622124910000000
763,762,-93.530201436763519,44.077005660989194,14.441993713000000
764,763,-93.530201436763519,44.076966660989186,14.537808577000000
765,764,-93.530201436763519,44.076927660989192,14.564224720000000
766,765,-93.530201436763519,44.076888660989191,14.688032150000000
767,766,-93.530201436763519,44.076849660989190,14.583903313000000
768,767,-93.530201436763519,44.076810660989189,14.472377936000001
769,768,-93.530162436763504,44.078019660989192,16.817155201999999
770,769,-93.530162436763504,44.077980660989198,16.661007350999999
771,770,-93.530162436763504,44.077941660989190,16.200068580000000
772,771,-93.530162436763504,44.077902660989189,15.993165334000000
773,772,-93.530162436763504,44.077863660989195,16.088540182999999
774,773,-93.530162436763504,44.077824660989201,16.085466385000000
775,774,-93.530162436763504,44.077785660989193,16.053763390000000
776,775,-93.530162436763504,44.077746660989192,15.889037662000000
777,776,-93.530162436763504,44.077707660989184,15.739848030999999
778,777,-93.530162436763504,44.077668660989190,15.671108351999999
779,778,-93.530162436763504,44.077629660989189,15.608487553000000
780,779,-93.530162436763504,44.077590660989195,15.640563541000001
781,780,-93.530162436763504,44.077551660989187,15.670452436000000
782,781,-93.530162436763504,44.077512660989193,15.737716039000000
783,782,-93.530162436763504,44.077473660989192,15.896647347000000
784,783,-93.530162436763504,44.077434660989191,16.006016625000001
785,784,-93.530162436763504,44.077395660989190,16.075558873999999
786,785,-93.530162436763504,44.077356660989189,15.964575556000000
787,786,-93.530162436763504,44.077317660989195,15.706179619000000
788,787,-93.530162436763504,44.077278660989194,15.545748233999999
789,788,-93.530162436763504,44.077239660989193,15.325107680000000
790,789,-93.530162436763504,44.077200660989192,15.357394748000001
791,790,-93.530162436763504,44.077161660989191,15.133563254000000
792,791,-93.530162436763504,44.077122660989197,15.001472261000000
793,792,-93.530162436763504,44.077083660989189,14.720373684000000
794,793,-93.530162436763504,44.077044660989195,14.685562293000000
795,794,-93.530162436763504,44.077005660989194,14.462616709000001
796,795,-93.530162436763504,44.076966660989186,14.595066812000001
797,796,-93.530162436763504,44.076927660989192,14.607251060999999
798,797,-93.530162436763504,44.076888660989191,14.756472376000000
799,798,-93.530162436763504,44.076849660989190,14.629523595000000
800,799,-93.530162436763504,44.076810660989189,14.537601153000001
801,800,-93.530123436763532,44.078019660989192,16.440568712000001
802,801,-93.530123436763532,44.077980660989198,16.681759939999999
803,802,-93.530123436763532,44.077941660989190,16.208903737000000
804,803,-93.530123436763532,44.077902660989189,15.985533820000001
805,804,-93.530123436763532,44.077863660989195,16.092485216000000
806,805,-93.530123436763532,44.077824660989201,16.095110786999999
807,806,-93.530123436763532,44.077785660989193,16.071417490999998
808,807,-93.530123436763532,44.077746660989192,15.935296694000000
809,808,-93.530123436763532,44.077707660989184,15.796577136000000
810,809,-93.530123436763532,44.077668660989190,15.744770156000000
811,810,-93.530123436763532,44.077629660989189,15.677980953000000
812,811,-93.530123436763532,44.077590660989195,15.718291282999999
813,812,-93.530123436763532,44.077551660989187,15.752283095999999
814,813,-93.530123436763532,44.077512660989193,15.809689627999999
815,814,-93.530123436763532,44.077473660989192,15.959905306000000
816,815,-93.530123436763532,44.077434660989191,16.095493740999999
817,816,-93.530123436763532,44.077395660989190,16.177559747000000
818,817,-93.530123436763532,44.077356660989189,16.072824690000001
819,818,-93.530123436763532,44.077317660989195,15.822453922999999
820,819,-93.530123436763532,44.077278660989194,15.654343287000000
821,820,-93.530123436763532,44.077239660989193,15.422558679000000
822,821,-93.530123436763532,44.077200660989192,15.461615245000001
823,822,-93.530123436763532,44.077161660989191,15.206599130000001
824,823,-93.530123436763532,44.077122660989197,15.071331342000001
825,824,-93.530123436763532,44.077083660989189,14.746857961000000
826,825,-93.530123436763532,44.077044660989195,14.745158195000000
827,826,-93.530123436763532,44.077005660989194,14.516604635000000
828,827,-93.530123436763532,44.076966660989186,14.655533367000000
829,828,-93.530123436763532,44.076927660989192,14.698247486000000
830,829,-93.530123436763532,44.076888660989191,14.843026160999999
831,830,-93.530123436763532,44.076849660989190,14.710763612999999
832,831,-93.530123436763532,44.076810660989189,14.614675310000001
833,832,-93.530084436763502,44.078019660989192,16.427988475999999
834,833,-93.530084436763502,44.077980660989198,16.635892232000000
835,834,-93.530084436763502,44.077941660989190,16.189697160000001
836,835,-93.530084436763502,44.077902660989189,15.980949402000000
837,836,-93.530084436763502,44.077863660989195,16.084512074999999
838,837,-93.530084436763502,44.077824660989201,16.097390916999998
839,838,-93.530084436763502,44.077785660989193,16.065522829999999
840,839,-93.530084436763502,44.077746660989192,15.953726980000001
841,840,-93.530084436763502,44.077707660989184,15.833192295000000
842,841,-93.530084436763502,44.077668660989190,15.801322301000001
843,842,-93.530084436763502,44.077629660989189,15.741967731000001
844,843,-93.530084436763502,44.077590660989195,15.798316320000000
845,844,-93.530084436763502,44.077551660989187,15.827341080000000
846,845,-93.530084436763502,44.077512660989193,15.880960463999999
847,846,-93.530084436763502,44.077473660989192,16.028148438999999
848,847,-93.530084436763502,44.077434660989191,16.164234372999999
849,848,-93.530084436763502,44.077395660989190,16.277705722000000
850,849,-93.530084436763502,44.077356660989189,16.185730616000001
851,850,-93.530084436763502,44.077317660989195,15.927322918000000
852,851,-93.530084436763502,44.077278660989194,15.778503577000000
853,852,-93.530084436763502,44.077239660989193,15.525118192000001
854,853,-93.530084436763502,44.077200660989192,15.539409320000001
855,854,-93.530084436763502,44.077161660989191,15.260475159000000
856,855,-93.530084436763502,44.077122660989197,15.124711672000000
857,856,-93.530084436763502,44.077083660989189,14.784908719000001
858,857,-93.530084436763502,44.077044660989195,14.789988359000001
859,858,-93.530084436763502,44.077005660989194,14.553213861000000
860,859,-93.530084436763502,44.076966660989186,14.726531665000000
861,860,-93.530084436763502,44.076927660989192,14.759813415000000
862,861,-93.530084436763502,44.076888660989191,14.939329147000000
863,862,-93.530084436763502,44.076849660989190,14.824300023999999
864,863,-93.530084436763502,44.076810660989189,14.699305746000000
865,864,-93.530045436763515,44.078019660989192,16.419632488000001
866,865,-93.530045436763515,44.077980660989198,16.761290232000000
867,866,-93.530045436763515,44.077941660989190,16.214118215999999
868,867,-93.530045436763515,44.077902660989189,15.982957946000001
869,868,-93.530045436763515,44.077863660989195,16.086628808000000
870,869,-93.530045436763515,44.077824660989201,16.094268799000002
871,870,-93.530045436763515,44.077785660989193,16.066311836000001
872,871,-93.530045436763515,44.077746660989192,15.958281199000000
873,872,-93.530045436763515,44.077707660989184,15.846928491000000
874,873,-93.530045436763515,44.077668660989190,15.825821029000000
875,874,-93.530045436763515,44.077629660989189,15.774329927000000
876,875,-93.530045436763515,44.077590660989195,15.834535705000000
877,876,-93.530045436763515,44.077551660989187,15.869667053000001
878,877,-93.530045436763515,44.077512660989193,15.920179897000001
879,878,-93.530045436763515,44.077473660989192,16.056202783000000
880,879,-93.530045436763515,44.077434660989191,16.207771937000000
881,880,-93.530045436763515,44.077395660989190,16.349301231999998
882,881,-93.530045436763515,44.077356660989189,16.286405350999999
883,882,-93.530045436763515,44.077317660989195,16.023584260000000
884,883,-93.530045436763515,44.077278660989194,15.865589301000000
885,884,-93.530045436763515,44.077239660989193,15.614608871000000
886,885,-93.530045436763515,44.077200660989192,15.597616408000000
887,886,-93.530045436763515,44.077161660989191,15.304049916000000
888,887,-93.530045436763515,44.077122660989197,15.172789998000001
889,888,-93.530045436763515,44.077083660989189,14.844675064000000
890,889,-93.530045436763515,44.077044660989195,14.830501556000000
891,890,-93.530045436763515,44.077005660989194,14.581019295999999
892,891,-93.530045436763515,44.076966660989186,14.743195004000000
893,892,-93.530045436763515,44.076927660989192,14.766447703000001
894,893,-93.530045436763515,44.076888660989191,15.000219451000000
895,894,-93.530045436763515,44.076849660989190,14.918552611000001
896,895,-93.530045436763515,44.076810660989189,14.914317025000001
897,896,-93.530006436763500,44.078019660989192,17.119362088999999
898,897,-93.530006436763500,44.077980660989198,16.811225890999999
899,898,-93.530006436763500,44.077941660989190,16.257594108999999
900,899,-93.530006436763500,44.077902660989189,16.001767370000000
901,900,-93.530006436763500,44.077863660989195,16.099198234999999
902,901,-93.530006436763500,44.077824660989201,16.098483614999999
903,902,-93.530006436763500,44.077785660989193,16.060732841000000
904,903,-93.530006436763500,44.077746660989192,15.955541610999999
905,904,-93.530006436763500,44.077707660989184,15.842454274000000
906,905,-93.530006436763500,44.077668660989190,15.825600624000000
907,906,-93.530006436763500,44.077629660989189,15.777418878000001
908,907,-93.530006436763500,44.077590660989195,15.848622110000001
909,908,-93.530006436763500,44.077551660989187,15.893863042000000
910,909,-93.530006436763500,44.077512660989193,15.920544730000000
911,910,-93.530006436763500,44.077473660989192,16.053371428999998
912,911,-93.530006436763500,44.077434660989191,16.238292057999999
913,912,-93.530006436763500,44.077395660989190,16.394653955999999
914,913,-93.530006436763500,44.077356660989189,16.323250241000000
915,914,-93.530006436763500,44.077317660989195,16.087252722999999
916,915,-93.530006436763500,44.077278660989194,15.926245529999999
917,916,-93.530006436763500,44.077239660989193,15.674355401000000
918,917,-93.530006436763500,44.077200660989192,15.601532724000000
919,918,-93.530006436763500,44.077161660989191,15.286355972000001
920,919,-93.530006436763500,44.077122660989197,15.193699412999999
921,920,-93.530006436763500,44.077083660989189,14.885225613999999
922,921,-93.530006436763500,44.077044660989195,14.815367540000000
923,922,-93.530006436763500,44.077005660989194,14.549809880000000
924,923,-93.530006436763500,44.076966660989186,14.580283589000000
925,924,-93.530006436763500,44.076927660989192,14.625209279000000
926,925,-93.530006436763500,44.076888660989191,14.905096371999999
927,926,-93.530006436763500,44.076849660989190,15.184471130000000
928,927,-93.530006436763500,44.076810660989189,15.572177675000001
929,928,-93.529967436763513,44.078019660989192,17.599893252000001
930,929,-93.529967436763513,44.077980660989198,16.816779772000000
931,930,-93.529967436763513,44.077941660989190,16.308510145000000
932,931,-93.529967436763513,44.077902660989189,16.043017386999999
933,932,-93.529967436763513,44.077863660989195,16.162246386000000
934,933,-93.529967436763513,44.077824660989201,16.120264688999999
935,934,-93.529967436763513,44.077785660989193,16.088120460999999
936,935,-93.529967436763513,44.077746660989192,15.939494291999999
937,936,-93.529967436763513,44.077707660989184,15.837280909000000
938,937,-93.529967436763513,44.077668660989190,15.823973973999999
939,938,-93.529967436763513,44.077629660989189,15.786156335999999
940,939,-93.529967436763513,44.077590660989195,15.851069131999999
941,940,-93.529967436763513,44.077551660989187,15.884696721999999
942,941,-93.529967436763513,44.077512660989193,15.905629953000000
943,942,-93.529967436763513,44.077473660989192,16.045567353999999
944,943,-93.529967436763513,44.077434660989191,16.269065539000000
945,944,-93.529967436763513,44.077395660989190,16.449627876000001
946,945,-93.529967436763513,44.077356660989189,16.365125337999999
947,946,-93.529967436763513,44.077317660989195,16.131096522000000
948,947,-93.529967436763513,44.077278660989194,15.957877159000001
949,948,-93.529967436763513,44.077239660989193,15.729450385000000
950,949,-93.529967436763513,44.077200660989192,15.590799967000001
951,950,-93.529967436763513,44.077161660989191,15.239635309000001
952,951,-93.529967436763513,44.077122660989197,15.136309147000000
953,952,-93.529967436763513,44.077083660989189,14.895556609000000
954,953,-93.529967436763513,44.077044660989195,14.793493747999999
955,954,-93.529967436763513,44.077005660989194,14.520694892000000
956,955,-93.529967436763513,44.076966660989186,14.370946089000000
957,956,-93.529967436763513,44.076927660989192,14.463017464000000
958,957,-93.529967436763513,44.076888660989191,14.832474231999999
959,958,-93.529967436763513,44.076849660989190,15.621913750999999
960,959,-93.529967436763513,44.076810660989189,16.061763603999999
961,960,-93.529928436763498,44.078019660989192,17.331585778000001
962,961,-93.529928436763498,44.077980660989198,16.769748900000000
963,962,-93.529928436763498,44.077941660989190,16.259688058999998
964,963,-93.529928436763498,44.077902660989189,15.980990410000000
965,964,-93.529928436763498,44.077863660989195,16.064397176000000
966,965,-93.529928436763498,44.077824660989201,16.009768592000000
967,966,-93.529928436763498,44.077785660989193,15.997093678000001
968,967,-93.529928436763498,44.077746660989192,15.905347930000000
969,968,-93.529928436763498,44.077707660989184,15.825883971000000
970,969,-93.529928436763498,44.077668660989190,15.852663357999999
971,970,-93.529928436763498,44.077629660989189,15.846501032999999
972,971,-93.529928436763498,44.077590660989195,15.894034916000001
973,972,-93.529928436763498,44.077551660989187,15.928882121999999
974,973,-93.529928436763498,44.077512660989193,15.935670005000000
975,974,-93.529928436763498,44.077473660989192,16.060263952000000
976,975,-93.529928436763498,44.077434660989191,16.228417502999999
977,976,-93.529928436763498,44.077395660989190,16.376482010000000
978,977,-93.529928436763498,44.077356660989189,16.316819508999998
979,978,-93.529928436763498,44.077317660989195,16.159527037000000
980,979,-93.529928436763498,44.077278660989194,16.036280313999999
981,980,-93.529928436763498,44.077239660989193,15.852507273000001
982,981,-93.529928436763498,44.077200660989192,15.753533893000000
983,982,-93.529928436763498,44.077161660989191,15.514598846000000
984,983,-93.529928436763498,44.077122660989197,15.388910823000000
985,984,-93.529928436763498,44.077083660989189,15.151398765000000
986,985,-93.529928436763498,44.077044660989195,15.019165675000000
987,986,-93.529928436763498,44.077005660989194,14.800235960000000
988,987,-93.529928436763498,44.076966660989186,14.595397843000001
989,988,-93.529928436763498,44.076927660989192,14.641175164000000
990,989,-93.529928436763498,44.076888660989191,14.978893279999999
991,990,-93.529928436763498,44.076849660989190,15.916913773999999
992,991,-93.529928436763498,44.076810660989189,16.386650084999999
993,992,-93.529889436763497,44.078019660989192,17.013751983999999
994,993,-93.529889436763497,44.077980660989198,16.501425213000001
995,994,-93.529889436763497,44.077941660989190,16.149987539000001
996,995,-93.529889436763497,44.077902660989189,15.940441344000000
997,996,-93.529889436763497,44.077863660989195,15.966314634000000
998,997,-93.529889436763497,44.077824660989201,15.898859554000000
999,998,-93.529889436763497,44.077785660989193,15.897816817000001
1000,999,-93.529889436763497,44.077746660989192,15.872769355999999
1001,1000,-93.529889436763497,44.077707660989184,15.901755969000000
1002,1001,-93.529889436763497,44.077668660989190,15.948642837000000
1003,1002,-93.529889436763497,44.077629660989189,16.032103962000001
1004,1003,-93.529889436763497,44.077590660989195,16.114849513999999
1005,1004,-93.529889436763497,44.077551660989187,16.154747009000001
1006,1005,-93.529889436763497,44.077512660989193,16.162590981000001
1007,1006,-93.529889436763497,44.077473660989192,16.169283125000000
1008,1007,-93.529889436763497,44.077434660989191,16.274866740000000
1009,1008,-93.529889436763497,44.077395660989190,16.355805502999999
1010,1009,-93.529889436763497,44.077356660989189,16.338355382000000
1011,1010,-93.529889436763497,44.077317660989195,16.243424522000002
1012,1011,-93.529889436763497,44.077278660989194,16.281209627999999
1013,1012,-93.529889436763497,44.077239660989193,16.188289007000002
1014,1013,-93.529889436763497,44.077200660989192,16.208190070000001
1015,1014,-93.529889436763497,44.077161660989191,16.152943187000002
1016,1015,-93.529889436763497,44.077122660989197,16.103654649999999
1017,1016,-93.529889436763497,44.077083660989189,16.041394552000000
1018,1017,-93.529889436763497,44.077044660989195,15.815089543999999
1019,1018,-93.529889436763497,44.077005660989194,15.721570439000001
1020,1019,-93.529889436763497,44.076966660989186,15.464017020000000
1021,1020,-93.529889436763497,44.076927660989192,15.462914679000001
1022,1021,-93.529889436763497,44.076888660989191,15.658834775000001
1023,1022,-93.529889436763497,44.076849660989190,16.467349899999999
1024,1023,-93.529889436763497,44.076810660989189,17.013127009000002
1025,1024,-93.529850436763496,44.078019660989192,16.836077159999999
1026,1025,-93.529850436763496,44.077980660989198,16.478096856000001
1027,1026,-93.529850436763496,44.077941660989190,16.275139491000001
1028,1027,-93.529850436763496,44.077902660989189,16.145284970999999
1029,1028,-93.529850436763496,44.077863660989195,16.108564270999999
1030,1029,-93.529850436763496,44.077824660989201,15.938292608999999
1031,1030,-93.529850436763496,44.077785660989193,15.839902401000000
1032,1031,-93.529850436763496,44.077746660989192,15.912205908000001
1033,1032,-93.529850436763496,44.077707660989184,16.150946828999999
1034,1033,-93.529850436763496,44.077668660989190,16.250298818000001
1035,1034,-93.529850436763496,44.077629660989189,16.323159535999999
1036,1035,-93.529850436763496,44.077590660989195,16.483030531000001
1037,1036,-93.529850436763496,44.077551660989187,16.547305425000001
1038,1037,-93.529850436763496,44.077512660989193,16.595336066000002
1039,1038,-93.529850436763496,44.077473660989192,16.613930384000000
1040,1039,-93.529850436763496,44.077434660989191,16.642305373999999
1041,1040,-93.529850436763496,44.077395660989190,16.656806734000000
1042,1041,-93.529850436763496,44.077356660989189,16.679343329999998
1043,1042,-93.529850436763496,44.077317660989195,16.725571314000000
1044,1043,-93.529850436763496,44.077278660989194,16.769443511999999
1045,1044,-93.529850436763496,44.077239660989193,16.824950112000000
1046,1045,-93.529850436763496,44.077200660989192,16.835696114000001
1047,1046,-93.529850436763496,44.077161660989191,16.892505434000000
1048,1047,-93.529850436763496,44.077122660989197,16.839699426999999
1049,1048,-93.529850436763496,44.077083660989189,16.836784574999999
1050,1049,-93.529850436763496,44.077044660989195,16.551619530000000
1051,1050,-93.529850436763496,44.077005660989194,16.654212103999999
1052,1051,-93.529850436763496,44.076966660989186,16.510975943999998
1053,1052,-93.529850436763496,44.076927660989192,16.543122398000001
1054,1053,-93.529850436763496,44.076888660989191,16.529767142000001
1055,1054,-93.529850436763496,44.076849660989190,17.087778091000001
1056,1055,-93.529850436763496,44.076810660989189,17.303497314000001
1057,1056,-93.529811436763509,44.078019660989192,16.821774589000000
1058,1057,-93.529811436763509,44.077980660989198,16.730255127000000
1059,1058,-93.529811436763509,44.077941660989190,16.615705702000000
1060,1059,-93.529811436763509,44.077902660989189,16.619261212000001
1061,1060,-93.529811436763509,44.077863660989195,16.566601010999999
1062,1061,-93.529811436763509,44.077824660989201,16.288988112999998
1063,1062,-93.529811436763509,44.077785660989193,16.294869105000000
1064,1063,-93.529811436763509,44.077746660989192,16.296085357999999
1065,1064,-93.529811436763509,44.077707660989184,16.590879439999998
1066,1065,-93.529811436763509,44.077668660989190,16.782517963000000
1067,1066,-93.529811436763509,44.077629660989189,16.920997195999998
1068,1067,-93.529811436763509,44.077590660989195,17.105415132000001
1069,1068,-93.529811436763509,44.077551660989187,17.275891622000000
1070,1069,-93.529811436763509,44.077512660989193,17.380944146000001
1071,1070,-93.529811436763509,44.077473660989192,17.426337984000000
1072,1071,-93.529811436763509,44.077434660989191,17.518643697000002
1073,1072,-93.529811436763509,44.077395660989190,17.584430694999998
1074,1073,-93.529811436763509,44.077356660989189,17.622486750000000
1075,1074,-93.529811436763509,44.077317660989195,17.615953444999999
1076,1075,-93.529811436763509,44.077278660989194,17.597727458000001
1077,1076,-93.529811436763509,44.077239660989193,17.621782303000000
1078,1077,-93.529811436763509,44.077200660989192,17.590856552000002
1079,1078,-93.529811436763509,44.077161660989191,17.508780373000000
1080,1079,-93.529811436763509,44.077122660989197,17.404175651999999
1081,1080,-93.529811436763509,44.077083660989189,17.300380070999999
1082,1081,-93.529811436763509,44.077044660989195,17.265487989000000
1083,1082,-93.529811436763509,44.077005660989194,17.245407952000001
1084,1083,-93.529811436763509,44.076966660989186,17.313448164000000
1085,1084,-93.529811436763509,44.076927660989192,17.337221993000000
1086,1085,-93.529811436763509,44.076888660989191,17.430331972000001
1087,1086,-93.529811436763509,44.076849660989190,17.721875297000000
1088,1087,-93.529811436763509,44.076810660989189,18.043562782999999
1089,1088,-93.529772436763508,44.078019660989192,16.982682757999999
1090,1089,-93.529772436763508,44.077980660989198,16.783049688999998
1091,1090,-93.529772436763508,44.077941660989190,16.770188438000002
1092,1091,-93.529772436763508,44.077902660989189,16.877426783000001
1093,1092,-93.529772436763508,44.077863660989195,17.025634130000000
1094,1093,-93.529772436763508,44.077824660989201,16.796543544999999
1095,1094,-93.529772436763508,44.077785660989193,16.755004246999999
1096,1095,-93.529772436763508,44.077746660989192,16.849339379000000
1097,1096,-93.529772436763508,44.077707660989184,17.220756530999999
1098,1097,-93.529772436763508,44.077668660989190,17.356272591000000
1099,1098,-93.529772436763508,44.077629660989189,17.520178264999998
1100,1099,-93.529772436763508,44.077590660989195,17.754955504000002
1101,1100,-93.529772436763508,44.077551660989187,17.956225395000001
1102,1101,-93.529772436763508,44.077512660989193,17.959299723000001
1103,1102,-93.529772436763508,44.077473660989192,17.921886019999999
1104,1103,-93.529772436763508,44.077434660989191,18.017950694000000
1105,1104,-93.529772436763508,44.077395660989190,18.158813052999999
1106,1105,-93.529772436763508,44.077356660989189,18.336383819999998
1107,1106,-93.529772436763508,44.077317660989195,18.396652434000000
1108,1107,-93.529772436763508,44.077278660989194,18.388699532000000
1109,1108,-93.529772436763508,44.077239660989193,18.301095963000002
1110,1109,-93.529772436763508,44.077200660989192,18.138486014000001
1111,1110,-93.529772436763508,44.077161660989191,17.942987865999999
1112,1111,-93.529772436763508,44.077122660989197,17.754220326999999
1113,1112,-93.529772436763508,44.077083660989189,17.616578420000000
1114,1113,-93.529772436763508,44.077044660989195,17.548157373999999
1115,1114,-93.529772436763508,44.077005660989194,17.516850788999999
1116,1115,-93.529772436763508,44.076966660989186,17.536061605000000
1117,1116,-93.529772436763508,44.076927660989192,17.612568961000001
1118,1117,-93.529772436763508,44.076888660989191,17.755620956000001
1119,1118,-93.529772436763508,44.076849660989190,18.099498536999999
1120,1119,-93.529772436763508,44.076810660989189,18.507589339999999
