OID_,FID,X,Y,Extract_GAL_Yld_Vol_Dr
1,0,-93.531098436763500,44.078019660989192,194.835250854000009
2,1,-93.531098436763500,44.077980660989198,219.142193264000014
3,2,-93.531098436763500,44.077941660989190,226.733437431999988
4,3,-93.531098436763500,44.077902660989189,224.171618991000003
5,4,-93.531098436763500,44.077863660989195,225.027086045999994
6,5,-93.531098436763500,44.077824660989201,232.899439494000006
7,6,-93.531098436763500,44.077785660989193,218.720311482999989
8,7,-93.531098436763500,44.077746660989192,212.053554958999996
9,8,-93.531098436763500,44.077707660989184,220.209308200000009
10,9,-93.531098436763500,44.077668660989190,213.240485296999992
11,10,-93.531098436763500,44.077629660989189,211.592495388000003
12,11,-93.531098436763500,44.077590660989195,216.812389797999998
13,12,-93.531098436763500,44.077551660989187,207.024660745999995
14,13,-93.531098436763500,44.077512660989193,195.382019043000014
15,14,-93.531098436763500,44.077473660989192,200.648935953999995
16,15,-93.531098436763500,44.077434660989191,226.352137247999991
17,16,-93.531098436763500,44.077395660989190,246.834542169000002
18,17,-93.531098436763500,44.077356660989189,239.213494195000010
19,18,-93.531098436763500,44.077317660989195,230.648854574000012
20,19,-93.531098436763500,44.077278660989194,224.870666504000013
21,20,-93.531098436763500,44.077239660989193,209.906772189999998
22,21,-93.531098436763500,44.077200660989192,217.292829724999990
23,22,-93.531098436763500,44.077161660989191,214.060865613999994
24,23,-93.531098436763500,44.077122660989197,176.641291300000006
25,24,-93.531098436763500,44.077083660989189,189.585535684999996
26,25,-93.531098436763500,44.077044660989195,199.740046183000004
27,26,-93.531098436763500,44.077005660989194,198.160630967999992
28,27,-93.531098436763500,44.076966660989186,177.747804430000002
29,28,-93.531098436763500,44.076927660989192,189.392644246000003
30,29,-93.531098436763500,44.076888660989191,192.593514335999998
31,30,-93.531098436763500,44.076849660989190,195.970453897999988
32,31,-93.531098436763500,44.076810660989189,185.439795599999997
33,32,-93.531059436763513,44.078019660989192,205.158393012000005
34,33,-93.531059436763513,44.077980660989198,230.060145059999996
35,34,-93.531059436763513,44.077941660989190,231.681213379000013
36,35,-93.531059436763513,44.077902660989189,224.332466973000010
37,36,-93.531059436763513,44.077863660989195,215.955030652999994
38,37,-93.531059436763513,44.077824660989201,233.166888766999989
39,38,-93.531059436763513,44.077785660989193,218.084164936999997
40,39,-93.531059436763513,44.077746660989192,204.828887938999998
41,40,-93.531059436763513,44.077707660989184,210.771469115999992
42,41,-93.531059436763513,44.077668660989190,212.276626587000010
43,42,-93.531059436763513,44.077629660989189,207.971928913999989
44,43,-93.531059436763513,44.077590660989195,197.090464273999999
45,44,-93.531059436763513,44.077551660989187,188.090154011999999
46,45,-93.531059436763513,44.077512660989193,188.319834391000001
47,46,-93.531059436763513,44.077473660989192,206.320775349999991
48,47,-93.531059436763513,44.077434660989191,232.622233072999990
49,48,-93.531059436763513,44.077395660989190,250.953626845000002
50,49,-93.531059436763513,44.077356660989189,246.347985161999986
51,50,-93.531059436763513,44.077317660989195,235.566397773000006
52,51,-93.531059436763513,44.077278660989194,223.138936360999992
53,52,-93.531059436763513,44.077239660989193,206.938300239000000
54,53,-93.531059436763513,44.077200660989192,219.561794705000011
55,54,-93.531059436763513,44.077161660989191,207.805957369999987
56,55,-93.531059436763513,44.077122660989197,172.758068508999997
57,56,-93.531059436763513,44.077083660989189,191.993608262999999
58,57,-93.531059436763513,44.077044660989195,193.109362284000014
59,58,-93.531059436763513,44.077005660989194,190.714728460999993
60,59,-93.531059436763513,44.076966660989186,175.189922757000005
61,60,-93.531059436763513,44.076927660989192,184.367689345000002
62,61,-93.531059436763513,44.076888660989191,189.621141222000006
63,62,-93.531059436763513,44.076849660989190,193.143179999000012
64,63,-93.531059436763513,44.076810660989189,183.563091702000008
65,64,-93.531020436763498,44.078019660989192,216.821351792999991
66,65,-93.531020436763498,44.077980660989198,231.434717814000010
67,66,-93.531020436763498,44.077941660989190,229.887732612000008
68,67,-93.531020436763498,44.077902660989189,228.596332125999993
69,68,-93.531020436763498,44.077863660989195,213.857549032000009
70,69,-93.531020436763498,44.077824660989201,227.635552300000001
71,70,-93.531020436763498,44.077785660989193,217.778676351000001
72,71,-93.531020436763498,44.077746660989192,204.121356539999994
73,72,-93.531020436763498,44.077707660989184,202.664494832000003
74,73,-93.531020436763498,44.077668660989190,206.658962674000009
75,74,-93.531020436763498,44.077629660989189,198.979227702000003
76,75,-93.531020436763498,44.077590660989195,182.033250597000006
77,76,-93.531020436763498,44.077551660989187,176.239000956000012
78,77,-93.531020436763498,44.077512660989193,183.701193915000005
79,78,-93.531020436763498,44.077473660989192,212.273239136000001
80,79,-93.531020436763498,44.077434660989191,239.493004692999989
81,80,-93.531020436763498,44.077395660989190,254.278459336999987
82,81,-93.531020436763498,44.077356660989189,249.239049276000003
83,82,-93.531020436763498,44.077317660989195,231.681050618000000
84,83,-93.531020436763498,44.077278660989194,216.073336283000003
85,84,-93.531020436763498,44.077239660989193,202.937640719999990
86,85,-93.531020436763498,44.077200660989192,213.450074938000000
87,86,-93.531020436763498,44.077161660989191,207.316102769999986
88,87,-93.531020436763498,44.077122660989197,180.842820909000011
89,88,-93.531020436763498,44.077083660989189,192.052892049000008
90,89,-93.531020436763498,44.077044660989195,185.759918212999992
91,90,-93.531020436763498,44.077005660989194,182.005716960000001
92,91,-93.531020436763498,44.076966660989186,170.119752672000004
93,92,-93.531020436763498,44.076927660989192,182.656789143999987
94,93,-93.531020436763498,44.076888660989191,189.673370360999996
95,94,-93.531020436763498,44.076849660989190,190.127619425000006
96,95,-93.531020436763498,44.076810660989189,178.300469292999992
97,96,-93.530981436763511,44.078019660989192,223.251213073999992
98,97,-93.530981436763511,44.077980660989198,235.217877705999996
99,98,-93.530981436763511,44.077941660989190,228.656303406000006
100,99,-93.530981436763511,44.077902660989189,231.885823568000006
101,100,-93.530981436763511,44.077863660989195,216.796735127999995
102,101,-93.530981436763511,44.077824660989201,220.283983866000000
103,102,-93.530981436763511,44.077785660989193,212.673744201999995
104,103,-93.530981436763511,44.077746660989192,202.120569864999993
105,104,-93.530981436763511,44.077707660989184,201.831011453999992
106,105,-93.530981436763511,44.077668660989190,206.065452576000013
107,106,-93.530981436763511,44.077629660989189,194.879765827999989
108,107,-93.530981436763511,44.077590660989195,174.116193135999993
109,108,-93.530981436763511,44.077551660989187,172.877662659000009
110,109,-93.530981436763511,44.077512660989193,190.373207092000001
111,110,-93.530981436763511,44.077473660989192,219.868245443000006
112,111,-93.530981436763511,44.077434660989191,241.682907104000009
113,112,-93.530981436763511,44.077395660989190,253.927431742000010
114,113,-93.530981436763511,44.077356660989189,247.174580891999994
115,114,-93.530981436763511,44.077317660989195,225.248720805000005
116,115,-93.530981436763511,44.077278660989194,207.044738770000009
117,116,-93.530981436763511,44.077239660989193,199.215405782000005
118,117,-93.530981436763511,44.077200660989192,206.653704325000007
119,118,-93.530981436763511,44.077161660989191,212.050099691000014
120,119,-93.530981436763511,44.077122660989197,192.336235046000013
121,120,-93.530981436763511,44.077083660989189,185.876640320000007
122,121,-93.530981436763511,44.077044660989195,179.742763518999993
123,122,-93.530981436763511,44.077005660989194,178.287996928000013
124,123,-93.530981436763511,44.076966660989186,165.236521403000012
125,124,-93.530981436763511,44.076927660989192,184.736485799000008
126,125,-93.530981436763511,44.076888660989191,191.921312967999995
127,126,-93.530981436763511,44.076849660989190,187.757235208999987
128,127,-93.530981436763511,44.076810660989189,166.329035441000002
129,128,-93.530942436763510,44.078019660989192,227.247716268000005
130,129,-93.530942436763510,44.077980660989198,241.178716024000011
131,130,-93.530942436763510,44.077941660989190,228.660993788000013
132,131,-93.530942436763510,44.077902660989189,235.173673841999999
133,132,-93.530942436763510,44.077863660989195,219.858749390000014
134,133,-93.530942436763510,44.077824660989201,216.736270480999991
135,134,-93.530942436763510,44.077785660989193,207.716293334999989
136,135,-93.530942436763510,44.077746660989192,199.181788127000004
137,136,-93.530942436763510,44.077707660989184,202.736078897999988
138,137,-93.530942436763510,44.077668660989190,205.923334756999992
139,138,-93.530942436763510,44.077629660989189,195.638805813000005
140,139,-93.530942436763510,44.077590660989195,180.996139526000007
141,140,-93.530942436763510,44.077551660989187,182.328631083000005
142,141,-93.530942436763510,44.077512660989193,207.651691013000004
143,142,-93.530942436763510,44.077473660989192,234.381440903999987
144,143,-93.530942436763510,44.077434660989191,244.240244547999993
145,144,-93.530942436763510,44.077395660989190,249.147301567999989
146,145,-93.530942436763510,44.077356660989189,239.301907010000008
147,146,-93.530942436763510,44.077317660989195,222.298288981000013
148,147,-93.530942436763510,44.077278660989194,201.855473835999987
149,148,-93.530942436763510,44.077239660989193,198.176552667000010
150,149,-93.530942436763510,44.077200660989192,208.726986355000008
151,150,-93.530942436763510,44.077161660989191,217.582899306000002
152,151,-93.530942436763510,44.077122660989197,195.031433104999991
153,152,-93.530942436763510,44.077083660989189,178.399368285999998
154,153,-93.530942436763510,44.077044660989195,181.010569255000007
155,154,-93.530942436763510,44.077005660989194,180.557289970999989
156,155,-93.530942436763510,44.076966660989186,168.637571546999993
157,156,-93.530942436763510,44.076927660989192,190.342119005000001
158,157,-93.530942436763510,44.076888660989191,192.003770615999997
159,158,-93.530942436763510,44.076849660989190,180.041929457000009
160,159,-93.530942436763510,44.076810660989189,148.828765868999994
161,160,-93.530903436763509,44.078019660989192,230.924848768000004
162,161,-93.530903436763509,44.077980660989198,245.076853433999986
163,162,-93.530903436763509,44.077941660989190,231.022235447000014
164,163,-93.530903436763509,44.077902660989189,237.088953653999994
165,164,-93.530903436763509,44.077863660989195,221.395448472999988
166,165,-93.530903436763509,44.077824660989201,215.175996567999988
167,166,-93.530903436763509,44.077785660989193,208.084747313999998
168,167,-93.530903436763509,44.077746660989192,202.872356838999991
169,168,-93.530903436763509,44.077707660989184,209.590972899999997
170,169,-93.530903436763509,44.077668660989190,212.245266385000008
171,170,-93.530903436763509,44.077629660989189,207.320107353999987
172,171,-93.530903436763509,44.077590660989195,219.432991875999988
173,172,-93.530903436763509,44.077551660989187,215.984512329000012
174,173,-93.530903436763509,44.077512660989193,227.232691447000008
175,174,-93.530903436763509,44.077473660989192,251.202911376999992
176,175,-93.530903436763509,44.077434660989191,246.419460719999989
177,176,-93.530903436763509,44.077395660989190,241.215035333000003
178,177,-93.530903436763509,44.077356660989189,231.081782022999988
179,178,-93.530903436763509,44.077317660989195,228.170065985999997
180,179,-93.530903436763509,44.077278660989194,210.648981730000003
181,180,-93.530903436763509,44.077239660989193,208.316896227000001
182,181,-93.530903436763509,44.077200660989192,215.076129489000010
183,182,-93.530903436763509,44.077161660989191,213.298021105000004
184,183,-93.530903436763509,44.077122660989197,190.950176663000008
185,184,-93.530903436763509,44.077083660989189,171.962480333000002
186,185,-93.530903436763509,44.077044660989195,183.120389302999996
187,186,-93.530903436763509,44.077005660989194,189.647384643999999
188,187,-93.530903436763509,44.076966660989186,181.448883056999989
189,188,-93.530903436763509,44.076927660989192,193.747251723000005
190,189,-93.530903436763509,44.076888660989191,189.834974501000005
191,190,-93.530903436763509,44.076849660989190,166.231782700999986
192,191,-93.530903436763509,44.076810660989189,130.795758565000000
193,192,-93.530864436763494,44.078019660989192,229.811240301999987
194,193,-93.530864436763494,44.077980660989198,239.272535535999992
195,194,-93.530864436763494,44.077941660989190,234.303081936000012
196,195,-93.530864436763494,44.077902660989189,237.811618380999988
197,196,-93.530864436763494,44.077863660989195,218.620064629000012
198,197,-93.530864436763494,44.077824660989201,213.488716973000010
199,198,-93.530864436763494,44.077785660989193,213.676651001000010
200,199,-93.530864436763494,44.077746660989192,208.180469089000013
201,200,-93.530864436763494,44.077707660989184,213.696431477999994
202,201,-93.530864436763494,44.077668660989190,221.520395914999995
203,202,-93.530864436763494,44.077629660989189,224.028221978000005
204,203,-93.530864436763494,44.077590660989195,228.269271851000013
205,204,-93.530864436763494,44.077551660989187,232.293001811000011
206,205,-93.530864436763494,44.077512660989193,245.603761461000005
207,206,-93.530864436763494,44.077473660989192,256.340547350000008
208,207,-93.530864436763494,44.077434660989191,242.904968262000011
209,208,-93.530864436763494,44.077395660989190,236.467195298999997
210,209,-93.530864436763494,44.077356660989189,230.982186210999998
211,210,-93.530864436763494,44.077317660989195,235.198131985000003
212,211,-93.530864436763494,44.077278660989194,221.953147887999990
213,212,-93.530864436763494,44.077239660989193,221.475214639999990
214,213,-93.530864436763494,44.077200660989192,222.662234836000010
215,214,-93.530864436763494,44.077161660989191,208.836612277999990
216,215,-93.530864436763494,44.077122660989197,189.450693766000001
217,216,-93.530864436763494,44.077083660989189,169.416102090999999
218,217,-93.530864436763494,44.077044660989195,189.117774962999988
219,218,-93.530864436763494,44.077005660989194,203.802786932999993
220,219,-93.530864436763494,44.076966660989186,193.903798421000005
221,220,-93.530864436763494,44.076927660989192,189.495363024000000
222,221,-93.530864436763494,44.076888660989191,189.257229274999986
223,222,-93.530864436763494,44.076849660989190,157.428059896000008
224,223,-93.530864436763494,44.076810660989189,122.740183512000002
225,224,-93.530825436763507,44.078019660989192,230.214396158999989
226,225,-93.530825436763507,44.077980660989198,228.710723876999992
227,226,-93.530825436763507,44.077941660989190,229.193322075999987
228,227,-93.530825436763507,44.077902660989189,233.821361966000012
229,228,-93.530825436763507,44.077863660989195,217.313578288000002
230,229,-93.530825436763507,44.077824660989201,211.515728421000006
231,230,-93.530825436763507,44.077785660989193,215.554430644000007
232,231,-93.530825436763507,44.077746660989192,207.484831068000005
233,232,-93.530825436763507,44.077707660989184,214.705930921999993
234,233,-93.530825436763507,44.077668660989190,226.235994126999998
235,234,-93.530825436763507,44.077629660989189,233.559307522000012
236,235,-93.530825436763507,44.077590660989195,232.700598823000007
237,236,-93.530825436763507,44.077551660989187,240.293357848999989
238,237,-93.530825436763507,44.077512660989193,253.225438435999990
239,238,-93.530825436763507,44.077473660989192,250.239205254000012
240,239,-93.530825436763507,44.077434660989191,238.676910399999997
241,240,-93.530825436763507,44.077395660989190,236.938235813000006
242,241,-93.530825436763507,44.077356660989189,237.084501477999993
243,242,-93.530825436763507,44.077317660989195,236.399603949999999
244,243,-93.530825436763507,44.077278660989194,228.295036315999994
245,244,-93.530825436763507,44.077239660989193,223.296752929999997
246,245,-93.530825436763507,44.077200660989192,221.219540066000008
247,246,-93.530825436763507,44.077161660989191,207.899653117000014
248,247,-93.530825436763507,44.077122660989197,197.294737074000011
249,248,-93.530825436763507,44.077083660989189,169.421749538999990
250,249,-93.530825436763507,44.077044660989195,191.319979350000011
251,250,-93.530825436763507,44.077005660989194,210.626152886000000
252,251,-93.530825436763507,44.076966660989186,202.461137559999997
253,252,-93.530825436763507,44.076927660989192,187.520477295000006
254,253,-93.530825436763507,44.076888660989191,185.694303724999997
255,254,-93.530825436763507,44.076849660989190,153.216762966999994
256,255,-93.530825436763507,44.076810660989189,119.026057773000005
257,256,-93.530786436763520,44.078019660989192,231.496700710999988
258,257,-93.530786436763520,44.077980660989198,221.875813802000010
259,258,-93.530786436763520,44.077941660989190,218.094789292999991
260,259,-93.530786436763520,44.077902660989189,226.058995565000004
261,260,-93.530786436763520,44.077863660989195,213.410330877999996
262,261,-93.530786436763520,44.077824660989201,214.968192205999998
263,262,-93.530786436763520,44.077785660989193,219.500027974000005
264,263,-93.530786436763520,44.077746660989192,215.338461982000013
265,264,-93.530786436763520,44.077707660989184,222.062306721999988
266,265,-93.530786436763520,44.077668660989190,231.237096151000003
267,266,-93.530786436763520,44.077629660989189,236.754082573999995
268,267,-93.530786436763520,44.077590660989195,230.050726996999998
269,268,-93.530786436763520,44.077551660989187,240.488698324000012
270,269,-93.530786436763520,44.077512660989193,250.484622531000014
271,270,-93.530786436763520,44.077473660989192,240.264694214000002
272,271,-93.530786436763520,44.077434660989191,234.922744751000010
273,272,-93.530786436763520,44.077395660989190,235.326609294000008
274,273,-93.530786436763520,44.077356660989189,231.257190280000003
275,274,-93.530786436763520,44.077317660989195,232.048288981000013
276,275,-93.530786436763520,44.077278660989194,232.008534749000006
277,276,-93.530786436763520,44.077239660989193,220.030765110000004
278,277,-93.530786436763520,44.077200660989192,221.684722899999997
279,278,-93.530786436763520,44.077161660989191,204.705440944999992
280,279,-93.530786436763520,44.077122660989197,208.391718547000011
281,280,-93.530786436763520,44.077083660989189,171.680321587000009
282,281,-93.530786436763520,44.077044660989195,187.034980773999990
283,282,-93.530786436763520,44.077005660989194,196.808156330999992
284,283,-93.530786436763520,44.076966660989186,196.037155151000007
285,284,-93.530786436763520,44.076927660989192,183.054446750000011
286,285,-93.530786436763520,44.076888660989191,179.670386420000000
287,286,-93.530786436763520,44.076849660989190,150.288411458000013
288,287,-93.530786436763520,44.076810660989189,114.636758592000007
289,288,-93.530747436763519,44.078019660989192,230.203475951999991
290,289,-93.530747436763519,44.077980660989198,220.073569404000011
291,290,-93.530747436763519,44.077941660989190,219.125907049999995
292,291,-93.530747436763519,44.077902660989189,230.165637545999999
293,292,-93.530747436763519,44.077863660989195,220.823657566000009
294,293,-93.530747436763519,44.077824660989201,230.243214924999990
295,294,-93.530747436763519,44.077785660989193,230.689147948999988
296,295,-93.530747436763519,44.077746660989192,228.214911567000001
297,296,-93.530747436763519,44.077707660989184,232.175599839999990
298,297,-93.530747436763519,44.077668660989190,241.336641100000008
299,298,-93.530747436763519,44.077629660989189,239.586407132000005
300,299,-93.530747436763519,44.077590660989195,232.107825385000012
301,300,-93.530747436763519,44.077551660989187,242.041676838999990
302,301,-93.530747436763519,44.077512660989193,246.006210326999991
303,302,-93.530747436763519,44.077473660989192,231.889565362000013
304,303,-93.530747436763519,44.077434660989191,227.165857950999992
305,304,-93.530747436763519,44.077395660989190,227.629492865999993
306,305,-93.530747436763519,44.077356660989189,222.515318129000008
307,306,-93.530747436763519,44.077317660989195,227.430942111999997
308,307,-93.530747436763519,44.077278660989194,229.989885966000003
309,308,-93.530747436763519,44.077239660989193,212.177820840999999
310,309,-93.530747436763519,44.077200660989192,219.376252915999999
311,310,-93.530747436763519,44.077161660989191,196.585049099000003
312,311,-93.530747436763519,44.077122660989197,196.626144409000005
313,312,-93.530747436763519,44.077083660989189,167.921568129000008
314,313,-93.530747436763519,44.077044660989195,179.929000854000009
315,314,-93.530747436763519,44.077005660989194,179.092876858000011
316,315,-93.530747436763519,44.076966660989186,176.675133598999992
317,316,-93.530747436763519,44.076927660989192,169.908079358999998
318,317,-93.530747436763519,44.076888660989191,167.832477146000002
319,318,-93.530747436763519,44.076849660989190,143.785096909999993
320,319,-93.530747436763519,44.076810660989189,111.575728522000006
321,320,-93.530708436763518,44.078019660989192,230.289258321000005
322,321,-93.530708436763518,44.077980660989198,225.295196532999995
323,322,-93.530708436763518,44.077941660989190,224.996462503999993
324,323,-93.530708436763518,44.077902660989189,239.775510152000010
325,324,-93.530708436763518,44.077863660989195,233.344032287999994
326,325,-93.530708436763518,44.077824660989201,242.404563904000014
327,326,-93.530708436763518,44.077785660989193,237.864868164000001
328,327,-93.530708436763518,44.077746660989192,233.298540750999990
329,328,-93.530708436763518,44.077707660989184,240.294614155999994
330,329,-93.530708436763518,44.077668660989190,248.840276082000003
331,330,-93.530708436763518,44.077629660989189,240.528493244999993
332,331,-93.530708436763518,44.077590660989195,239.231643676999994
333,332,-93.530708436763518,44.077551660989187,244.038772582999997
334,333,-93.530708436763518,44.077512660989193,241.345985412999994
335,334,-93.530708436763518,44.077473660989192,230.862022400000001
336,335,-93.530708436763518,44.077434660989191,224.344332377000001
337,336,-93.530708436763518,44.077395660989190,222.241297403999994
338,337,-93.530708436763518,44.077356660989189,225.210149129000001
339,338,-93.530708436763518,44.077317660989195,228.652867635000007
340,339,-93.530708436763518,44.077278660989194,219.608871459999989
341,340,-93.530708436763518,44.077239660989193,203.485865275000009
342,341,-93.530708436763518,44.077200660989192,205.148447672999993
343,342,-93.530708436763518,44.077161660989191,189.143061319999987
344,343,-93.530708436763518,44.077122660989197,184.929458618000012
345,344,-93.530708436763518,44.077083660989189,164.099230447999986
346,345,-93.530708436763518,44.077044660989195,174.268199920999990
347,346,-93.530708436763518,44.077005660989194,173.177965800000010
348,347,-93.530708436763518,44.076966660989186,167.158645629999995
349,348,-93.530708436763518,44.076927660989192,162.075294495000009
350,349,-93.530708436763518,44.076888660989191,154.942769368000000
351,350,-93.530708436763518,44.076849660989190,135.073174795000000
352,351,-93.530708436763518,44.076810660989189,111.217685699000000
353,352,-93.530669436763503,44.078019660989192,228.622506036000004
354,353,-93.530669436763503,44.077980660989198,232.564358180999989
355,354,-93.530669436763503,44.077941660989190,231.332036335999987
356,355,-93.530669436763503,44.077902660989189,248.030085245999999
357,356,-93.530669436763503,44.077863660989195,245.221522012999998
358,357,-93.530669436763503,44.077824660989201,251.413285997000003
359,358,-93.530669436763503,44.077785660989193,242.980257669999986
360,359,-93.530669436763503,44.077746660989192,237.308648003000002
361,360,-93.530669436763503,44.077707660989184,247.125481500000006
362,361,-93.530669436763503,44.077668660989190,249.913526746999992
363,362,-93.530669436763503,44.077629660989189,238.995839437000001
364,363,-93.530669436763503,44.077590660989195,242.751512316000003
365,364,-93.530669436763503,44.077551660989187,243.162783305000005
366,365,-93.530669436763503,44.077512660989193,235.308402166999997
367,366,-93.530669436763503,44.077473660989192,229.802532619999994
368,367,-93.530669436763503,44.077434660989191,227.251600477000011
369,368,-93.530669436763503,44.077395660989190,219.740537855000014
370,369,-93.530669436763503,44.077356660989189,224.398705376999999
371,370,-93.530669436763503,44.077317660989195,226.705659653999987
372,371,-93.530669436763503,44.077278660989194,204.790646871000007
373,372,-93.530669436763503,44.077239660989193,199.824656169000008
374,373,-93.530669436763503,44.077200660989192,187.401112874000006
375,374,-93.530669436763503,44.077161660989191,184.477806939000004
376,375,-93.530669436763503,44.077122660989197,175.568094889000008
377,376,-93.530669436763503,44.077083660989189,163.499715169000012
378,377,-93.530669436763503,44.077044660989195,173.825828551999990
379,378,-93.530669436763503,44.077005660989194,181.239805432999987
380,379,-93.530669436763503,44.076966660989186,168.295981512999987
381,380,-93.530669436763503,44.076927660989192,162.108771429999990
382,381,-93.530669436763503,44.076888660989191,150.547907511000005
383,382,-93.530669436763503,44.076849660989190,130.977129617999992
384,383,-93.530669436763503,44.076810660989189,116.471204970000002
385,384,-93.530630436763516,44.078019660989192,231.501186794999995
386,385,-93.530630436763516,44.077980660989198,235.781405978999999
387,386,-93.530630436763516,44.077941660989190,238.780019124000006
388,387,-93.530630436763516,44.077902660989189,248.635282727999993
389,388,-93.530630436763516,44.077863660989195,253.361755370999987
390,389,-93.530630436763516,44.077824660989201,254.930848862999994
391,390,-93.530630436763516,44.077785660989193,243.331326802999996
392,391,-93.530630436763516,44.077746660989192,240.873962401999989
393,392,-93.530630436763516,44.077707660989184,252.540005153999999
394,393,-93.530630436763516,44.077668660989190,245.701024372999996
395,394,-93.530630436763516,44.077629660989189,236.123809813999998
396,395,-93.530630436763516,44.077590660989195,248.372041489999987
397,396,-93.530630436763516,44.077551660989187,246.328722636000009
398,397,-93.530630436763516,44.077512660989193,232.168707954000013
399,398,-93.530630436763516,44.077473660989192,226.089123196000003
400,399,-93.530630436763516,44.077434660989191,228.500957913000008
401,400,-93.530630436763516,44.077395660989190,213.229949951000009
402,401,-93.530630436763516,44.077356660989189,201.936921861000002
403,402,-93.530630436763516,44.077317660989195,207.309872097000010
404,403,-93.530630436763516,44.077278660989194,198.435496011999987
405,404,-93.530630436763516,44.077239660989193,210.315890841999988
406,405,-93.530630436763516,44.077200660989192,190.043380737000007
407,406,-93.530630436763516,44.077161660989191,186.351686266000002
408,407,-93.530630436763516,44.077122660989197,163.379442003000008
409,408,-93.530630436763516,44.077083660989189,161.439576891000002
410,409,-93.530630436763516,44.077044660989195,174.707628886000009
411,410,-93.530630436763516,44.077005660989194,190.391960992000008
412,411,-93.530630436763516,44.076966660989186,175.324305215999999
413,412,-93.530630436763516,44.076927660989192,170.815999349000009
414,413,-93.530630436763516,44.076888660989191,157.341076321000003
415,414,-93.530630436763516,44.076849660989190,136.549978468000006
416,415,-93.530630436763516,44.076810660989189,132.039003159999993
417,416,-93.530591436763501,44.078019660989192,237.750000000000000
418,417,-93.530591436763501,44.077980660989198,240.928638033999988
419,418,-93.530591436763501,44.077941660989190,243.812416923999990
420,419,-93.530591436763501,44.077902660989189,243.906631470000008
421,420,-93.530591436763501,44.077863660989195,252.366090563000000
422,421,-93.530591436763501,44.077824660989201,247.757132635999994
423,422,-93.530591436763501,44.077785660989193,245.206143696999987
424,423,-93.530591436763501,44.077746660989192,247.216284857999995
425,424,-93.530591436763501,44.077707660989184,256.165490044000023
426,425,-93.530591436763501,44.077668660989190,241.296510484000009
427,426,-93.530591436763501,44.077629660989189,237.433929443000011
428,427,-93.530591436763501,44.077590660989195,247.283669365999998
429,428,-93.530591436763501,44.077551660989187,246.717557271000004
430,429,-93.530591436763501,44.077512660989193,232.443483141000002
431,430,-93.530591436763501,44.077473660989192,220.793484158000012
432,431,-93.530591436763501,44.077434660989191,222.713363646999994
433,432,-93.530591436763501,44.077395660989190,203.528964572000007
434,433,-93.530591436763501,44.077356660989189,174.687438965000013
435,434,-93.530591436763501,44.077317660989195,178.617558796999987
436,435,-93.530591436763501,44.077278660989194,198.191307067999986
437,436,-93.530591436763501,44.077239660989193,226.583338419999990
438,437,-93.530591436763501,44.077200660989192,216.405514186999994
439,438,-93.530591436763501,44.077161660989191,198.723205565999990
440,439,-93.530591436763501,44.077122660989197,164.838709512999998
441,440,-93.530591436763501,44.077083660989189,159.062559340000007
442,441,-93.530591436763501,44.077044660989195,175.357658385999997
443,442,-93.530591436763501,44.077005660989194,191.818896822999989
444,443,-93.530591436763501,44.076966660989186,187.094770643000004
445,444,-93.530591436763501,44.076927660989192,185.265796238000007
446,445,-93.530591436763501,44.076888660989191,171.211666530999992
447,446,-93.530591436763501,44.076849660989190,150.929821438000005
448,447,-93.530591436763501,44.076810660989189,147.199323865999986
449,448,-93.530552436763514,44.078019660989192,240.693266126999987
450,449,-93.530552436763514,44.077980660989198,241.329116821000014
451,450,-93.530552436763514,44.077941660989190,244.227783203000001
452,451,-93.530552436763514,44.077902660989189,241.867507934999992
453,452,-93.530552436763514,44.077863660989195,245.696268717000009
454,453,-93.530552436763514,44.077824660989201,238.903133816000008
455,454,-93.530552436763514,44.077785660989193,244.736928304000003
456,455,-93.530552436763514,44.077746660989192,251.208380804999990
457,456,-93.530552436763514,44.077707660989184,252.243840535000004
458,457,-93.530552436763514,44.077668660989190,244.324661254999995
459,458,-93.530552436763514,44.077629660989189,239.873977660999998
460,459,-93.530552436763514,44.077590660989195,244.733796861000002
461,460,-93.530552436763514,44.077551660989187,248.283121744999988
462,461,-93.530552436763514,44.077512660989193,237.553017509999989
463,462,-93.530552436763514,44.077473660989192,221.315148248000014
464,463,-93.530552436763514,44.077434660989191,218.112706502000009
465,464,-93.530552436763514,44.077395660989190,200.604424370999993
466,465,-93.530552436763514,44.077356660989189,167.147510105000009
467,466,-93.530552436763514,44.077317660989195,162.510119967999998
468,467,-93.530552436763514,44.077278660989194,190.264335632000012
469,468,-93.530552436763514,44.077239660989193,227.497667100999990
470,469,-93.530552436763514,44.077200660989192,228.476236978999992
471,470,-93.530552436763514,44.077161660989191,214.496739705000010
472,471,-93.530552436763514,44.077122660989197,175.293899535999998
473,472,-93.530552436763514,44.077083660989189,160.082273694999998
474,473,-93.530552436763514,44.077044660989195,171.621696471999996
475,474,-93.530552436763514,44.077005660989194,188.395958793999995
476,475,-93.530552436763514,44.076966660989186,196.262625799999995
477,476,-93.530552436763514,44.076927660989192,192.354612562000000
478,477,-93.530552436763514,44.076888660989191,180.029308743000001
479,478,-93.530552436763514,44.076849660989190,157.739128961000006
480,479,-93.530552436763514,44.076810660989189,162.749821980999997
481,480,-93.530513436763485,44.078019660989192,247.966793483999993
482,481,-93.530513436763485,44.077980660989198,237.921602037000014
483,482,-93.530513436763485,44.077941660989190,246.009894476999989
484,483,-93.530513436763485,44.077902660989189,245.047739664999995
485,484,-93.530513436763485,44.077863660989195,238.415756226000013
486,485,-93.530513436763485,44.077824660989201,233.323525323000013
487,486,-93.530513436763485,44.077785660989193,241.058519998999998
488,487,-93.530513436763485,44.077746660989192,246.065870496999992
489,488,-93.530513436763485,44.077707660989184,249.607647366000009
490,489,-93.530513436763485,44.077668660989190,254.945949977999987
491,490,-93.530513436763485,44.077629660989189,245.218451606000002
492,491,-93.530513436763485,44.077590660989195,242.070268419000001
493,492,-93.530513436763485,44.077551660989187,245.362190247000001
494,493,-93.530513436763485,44.077512660989193,240.383700900999997
495,494,-93.530513436763485,44.077473660989192,227.964564005999989
496,495,-93.530513436763485,44.077434660989191,223.933229234000009
497,496,-93.530513436763485,44.077395660989190,213.893471612000013
498,497,-93.530513436763485,44.077356660989189,178.074128892999994
499,498,-93.530513436763485,44.077317660989195,162.572191026000013
500,499,-93.530513436763485,44.077278660989194,175.758583068999997
501,500,-93.530513436763485,44.077239660989193,204.870118883000004
502,501,-93.530513436763485,44.077200660989192,222.264755248999990
503,502,-93.530513436763485,44.077161660989191,221.685668945000003
504,503,-93.530513436763485,44.077122660989197,187.591505262999988
505,504,-93.530513436763485,44.077083660989189,162.147662693000001
506,505,-93.530513436763485,44.077044660989195,159.096013386999999
507,506,-93.530513436763485,44.077005660989194,184.326436360999992
508,507,-93.530513436763485,44.076966660989186,199.800757513999997
509,508,-93.530513436763485,44.076927660989192,192.864444308999992
510,509,-93.530513436763485,44.076888660989191,178.084674411000009
511,510,-93.530513436763485,44.076849660989190,153.743392943999993
512,511,-93.530513436763485,44.076810660989189,177.351815117999990
513,512,-93.530474436763512,44.078019660989192,255.514912922999997
514,513,-93.530474436763512,44.077980660989198,233.067825317000000
515,514,-93.530474436763512,44.077941660989190,243.223508199000008
516,515,-93.530474436763512,44.077902660989189,247.008471170999997
517,516,-93.530474436763512,44.077863660989195,236.748214722000000
518,517,-93.530474436763512,44.077824660989201,237.402809143000013
519,518,-93.530474436763512,44.077785660989193,241.967960357999999
520,519,-93.530474436763512,44.077746660989192,241.493916829000000
521,520,-93.530474436763512,44.077707660989184,247.338612874000006
522,521,-93.530474436763512,44.077668660989190,260.147537231000001
523,522,-93.530474436763512,44.077629660989189,246.451609294000008
524,523,-93.530474436763512,44.077590660989195,236.648569742999996
525,524,-93.530474436763512,44.077551660989187,238.593864440999994
526,525,-93.530474436763512,44.077512660989193,238.998250326000004
527,526,-93.530474436763512,44.077473660989192,234.608220418000002
528,527,-93.530474436763512,44.077434660989191,233.234911600999993
529,528,-93.530474436763512,44.077395660989190,227.180244445999989
530,529,-93.530474436763512,44.077356660989189,198.824386597000000
531,530,-93.530474436763512,44.077317660989195,171.562464395999996
532,531,-93.530474436763512,44.077278660989194,171.236076354999994
533,532,-93.530474436763512,44.077239660989193,187.539520264000004
534,533,-93.530474436763512,44.077200660989192,213.354232787999990
535,534,-93.530474436763512,44.077161660989191,223.019444784000001
536,535,-93.530474436763512,44.077122660989197,196.297215779999988
537,536,-93.530474436763512,44.077083660989189,169.836514791000013
538,537,-93.530474436763512,44.077044660989195,146.805480956999986
539,538,-93.530474436763512,44.077005660989194,181.063364664999995
540,539,-93.530474436763512,44.076966660989186,200.956103006999996
541,540,-93.530474436763512,44.076927660989192,192.753641764000008
542,541,-93.530474436763512,44.076888660989191,172.462216694999995
543,542,-93.530474436763512,44.076849660989190,147.999773661000006
544,543,-93.530474436763512,44.076810660989189,184.240008036000006
545,544,-93.530435436763497,44.078019660989192,252.144419352000000
546,545,-93.530435436763497,44.077980660989198,223.328625149000004
547,546,-93.530435436763497,44.077941660989190,241.233773125999988
548,547,-93.530435436763497,44.077902660989189,246.704589843999997
549,548,-93.530435436763497,44.077863660989195,238.077017890000008
550,549,-93.530435436763497,44.077824660989201,247.286224365000010
551,550,-93.530435436763497,44.077785660989193,244.906773885000007
552,551,-93.530435436763497,44.077746660989192,240.442435370999988
553,552,-93.530435436763497,44.077707660989184,242.747377183999987
554,553,-93.530435436763497,44.077668660989190,253.665340847000010
555,554,-93.530435436763497,44.077629660989189,245.128061930000001
556,555,-93.530435436763497,44.077590660989195,232.355078802999998
557,556,-93.530435436763497,44.077551660989187,235.886039734000008
558,557,-93.530435436763497,44.077512660989193,242.403957791000011
559,558,-93.530435436763497,44.077473660989192,242.112080891999994
560,559,-93.530435436763497,44.077434660989191,239.702317980000004
561,560,-93.530435436763497,44.077395660989190,237.414160834000000
562,561,-93.530435436763497,44.077356660989189,216.113883124000012
563,562,-93.530435436763497,44.077317660989195,177.635913425000012
564,563,-93.530435436763497,44.077278660989194,173.926177978999988
565,564,-93.530435436763497,44.077239660989193,178.375634087000009
566,565,-93.530435436763497,44.077200660989192,208.062659370000006
567,566,-93.530435436763497,44.077161660989191,220.071558634000013
568,567,-93.530435436763497,44.077122660989197,203.571489122000003
569,568,-93.530435436763497,44.077083660989189,176.322721693000005
570,569,-93.530435436763497,44.077044660989195,140.708468119000003
571,570,-93.530435436763497,44.077005660989194,177.259218003999990
572,571,-93.530435436763497,44.076966660989186,199.020399306000002
573,572,-93.530435436763497,44.076927660989192,192.508744981999996
574,573,-93.530435436763497,44.076888660989191,166.690149942999994
575,574,-93.530435436763497,44.076849660989190,146.350153605000003
576,575,-93.530435436763497,44.076810660989189,186.622082180000007
577,576,-93.530396436763510,44.078019660989192,220.971810234999992
578,577,-93.530396436763510,44.077980660989198,199.929758708000008
579,578,-93.530396436763510,44.077941660989190,248.289498223000010
580,579,-93.530396436763510,44.077902660989189,254.457144843000009
581,580,-93.530396436763510,44.077863660989195,241.504357231999990
582,581,-93.530396436763510,44.077824660989201,251.582249958999995
583,582,-93.530396436763510,44.077785660989193,251.078097025999995
584,583,-93.530396436763510,44.077746660989192,242.749069214000002
585,584,-93.530396436763510,44.077707660989184,239.803309122999991
586,585,-93.530396436763510,44.077668660989190,242.765194363000006
587,586,-93.530396436763510,44.077629660989189,245.398941040000011
588,587,-93.530396436763510,44.077590660989195,233.178292169000002
589,588,-93.530396436763510,44.077551660989187,239.750287374000010
590,589,-93.530396436763510,44.077512660989193,250.216300117000003
591,590,-93.530396436763510,44.077473660989192,249.135492961000011
592,591,-93.530396436763510,44.077434660989191,244.702723184999996
593,592,-93.530396436763510,44.077395660989190,243.895197550000006
594,593,-93.530396436763510,44.077356660989189,225.056276109000009
595,594,-93.530396436763510,44.077317660989195,177.658450656000014
596,595,-93.530396436763510,44.077278660989194,178.822718301999998
597,596,-93.530396436763510,44.077239660989193,178.759835137000010
598,597,-93.530396436763510,44.077200660989192,208.009153577999996
599,598,-93.530396436763510,44.077161660989191,216.258005778000012
600,599,-93.530396436763510,44.077122660989197,209.944093492000007
601,600,-93.530396436763510,44.077083660989189,177.678961859999987
602,601,-93.530396436763510,44.077044660989195,144.157478333000000
603,602,-93.530396436763510,44.077005660989194,177.337371826000009
604,603,-93.530396436763510,44.076966660989186,197.006744384999990
605,604,-93.530396436763510,44.076927660989192,192.655600654000011
606,605,-93.530396436763510,44.076888660989191,169.304241603999998
607,606,-93.530396436763510,44.076849660989190,153.750522189999998
608,607,-93.530396436763510,44.076810660989189,189.561511569999993
609,608,-93.530357436763495,44.078019660989192,198.050189547999992
610,609,-93.530357436763495,44.077980660989198,173.394139607999989
611,610,-93.530357436763495,44.077941660989190,254.113082886000001
612,611,-93.530357436763495,44.077902660989189,267.679250081000021
613,612,-93.530357436763495,44.077863660989195,247.592085096999995
614,613,-93.530357436763495,44.077824660989201,247.751985337999997
615,614,-93.530357436763495,44.077785660989193,255.412615458000005
616,615,-93.530357436763495,44.077746660989192,247.222386677999992
617,616,-93.530357436763495,44.077707660989184,237.033620199000012
618,617,-93.530357436763495,44.077668660989190,235.962968614000005
619,618,-93.530357436763495,44.077629660989189,242.219043308000010
620,619,-93.530357436763495,44.077590660989195,235.936669244000001
621,620,-93.530357436763495,44.077551660989187,246.955373127999991
622,621,-93.530357436763495,44.077512660989193,258.014389037999990
623,622,-93.530357436763495,44.077473660989192,257.415066189000015
624,623,-93.530357436763495,44.077434660989191,247.883516100000008
625,624,-93.530357436763495,44.077395660989190,245.423397488000006
626,625,-93.530357436763495,44.077356660989189,232.522750854000009
627,626,-93.530357436763495,44.077317660989195,176.493192885000013
628,627,-93.530357436763495,44.077278660989194,182.988136292000007
629,628,-93.530357436763495,44.077239660989193,190.008517794999989
630,629,-93.530357436763495,44.077200660989192,214.134133233000000
631,630,-93.530357436763495,44.077161660989191,218.224577162000003
632,631,-93.530357436763495,44.077122660989197,213.661115857999988
633,632,-93.530357436763495,44.077083660989189,181.931599935000008
634,633,-93.530357436763495,44.077044660989195,159.887952168999988
635,634,-93.530357436763495,44.077005660989194,185.173583984000004
636,635,-93.530357436763495,44.076966660989186,193.181594848999993
637,636,-93.530357436763495,44.076927660989192,191.949730767000005
638,637,-93.530357436763495,44.076888660989191,182.053632948000001
639,638,-93.530357436763495,44.076849660989190,174.594828288000002
640,639,-93.530357436763495,44.076810660989189,200.049909804000009
641,640,-93.530318436763523,44.078019660989192,244.795393202000014
642,641,-93.530318436763523,44.077980660989198,194.310765583999995
643,642,-93.530318436763523,44.077941660989190,257.073671128999990
644,643,-93.530318436763523,44.077902660989189,272.248162164000007
645,644,-93.530318436763523,44.077863660989195,244.502850002999992
646,645,-93.530318436763523,44.077824660989201,240.229827881000006
647,646,-93.530318436763523,44.077785660989193,250.037823994999997
648,647,-93.530318436763523,44.077746660989192,247.127315944999992
649,648,-93.530318436763523,44.077707660989184,232.881286620999987
650,649,-93.530318436763523,44.077668660989190,231.237799749999994
651,650,-93.530318436763523,44.077629660989189,237.980712890999996
652,651,-93.530318436763523,44.077590660989195,240.727498372000014
653,652,-93.530318436763523,44.077551660989187,254.561416626000010
654,653,-93.530318436763523,44.077512660989193,260.562744140999996
655,654,-93.530318436763523,44.077473660989192,260.371978759999990
656,655,-93.530318436763523,44.077434660989191,251.393824259000013
657,656,-93.530318436763523,44.077395660989190,250.053015815000009
658,657,-93.530318436763523,44.077356660989189,241.012308757000000
659,658,-93.530318436763523,44.077317660989195,184.627212523999987
660,659,-93.530318436763523,44.077278660989194,190.276156108000009
661,660,-93.530318436763523,44.077239660989193,195.039879692999989
662,661,-93.530318436763523,44.077200660989192,213.286626180000013
663,662,-93.530318436763523,44.077161660989191,216.730828179000014
664,663,-93.530318436763523,44.077122660989197,219.738993327000003
665,664,-93.530318436763523,44.077083660989189,193.530741374000002
666,665,-93.530318436763523,44.077044660989195,184.063367207999988
667,666,-93.530318436763523,44.077005660989194,193.756810505999994
668,667,-93.530318436763523,44.076966660989186,187.334316677999993
669,668,-93.530318436763523,44.076927660989192,189.994817097999999
670,669,-93.530318436763523,44.076888660989191,195.052327474000009
671,670,-93.530318436763523,44.076849660989190,198.681467692000012
672,671,-93.530318436763523,44.076810660989189,217.003094142999998
673,672,-93.530279436763493,44.078019660989192,222.098775227999994
674,673,-93.530279436763493,44.077980660989198,214.935950385000012
675,674,-93.530279436763493,44.077941660989190,239.976013184000010
676,675,-93.530279436763493,44.077902660989189,270.706241184000021
677,676,-93.530279436763493,44.077863660989195,238.437145657000002
678,677,-93.530279436763493,44.077824660989201,238.849032932000000
679,678,-93.530279436763493,44.077785660989193,246.441243490000005
680,679,-93.530279436763493,44.077746660989192,242.471203274000004
681,680,-93.530279436763493,44.077707660989184,229.168597750999993
682,681,-93.530279436763493,44.077668660989190,232.380272759000007
683,682,-93.530279436763493,44.077629660989189,241.664272732000001
684,683,-93.530279436763493,44.077590660989195,242.750729030999992
685,684,-93.530279436763493,44.077551660989187,254.719871520999988
686,685,-93.530279436763493,44.077512660989193,257.498609755000018
687,686,-93.530279436763493,44.077473660989192,257.347137450999981
688,687,-93.530279436763493,44.077434660989191,250.499604967000010
689,688,-93.530279436763493,44.077395660989190,246.504508124000012
690,689,-93.530279436763493,44.077356660989189,241.018027412000009
691,690,-93.530279436763493,44.077317660989195,197.983773125999988
692,691,-93.530279436763493,44.077278660989194,201.076227824000000
693,692,-93.530279436763493,44.077239660989193,210.547127617999990
694,693,-93.530279436763493,44.077200660989192,219.918770684000009
695,694,-93.530279436763493,44.077161660989191,217.294767591999999
696,695,-93.530279436763493,44.077122660989197,221.401192559000009
697,696,-93.530279436763493,44.077083660989189,203.691394381999999
698,697,-93.530279436763493,44.077044660989195,198.094334919999994
699,698,-93.530279436763493,44.077005660989194,195.182240804000003
700,699,-93.530279436763493,44.076966660989186,180.622950236000008
701,700,-93.530279436763493,44.076927660989192,189.315648396999990
702,701,-93.530279436763493,44.076888660989191,202.641187879999990
703,702,-93.530279436763493,44.076849660989190,210.069007026000008
704,703,-93.530279436763493,44.076810660989189,228.621960110000003
705,704,-93.530240436763506,44.078019660989192,233.877126057999988
706,705,-93.530240436763506,44.077980660989198,219.238650852000006
707,706,-93.530240436763506,44.077941660989190,245.127141316999996
708,707,-93.530240436763506,44.077902660989189,260.975630018000004
709,708,-93.530240436763506,44.077863660989195,245.125725640000013
710,709,-93.530240436763506,44.077824660989201,245.158199733999993
711,710,-93.530240436763506,44.077785660989193,239.703778585000009
712,711,-93.530240436763506,44.077746660989192,237.733642578000001
713,712,-93.530240436763506,44.077707660989184,235.025817870999987
714,713,-93.530240436763506,44.077668660989190,241.738408407000009
715,714,-93.530240436763506,44.077629660989189,249.782809786999991
716,715,-93.530240436763506,44.077590660989195,246.293891059000003
717,716,-93.530240436763506,44.077551660989187,247.180786132999998
718,717,-93.530240436763506,44.077512660989193,249.014933267999993
719,718,-93.530240436763506,44.077473660989192,255.279678345000008
720,719,-93.530240436763506,44.077434660989191,251.030200533999988
721,720,-93.530240436763506,44.077395660989190,244.491994221999988
722,721,-93.530240436763506,44.077356660989189,241.834504869000000
723,722,-93.530240436763506,44.077317660989195,220.386008368999995
724,723,-93.530240436763506,44.077278660989194,217.850779214999989
725,724,-93.530240436763506,44.077239660989193,228.793448554000008
726,725,-93.530240436763506,44.077200660989192,228.864325629000007
727,726,-93.530240436763506,44.077161660989191,221.673039754000001
728,727,-93.530240436763506,44.077122660989197,222.204225328000007
729,728,-93.530240436763506,44.077083660989189,206.515419853999987
730,729,-93.530240436763506,44.077044660989195,196.673098245999995
731,730,-93.530240436763506,44.077005660989194,190.133829752999986
732,731,-93.530240436763506,44.076966660989186,175.020026312999988
733,732,-93.530240436763506,44.076927660989192,189.333816528000000
734,733,-93.530240436763506,44.076888660989191,204.219896105000004
735,734,-93.530240436763506,44.076849660989190,206.452879163999995
736,735,-93.530240436763506,44.076810660989189,225.165896946000004
737,736,-93.530201436763519,44.078019660989192,228.341471353999992
738,737,-93.530201436763519,44.077980660989198,229.241287231000001
739,738,-93.530201436763519,44.077941660989190,250.219790141000004
740,739,-93.530201436763519,44.077902660989189,248.937980651999993
741,740,-93.530201436763519,44.077863660989195,244.449696858999999
742,741,-93.530201436763519,44.077824660989201,245.743530273000005
743,742,-93.530201436763519,44.077785660989193,230.696464539000004
744,743,-93.530201436763519,44.077746660989192,232.763359070000007
745,744,-93.530201436763519,44.077707660989184,245.927103678000009
746,745,-93.530201436763519,44.077668660989190,244.279383340999999
747,746,-93.530201436763519,44.077629660989189,250.254356384000005
748,747,-93.530201436763519,44.077590660989195,251.191070556999989
749,748,-93.530201436763519,44.077551660989187,244.688652039000004
750,749,-93.530201436763519,44.077512660989193,243.849466960000001
751,750,-93.530201436763519,44.077473660989192,251.132113139000012
752,751,-93.530201436763519,44.077434660989191,252.651710509999987
753,752,-93.530201436763519,44.077395660989190,245.697118122999996
754,753,-93.530201436763519,44.077356660989189,242.558186849000009
755,754,-93.530201436763519,44.077317660989195,238.656621296999987
756,755,-93.530201436763519,44.077278660989194,231.367263793999996
757,756,-93.530201436763519,44.077239660989193,227.169484455999992
758,757,-93.530201436763519,44.077200660989192,229.255355834999989
759,758,-93.530201436763519,44.077161660989191,225.540448507000008
760,759,-93.530201436763519,44.077122660989197,226.599934896000008
761,760,-93.530201436763519,44.077083660989189,206.135505676000008
762,761,-93.530201436763519,44.077044660989195,198.104465484999992
763,762,-93.530201436763519,44.077005660989194,191.300366720000000
764,763,-93.530201436763519,44.076966660989186,178.449488322000008
765,764,-93.530201436763519,44.076927660989192,193.201499939000001
766,765,-93.530201436763519,44.076888660989191,215.610674539999991
767,766,-93.530201436763519,44.076849660989190,207.213205972999987
768,767,-93.530201436763519,44.076810660989189,216.755572000999990
769,768,-93.530162436763504,44.078019660989192,244.968478733000012
770,769,-93.530162436763504,44.077980660989198,246.833204480999996
771,770,-93.530162436763504,44.077941660989190,251.026299370999993
772,771,-93.530162436763504,44.077902660989189,238.937693278000012
773,772,-93.530162436763504,44.077863660989195,244.152192858000006
774,773,-93.530162436763504,44.077824660989201,244.132641261999993
775,774,-93.530162436763504,44.077785660989193,231.091214497999999
776,775,-93.530162436763504,44.077746660989192,227.560224744999999
777,776,-93.530162436763504,44.077707660989184,248.262593586999998
778,777,-93.530162436763504,44.077668660989190,237.889019436000012
779,778,-93.530162436763504,44.077629660989189,243.972974988999994
780,779,-93.530162436763504,44.077590660989195,249.587605794000012
781,780,-93.530162436763504,44.077551660989187,240.812085470000000
782,781,-93.530162436763504,44.077512660989193,238.378348455999998
783,782,-93.530162436763504,44.077473660989192,245.561740450999991
784,783,-93.530162436763504,44.077434660989191,252.196517943999993
785,784,-93.530162436763504,44.077395660989190,243.373757256000005
786,785,-93.530162436763504,44.077356660989189,237.252858479999986
787,786,-93.530162436763504,44.077317660989195,247.533481174000002
788,787,-93.530162436763504,44.077278660989194,239.365178426000000
789,788,-93.530162436763504,44.077239660989193,221.625159370000006
790,789,-93.530162436763504,44.077200660989192,226.044055514999997
791,790,-93.530162436763504,44.077161660989191,225.209072536999997
792,791,-93.530162436763504,44.077122660989197,231.218473646000007
793,792,-93.530162436763504,44.077083660989189,208.744067722000011
794,793,-93.530162436763504,44.077044660989195,207.239695231000013
795,794,-93.530162436763504,44.077005660989194,197.677430894999986
796,795,-93.530162436763504,44.076966660989186,188.784281413000002
797,796,-93.530162436763504,44.076927660989192,200.791719225000008
798,797,-93.530162436763504,44.076888660989191,230.335072835000005
799,798,-93.530162436763504,44.076849660989190,210.707222833000003
800,799,-93.530162436763504,44.076810660989189,204.341066149000000
801,800,-93.530123436763532,44.078019660989192,227.103892008000003
802,801,-93.530123436763532,44.077980660989198,241.887207031000003
803,802,-93.530123436763532,44.077941660989190,244.184778848999997
804,803,-93.530123436763532,44.077902660989189,230.010708278999999
805,804,-93.530123436763532,44.077863660989195,245.653584797999997
806,805,-93.530123436763532,44.077824660989201,244.233852810000002
807,806,-93.530123436763532,44.077785660989193,237.721509298000001
808,807,-93.530123436763532,44.077746660989192,226.082053290000005
809,808,-93.530123436763532,44.077707660989184,241.907552083000013
810,809,-93.530123436763532,44.077668660989190,237.470862495000006
811,810,-93.530123436763532,44.077629660989189,244.394866943000011
812,811,-93.530123436763532,44.077590660989195,246.585208469000008
813,812,-93.530123436763532,44.077551660989187,235.394076028999990
814,813,-93.530123436763532,44.077512660989193,232.091873168999996
815,814,-93.530123436763532,44.077473660989192,241.472349379000008
816,815,-93.530123436763532,44.077434660989191,251.433375041000005
817,816,-93.530123436763532,44.077395660989190,245.999588012999993
818,817,-93.530123436763532,44.077356660989189,235.183649699000000
819,818,-93.530123436763532,44.077317660989195,241.545983209000013
820,819,-93.530123436763532,44.077278660989194,243.085601806999989
821,820,-93.530123436763532,44.077239660989193,224.376212226000007
822,821,-93.530123436763532,44.077200660989192,223.634511312000001
823,822,-93.530123436763532,44.077161660989191,220.196185641999989
824,823,-93.530123436763532,44.077122660989197,228.962666829000000
825,824,-93.530123436763532,44.077083660989189,214.452618069000010
826,825,-93.530123436763532,44.077044660989195,217.033973693999997
827,826,-93.530123436763532,44.077005660989194,205.093911064999986
828,827,-93.530123436763532,44.076966660989186,199.304211086999999
829,828,-93.530123436763532,44.076927660989192,210.941658867999990
830,829,-93.530123436763532,44.076888660989191,230.855851914999988
831,830,-93.530123436763532,44.076849660989190,209.535427516999988
832,831,-93.530123436763532,44.076810660989189,194.561514960000011
833,832,-93.530084436763502,44.078019660989192,194.054034763000004
834,833,-93.530084436763502,44.077980660989198,224.487616645000003
835,834,-93.530084436763502,44.077941660989190,238.808029175000001
836,835,-93.530084436763502,44.077902660989189,215.197423299000008
837,836,-93.530084436763502,44.077863660989195,235.331814236000014
838,837,-93.530084436763502,44.077824660989201,236.016215007000000
839,838,-93.530084436763502,44.077785660989193,239.614941915000003
840,839,-93.530084436763502,44.077746660989192,225.648001776999990
841,840,-93.530084436763502,44.077707660989184,231.188849554999990
842,841,-93.530084436763502,44.077668660989190,238.148023816999995
843,842,-93.530084436763502,44.077629660989189,235.035812378000003
844,843,-93.530084436763502,44.077590660989195,241.157582601000001
845,844,-93.530084436763502,44.077551660989187,237.020070393999987
846,845,-93.530084436763502,44.077512660989193,233.356875948999999
847,846,-93.530084436763502,44.077473660989192,242.888997396000008
848,847,-93.530084436763502,44.077434660989191,252.787399292000003
849,848,-93.530084436763502,44.077395660989190,250.268071493000008
850,849,-93.530084436763502,44.077356660989189,235.513927883999997
851,850,-93.530084436763502,44.077317660989195,231.153679742000008
852,851,-93.530084436763502,44.077278660989194,239.531321208000008
853,852,-93.530084436763502,44.077239660989193,223.861804538000001
854,853,-93.530084436763502,44.077200660989192,221.212938097000006
855,854,-93.530084436763502,44.077161660989191,214.587546454999995
856,855,-93.530084436763502,44.077122660989197,218.109083387999988
857,856,-93.530084436763502,44.077083660989189,218.678180271000002
858,857,-93.530084436763502,44.077044660989195,223.572914123999993
859,858,-93.530084436763502,44.077005660989194,207.557686700000005
860,859,-93.530084436763502,44.076966660989186,218.079576279999998
861,860,-93.530084436763502,44.076927660989192,219.357510036999997
862,861,-93.530084436763502,44.076888660989191,219.469572279000005
863,862,-93.530084436763502,44.076849660989190,203.946679009000007
864,863,-93.530084436763502,44.076810660989189,190.833146836999987
865,864,-93.530045436763515,44.078019660989192,197.226865980000014
866,865,-93.530045436763515,44.077980660989198,211.057788425000012
867,866,-93.530045436763515,44.077941660989190,226.608576456999998
868,867,-93.530045436763515,44.077902660989189,200.198594834999994
869,868,-93.530045436763515,44.077863660989195,229.085020277000012
870,869,-93.530045436763515,44.077824660989201,221.617707994000000
871,870,-93.530045436763515,44.077785660989193,237.402437845999998
872,871,-93.530045436763515,44.077746660989192,223.391942341999993
873,872,-93.530045436763515,44.077707660989184,224.057415431999999
874,873,-93.530045436763515,44.077668660989190,232.634999593000003
875,874,-93.530045436763515,44.077629660989189,240.777603148999987
876,875,-93.530045436763515,44.077590660989195,244.381264581000011
877,876,-93.530045436763515,44.077551660989187,234.402722677000014
878,877,-93.530045436763515,44.077512660989193,228.550169202999996
879,878,-93.530045436763515,44.077473660989192,245.026913113000006
880,879,-93.530045436763515,44.077434660989191,257.814759996000021
881,880,-93.530045436763515,44.077395660989190,242.713873968999991
882,881,-93.530045436763515,44.077356660989189,228.010984632999993
883,882,-93.530045436763515,44.077317660989195,230.364744397999999
884,883,-93.530045436763515,44.077278660989194,238.056162516000001
885,884,-93.530045436763515,44.077239660989193,214.676829020000014
886,885,-93.530045436763515,44.077200660989192,211.472920735999992
887,886,-93.530045436763515,44.077161660989191,202.794845581000004
888,887,-93.530045436763515,44.077122660989197,206.846467759999996
889,888,-93.530045436763515,44.077083660989189,218.105258517999999
890,889,-93.530045436763515,44.077044660989195,220.503107706999998
891,890,-93.530045436763515,44.077005660989194,206.000839232999994
892,891,-93.530045436763515,44.076966660989186,225.014422947000014
893,892,-93.530045436763515,44.076927660989192,219.975424873000009
894,893,-93.530045436763515,44.076888660989191,207.653888279000000
895,894,-93.530045436763515,44.076849660989190,191.603978474999991
896,895,-93.530045436763515,44.076810660989189,170.065606011000000
897,896,-93.530006436763500,44.078019660989192,195.166375054000014
898,897,-93.530006436763500,44.077980660989198,186.039252387000005
899,898,-93.530006436763500,44.077941660989190,198.943859524000004
900,899,-93.530006436763500,44.077902660989189,187.231041801999993
901,900,-93.530006436763500,44.077863660989195,234.382210625999988
902,901,-93.530006436763500,44.077824660989201,209.217700533999988
903,902,-93.530006436763500,44.077785660989193,236.224522909000001
904,903,-93.530006436763500,44.077746660989192,218.153077867000007
905,904,-93.530006436763500,44.077707660989184,224.470162286000004
906,905,-93.530006436763500,44.077668660989190,222.503319634000007
907,906,-93.530006436763500,44.077629660989189,233.468612670999988
908,907,-93.530006436763500,44.077590660989195,236.220472548000004
909,908,-93.530006436763500,44.077551660989187,226.823989868000012
910,909,-93.530006436763500,44.077512660989193,221.357949151000014
911,910,-93.530006436763500,44.077473660989192,238.728773329000006
912,911,-93.530006436763500,44.077434660989191,241.980473835999987
913,912,-93.530006436763500,44.077395660989190,217.964757284000001
914,913,-93.530006436763500,44.077356660989189,216.160903931000007
915,914,-93.530006436763500,44.077317660989195,222.936555650000003
916,915,-93.530006436763500,44.077278660989194,231.747245789000004
917,916,-93.530006436763500,44.077239660989193,206.356894598999986
918,917,-93.530006436763500,44.077200660989192,197.128133138000010
919,918,-93.530006436763500,44.077161660989191,197.792975532000014
920,919,-93.530006436763500,44.077122660989197,202.315304225999995
921,920,-93.530006436763500,44.077083660989189,210.650639852000012
922,921,-93.530006436763500,44.077044660989195,214.105964661000002
923,922,-93.530006436763500,44.077005660989194,198.897203233999988
924,923,-93.530006436763500,44.076966660989186,210.030451456999998
925,924,-93.530006436763500,44.076927660989192,209.610243056000002
926,925,-93.530006436763500,44.076888660989191,198.745173136000005
927,926,-93.530006436763500,44.076849660989190,174.223271688000011
928,927,-93.530006436763500,44.076810660989189,142.672312419000008
929,928,-93.529967436763513,44.078019660989192,204.686800639000012
930,929,-93.529967436763513,44.077980660989198,169.920763652000005
931,930,-93.529967436763513,44.077941660989190,163.963129678999991
932,931,-93.529967436763513,44.077902660989189,173.113761901999993
933,932,-93.529967436763513,44.077863660989195,223.934928893999995
934,933,-93.529967436763513,44.077824660989201,193.713394165000011
935,934,-93.529967436763513,44.077785660989193,234.668472290000011
936,935,-93.529967436763513,44.077746660989192,207.349774679000006
937,936,-93.529967436763513,44.077707660989184,212.897499084000003
938,937,-93.529967436763513,44.077668660989190,208.037455241000004
939,938,-93.529967436763513,44.077629660989189,214.611511229999991
940,939,-93.529967436763513,44.077590660989195,213.457059224000005
941,940,-93.529967436763513,44.077551660989187,210.679698943999995
942,941,-93.529967436763513,44.077512660989193,209.947494506999988
943,942,-93.529967436763513,44.077473660989192,223.937629700000002
944,943,-93.529967436763513,44.077434660989191,221.710009256999996
945,944,-93.529967436763513,44.077395660989190,198.151608785000008
946,945,-93.529967436763513,44.077356660989189,204.404581705999988
947,946,-93.529967436763513,44.077317660989195,210.440602619999993
948,947,-93.529967436763513,44.077278660989194,224.641399384000010
949,948,-93.529967436763513,44.077239660989193,204.415583292999997
950,949,-93.529967436763513,44.077200660989192,186.319498697999990
951,950,-93.529967436763513,44.077161660989191,192.979934692000000
952,951,-93.529967436763513,44.077122660989197,195.541618346999996
953,952,-93.529967436763513,44.077083660989189,197.219835917000012
954,953,-93.529967436763513,44.077044660989195,195.877689362000012
955,954,-93.529967436763513,44.077005660989194,183.592366535999986
956,955,-93.529967436763513,44.076966660989186,191.571095785000011
957,956,-93.529967436763513,44.076927660989192,197.283246358000014
958,957,-93.529967436763513,44.076888660989191,189.262461344000002
959,958,-93.529967436763513,44.076849660989190,185.182398478000010
960,959,-93.529967436763513,44.076810660989189,164.786768595000012
961,960,-93.529928436763498,44.078019660989192,217.345530192000012
962,961,-93.529928436763498,44.077980660989198,156.953613281000003
963,962,-93.529928436763498,44.077941660989190,130.210166082999990
964,963,-93.529928436763498,44.077902660989189,155.579157511000005
965,964,-93.529928436763498,44.077863660989195,222.357545641000002
966,965,-93.529928436763498,44.077824660989201,173.524583605000004
967,966,-93.529928436763498,44.077785660989193,224.828460693000011
968,967,-93.529928436763498,44.077746660989192,185.883951822999990
969,968,-93.529928436763498,44.077707660989184,194.644436305999989
970,969,-93.529928436763498,44.077668660989190,188.602608575000005
971,970,-93.529928436763498,44.077629660989189,218.792838203000002
972,971,-93.529928436763498,44.077590660989195,197.752331204000001
973,972,-93.529928436763498,44.077551660989187,183.313514709000003
974,973,-93.529928436763498,44.077512660989193,182.350014581000011
975,974,-93.529928436763498,44.077473660989192,214.775465223999987
976,975,-93.529928436763498,44.077434660989191,220.832260131999988
977,976,-93.529928436763498,44.077395660989190,183.521896362000007
978,977,-93.529928436763498,44.077356660989189,188.149302164999995
979,978,-93.529928436763498,44.077317660989195,203.564663357000001
980,979,-93.529928436763498,44.077278660989194,219.675890605000006
981,980,-93.529928436763498,44.077239660989193,190.848943074999994
982,981,-93.529928436763498,44.077200660989192,170.727906969000003
983,982,-93.529928436763498,44.077161660989191,169.924909804000009
984,983,-93.529928436763498,44.077122660989197,170.062889947000002
985,984,-93.529928436763498,44.077083660989189,182.053173488999988
986,985,-93.529928436763498,44.077044660989195,169.827189127999986
987,986,-93.529928436763498,44.077005660989194,165.335795085000001
988,987,-93.529928436763498,44.076966660989186,167.066070556999989
989,988,-93.529928436763498,44.076927660989192,182.599236381999987
990,989,-93.529928436763498,44.076888660989191,181.175942314999986
991,990,-93.529928436763498,44.076849660989190,210.029496934999997
992,991,-93.529928436763498,44.076810660989189,176.498357136999999
993,992,-93.529889436763497,44.078019660989192,208.379113090999994
994,993,-93.529889436763497,44.077980660989198,146.010527717000002
995,994,-93.529889436763497,44.077941660989190,127.231051975000000
996,995,-93.529889436763497,44.077902660989189,153.038692050999998
997,996,-93.529889436763497,44.077863660989195,189.002877129000012
998,997,-93.529889436763497,44.077824660989201,182.806001450999986
999,998,-93.529889436763497,44.077785660989193,201.444567361999987
1000,999,-93.529889436763497,44.077746660989192,192.671722412000008
1001,1000,-93.529889436763497,44.077707660989184,219.199995252999997
1002,1001,-93.529889436763497,44.077668660989190,207.920633952000003
1003,1002,-93.529889436763497,44.077629660989189,243.109242757000004
1004,1003,-93.529889436763497,44.077590660989195,209.363964505000013
1005,1004,-93.529889436763497,44.077551660989187,198.244773865000013
1006,1005,-93.529889436763497,44.077512660989193,193.677140978000011
1007,1006,-93.529889436763497,44.077473660989192,210.660825941000013
1008,1007,-93.529889436763497,44.077434660989191,222.926596748000009
1009,1008,-93.529889436763497,44.077395660989190,201.319157918000002
1010,1009,-93.529889436763497,44.077356660989189,204.703304715000002
1011,1010,-93.529889436763497,44.077317660989195,206.391318426999987
1012,1011,-93.529889436763497,44.077278660989194,222.718757629000010
1013,1012,-93.529889436763497,44.077239660989193,199.031985813000006
1014,1013,-93.529889436763497,44.077200660989192,206.560538398000006
1015,1014,-93.529889436763497,44.077161660989191,181.965627035000011
1016,1015,-93.529889436763497,44.077122660989197,192.525646633999997
1017,1016,-93.529889436763497,44.077083660989189,187.827616374000002
1018,1017,-93.529889436763497,44.077044660989195,195.515106201000009
1019,1018,-93.529889436763497,44.077005660989194,194.757659912000008
1020,1019,-93.529889436763497,44.076966660989186,204.262986925000007
1021,1020,-93.529889436763497,44.076927660989192,193.193581475000002
1022,1021,-93.529889436763497,44.076888660989191,198.920461018999987
1023,1022,-93.529889436763497,44.076849660989190,240.046334161000004
1024,1023,-93.529889436763497,44.076810660989189,193.200578478000011
1025,1024,-93.529850436763496,44.078019660989192,191.016718547000011
1026,1025,-93.529850436763496,44.077980660989198,147.190224542000010
1027,1026,-93.529850436763496,44.077941660989190,165.964307996999992
1028,1027,-93.529850436763496,44.077902660989189,178.707853529000005
1029,1028,-93.529850436763496,44.077863660989195,195.798743354000010
1030,1029,-93.529850436763496,44.077824660989201,222.455702040000006
1031,1030,-93.529850436763496,44.077785660989193,233.003313700000007
1032,1031,-93.529850436763496,44.077746660989192,232.428356594999997
1033,1032,-93.529850436763496,44.077707660989184,234.390377468999986
1034,1033,-93.529850436763496,44.077668660989190,233.176571316000008
1035,1034,-93.529850436763496,44.077629660989189,237.352159287999996
1036,1035,-93.529850436763496,44.077590660989195,230.824227226999994
1037,1036,-93.529850436763496,44.077551660989187,223.816619873000008
1038,1037,-93.529850436763496,44.077512660989193,214.424196031000008
1039,1038,-93.529850436763496,44.077473660989192,209.210359361000002
1040,1039,-93.529850436763496,44.077434660989191,222.301762899000011
1041,1040,-93.529850436763496,44.077395660989190,230.368567573000007
1042,1041,-93.529850436763496,44.077356660989189,226.330968221000006
1043,1042,-93.529850436763496,44.077317660989195,220.275753444999992
1044,1043,-93.529850436763496,44.077278660989194,221.139208475999993
1045,1044,-93.529850436763496,44.077239660989193,229.600519816000002
1046,1045,-93.529850436763496,44.077200660989192,230.103224012999988
1047,1046,-93.529850436763496,44.077161660989191,223.529434204000012
1048,1047,-93.529850436763496,44.077122660989197,220.581512451000009
1049,1048,-93.529850436763496,44.077083660989189,216.378529866999997
1050,1049,-93.529850436763496,44.077044660989195,207.859451293999996
1051,1050,-93.529850436763496,44.077005660989194,209.231518216000012
1052,1051,-93.529850436763496,44.076966660989186,222.271745470000013
1053,1052,-93.529850436763496,44.076927660989192,221.998319837999986
1054,1053,-93.529850436763496,44.076888660989191,187.816830105000008
1055,1054,-93.529850436763496,44.076849660989190,179.239754570999992
1056,1055,-93.529850436763496,44.076810660989189,162.632744682999999
1057,1056,-93.529811436763509,44.078019660989192,179.453050401000013
1058,1057,-93.529811436763509,44.077980660989198,152.103220622000009
1059,1058,-93.529811436763509,44.077941660989190,204.515769110999997
1060,1059,-93.529811436763509,44.077902660989189,223.141716851000012
1061,1060,-93.529811436763509,44.077863660989195,226.470550537000008
1062,1061,-93.529811436763509,44.077824660989201,236.898091633999996
1063,1062,-93.529811436763509,44.077785660989193,241.252751668000002
1064,1063,-93.529811436763509,44.077746660989192,245.795152451999996
1065,1064,-93.529811436763509,44.077707660989184,237.851923625000012
1066,1065,-93.529811436763509,44.077668660989190,231.015701293999996
1067,1066,-93.529811436763509,44.077629660989189,236.739988538999995
1068,1067,-93.529811436763509,44.077590660989195,239.313151041999987
1069,1068,-93.529811436763509,44.077551660989187,232.352834066000014
1070,1069,-93.529811436763509,44.077512660989193,217.774602254000001
1071,1070,-93.529811436763509,44.077473660989192,217.287840101000000
1072,1071,-93.529811436763509,44.077434660989191,219.266511704999999
1073,1072,-93.529811436763509,44.077395660989190,221.842229207000003
1074,1073,-93.529811436763509,44.077356660989189,213.317242093000004
1075,1074,-93.529811436763509,44.077317660989195,212.289537217999992
1076,1075,-93.529811436763509,44.077278660989194,202.222457886000001
1077,1076,-93.529811436763509,44.077239660989193,203.188420613999995
1078,1077,-93.529811436763509,44.077200660989192,203.742896185999996
1079,1078,-93.529811436763509,44.077161660989191,200.456236098000005
1080,1079,-93.529811436763509,44.077122660989197,198.567565918000014
1081,1080,-93.529811436763509,44.077083660989189,198.886518690000003
1082,1081,-93.529811436763509,44.077044660989195,207.101949055999995
1083,1082,-93.529811436763509,44.077005660989194,219.375408596000000
1084,1083,-93.529811436763509,44.076966660989186,208.222130668999995
1085,1084,-93.529811436763509,44.076927660989192,185.669208102999988
1086,1085,-93.529811436763509,44.076888660989191,158.072850544999994
1087,1086,-93.529811436763509,44.076849660989190,131.339982775000010
1088,1087,-93.529811436763509,44.076810660989189,151.737153795000012
1089,1088,-93.529772436763508,44.078019660989192,186.412655301000001
1090,1089,-93.529772436763508,44.077980660989198,158.350293689000011
1091,1090,-93.529772436763508,44.077941660989190,230.216540866000003
1092,1091,-93.529772436763508,44.077902660989189,266.448389689000010
1093,1092,-93.529772436763508,44.077863660989195,262.676364475000014
1094,1093,-93.529772436763508,44.077824660989201,251.006122164999994
1095,1094,-93.529772436763508,44.077785660989193,243.926055907999995
1096,1095,-93.529772436763508,44.077746660989192,251.494851006000005
1097,1096,-93.529772436763508,44.077707660989184,252.779398600000007
1098,1097,-93.529772436763508,44.077668660989190,251.390748766000002
1099,1098,-93.529772436763508,44.077629660989189,252.578291151000002
1100,1099,-93.529772436763508,44.077590660989195,244.936313205000005
1101,1100,-93.529772436763508,44.077551660989187,237.925425211999993
1102,1101,-93.529772436763508,44.077512660989193,230.762900457999990
1103,1102,-93.529772436763508,44.077473660989192,221.873652139999990
1104,1103,-93.529772436763508,44.077434660989191,231.401017931000013
1105,1104,-93.529772436763508,44.077395660989190,243.664304944999998
1106,1105,-93.529772436763508,44.077356660989189,234.691494411999997
1107,1106,-93.529772436763508,44.077317660989195,218.018220689999993
1108,1107,-93.529772436763508,44.077278660989194,215.985613505000003
1109,1108,-93.529772436763508,44.077239660989193,214.247826470000007
1110,1109,-93.529772436763508,44.077200660989192,210.887190077000014
1111,1110,-93.529772436763508,44.077161660989191,195.758102417000003
1112,1111,-93.529772436763508,44.077122660989197,205.813213772000012
1113,1112,-93.529772436763508,44.077083660989189,222.320883857000013
1114,1113,-93.529772436763508,44.077044660989195,227.056917825999989
1115,1114,-93.529772436763508,44.077005660989194,220.434137980000003
1116,1115,-93.529772436763508,44.076966660989186,204.838604397000012
1117,1116,-93.529772436763508,44.076927660989192,179.883138021000008
1118,1117,-93.529772436763508,44.076888660989191,154.862470838999997
1119,1118,-93.529772436763508,44.076849660989190,143.615119085999993
1120,1119,-93.529772436763508,44.076810660989189,160.709028455999999
