,Red,Green,Blue,BI,GLI,NGRDI,VARI,BGI,ExG,ExR,ExB,ExGR,MGRVI,RGBVI,GRRI,VEG
1078,0.16380827842880852,0.19949899476417265,0.18045243309652265,0.18373226236552703,0.7000614722062739,0.7556675515533234,0.7943618954294495,0.37240007900059346,0.26479467350399066,0.2545480393347206,0.3795410594606574,0.26505914106579653,0.7715677831153076,0.7176435617642534,0.7206797337820898,0.6809587522951794
1079,0.17286123824372573,0.2079279240536268,0.18787725014689388,0.19211704349488573,0.6862492004841678,0.735478141425204,0.7726082647229223,0.37873856681272144,0.27083247177536085,0.27448543078539106,0.3871107016838164,0.27105131202619936,0.7521733576830227,0.704359829428747,0.6987517809422981,0.6638337790857549
1080,0.17416888799476937,0.21288422048530853,0.17537791784626894,0.19191008024431794,0.7506850660682789,0.7521385652411564,0.7588531067787808,0.27643772785755516,0.30710061618626194,0.2543998714973623,0.2771340302611597,0.30741919499209647,0.7681832784046225,0.7674966381087884,0.71683476800915,0.7170439801520514
1081,0.16758034501835734,0.20097190715276358,0.17682014849634098,0.1845848816943732,0.7066817487434305,0.7363703136608352,0.7616472533175821,0.34194733980856507,0.26988131177370644,0.27230021715680086,0.3480681073797467,0.2701047855111316,0.7530320130361532,0.7244836224415567,0.6997172490553241,0.6790090397651376
1082,0.1765955841673792,0.21452915183899024,0.18699588697184977,0.196160741533067,0.7105931776731766,0.7436084582171388,0.7700152784876143,0.34162814925228213,0.2914478309416484,0.26519846563556326,0.34739537777135443,0.29171767059978837,0.7599927312603172,0.7281898712839017,0.7075620793639188,0.6843945342843551
1083,0.18641553085550472,0.23375227118789843,0.19631697024731581,0.21055448204699817,0.7433098022119151,0.7736477712845075,0.7947815160390629,0.3101549599870932,0.33480832058227517,0.2345670818440428,0.3123213844425351,0.3352150932250475,0.788775336633684,0.7597039062242676,0.7403499934531759,0.7190525013143292
1084,0.18182618317155358,0.22961306484039867,0.1893461887719673,0.2056056028713888,0.7619363580489382,0.7844129985940372,0.7994496354648309,0.2864057727759395,0.3372275753690914,0.22305113401447446,0.28621475804602114,0.3376682022691938,0.7990485834872463,0.777692732908541,0.7521915955050082,0.7367298606878045
1085,0.1663481365991047,0.22117338436562628,0.16892794188344645,0.19245737229819598,0.8449657585863304,0.8502808553182905,0.846014197709367,0.1985480587007653,0.3618336710640585,0.15434458430957843,0.18664810640953722,0.3624891951625304,0.861420924298762,0.8567042542974677,0.8257167016325404,0.8234310981190309
1086,0.16296585022380927,0.2085192392461268,0.16884781795844245,0.1851985908510579,0.7918879028148693,0.8092464422139459,0.8179417196141471,0.2554937187876005,0.3188453744675571,0.19734912890797757,0.25140231265141466,0.3193313642182033,0.8226625962070815,0.8063189343719881,0.7796942057582359,0.7680819958323317
1087,0.17951264899663028,0.21813079892058096,0.19608995245980454,0.2009289233552885,0.6880985550121361,0.7418361265964076,0.7809850813608553,0.38135707621369086,0.2864232248459534,0.26837318365824636,0.3896081472491475,0.28667819869889666,0.7582892373937009,0.7060875001333764,0.7056392103310802,0.6674056376144373
1088,0.1826434642659558,0.22748433014739877,0.19308530527215428,0.20566154341489257,0.7355143109747257,0.7679718264476291,0.7910899841298763,0.31902749070758896,0.32190562838592285,0.24047863506519102,0.32211272161842497,0.3222802168773987,0.7833499166849309,0.7521836219333273,0.7341260295698024,0.7112781313534624
1089,0.19251370517527533,0.23769795619967105,0.1930185353346509,0.2133566012199289,0.7527232076266186,0.7518319816494682,0.7572207243181867,0.2724413701158248,0.3450643066870682,0.2545509844875828,0.2728396137990595,0.34543068345900396,0.7678891360427613,0.7695170889562928,0.7165009760527568,0.7184654053359218
1090,0.19888849771161288,0.24353584982744347,0.2150125527482506,0.2232487165914025,0.6877119705062285,0.7379447857640856,0.7754029725428243,0.3783795382027906,0.32298085273561883,0.2720643154799263,0.3866265428495597,0.32327237669385256,0.7545469727604772,0.7057628017969302,0.7014218647166177,0.6657573831784798
1091,0.1905145098828145,0.23532194424435293,0.20428930078521446,0.21434879346634045,0.7103808693042739,0.753512476244658,0.7848419002564652,0.35139284006476235,0.32176088664654057,0.25586736832287216,0.3573343945603291,0.3220941566907226,0.7695012184561605,0.727797845012198,0.7183310856079479,0.6877123684628939
1092,0.18832671126087613,0.2516852482986248,0.19743870519737194,0.22028115109169627,0.8225176828738496,0.8492565074300477,0.8581741420578136,0.23765684976554446,0.3989082337372316,0.15721255154024838,0.22972099562416437,0.39960316463525547,0.8604573881504638,0.8350711784890721,0.8245589677448879,0.8057710751878187
1093,0.17665845194387159,0.2282584154903078,0.19637038619731856,0.20525597825492453,0.7498258931902773,0.8135033350667294,0.8501827737369873,0.33561510096556635,0.3296389727471981,0.19664288862624596,0.3377408282723412,0.3301405547659364,0.8266985525622323,0.7654311306830928,0.7844349177451315,0.7381540578131651
1094,0.16456269174671828,0.2208293464354445,0.18361732813418086,0.19530236734592094,0.7988527917730504,0.8612702935264208,0.8908768912944488,0.29119581914506565,0.3407013771142632,0.14799529848552295,0.28748644745666163,0.3413470417568176,0.871745009061289,0.8121429437990404,0.8381659889616015,0.7922227364691006
1095,0.2050369662525776,0.24652467934589783,0.2030340259601517,0.2234896496129956,0.7203900145665489,0.7117824458136112,0.7176905500943304,0.2933851409320378,0.34291385798767615,0.2947734233273148,0.2974278679070672,0.3431699882556384,0.7293136035503662,0.7387444998377206,0.6732278712624771,0.6806799032498874
1096,0.17819242569028815,0.22863470697644417,0.1880374979969019,0.20384172505289372,0.7744001298673227,0.804703836438475,0.821839954195187,0.28282405579906156,0.34146644059385456,0.2029864396293058,0.2812999147635977,0.3419660832074918,0.8183519024472541,0.7894062979369321,0.7746438227895518,0.7532746371873866
1097,0.1841900115676709,0.2313655080472622,0.19877410394743877,0.20937100230848188,0.7308334296493708,0.776933804310587,0.8072449810426686,0.3360114483798844,0.32548281708779603,0.232373946190568,0.339863098151144,0.32588361162165713,0.7919135342308439,0.7474430877365856,0.7439594409445043,0.7109993912516197
1098,0.18989840567318816,0.24527754184898887,0.19487473959724377,0.216878960683151,0.7937808354510327,0.807215497840733,0.8138258524494902,0.2501887229799564,0.3756461684793845,0.19911735757532428,0.2457382666759821,0.3761995507563909,0.8207358282122204,0.8082126793898903,0.7774351550212213,0.768796589755163
1099,0.19306694160840915,0.2426004967047617,0.2056113455477806,0.21895350707632316,0.7338708370289713,0.7725024568246835,0.7987999406702339,0.3262944646889019,0.3435135023365451,0.23632559360782773,0.3296779333473058,0.3439266272417717,0.7876810665044831,0.7504876699457892,0.7390930158608349,0.7116645530322421
1100,0.20477292159130916,0.256910324363261,0.21833769563591687,0.2322359528633105,0.7233328306016285,0.7644398140981342,0.7932278757984143,0.33796553149751274,0.35960051279930516,0.24467021626734797,0.342529743298405,0.36001175763239435,0.779970717457634,0.7403132411152973,0.7302597666086692,0.7010552291531167
1101,0.20081225167228278,0.2650812252050788,0.2124218791731211,0.23383426601576945,0.7956631513505628,0.8299902757613941,0.8462261924427389,0.26800137753342135,0.4067036102725279,0.17753044142398716,0.2638969736820508,0.40735412834206086,0.8422967266465624,0.8095306941411671,0.8028688950541794,0.7783737102854005
1102,0.21782427199114818,0.2769827873523055,0.2164547833983228,0.24524948959193388,0.7822424136747459,0.7753303774054193,0.7741707624656932,0.2411196621889644,0.41826227203176036,0.23015875288032034,0.23763218344882064,0.4187867884671409,0.7903825004016394,0.7978485017380148,0.7421976395810299,0.7488589737882618
1103,0.19857415882915053,0.2644899100125788,0.2079750013353988,0.2318922368555441,0.8148382296063392,0.8420347975663393,0.8522394435254056,0.24472730592483938,0.41499524419999156,0.16463947810251278,0.2378622456285293,0.41569074806255346,0.8536585770800926,0.8278164218578539,0.8164098455261302,0.7972887709870276
1104,0.17776492481013928,0.23751518604926192,0.19323219913466166,0.20940875243407825,0.8034512743191915,0.8521842095094311,0.8743649448469794,0.2745460269179798,0.3682850171622347,0.15608627386948593,0.2698506351285608,0.368944076830097,0.8632107373947837,0.8166676636557051,0.8278691177996778,0.7923406648918347
1105,0.1848438364431927,0.23783772160880734,0.19954863522247746,0.21294668762979124,0.7588012074739865,0.8048834291167785,0.8316765282455895,0.31126079982831056,0.3481038832140936,0.2040215314121105,0.311983049381409,0.34860918644374117,0.818522401890559,0.7742422201623222,0.7748433238880734,0.7416856019126898
1106,0.18602575064125132,0.24206293743885265,0.19789274077239466,0.21496735985957388,0.7813706810006711,0.817756887029225,0.8368954726156038,0.28239745206521727,0.3649766345477854,0.19016764197052033,0.2801646663024212,0.3655403928176476,0.8307278457649523,0.7959210616076646,0.789179639494836,0.763189320288149
1107,0.18859075592214447,0.24761054906303415,0.193539340847177,0.21738531540410383,0.8143999201557426,0.8275685521917672,0.8312418615474305,0.2320973498418608,0.38883834415450136,0.17828535986020905,0.2248516529237442,0.3894641610526651,0.8400088543329949,0.8277300709368531,0.8001538597114148,0.7917528400125731
1108,0.198611879495046,0.26020018707062453,0.21693552694834684,0.2319017914107822,0.7649662471484748,0.8212265532126105,0.8522528998813003,0.3153103551149683,0.3845581241470577,0.18821926097618435,0.3155501778213988,0.3851519528210191,0.8340119899342955,0.7799866542291618,0.7930556935401314,0.7521809926017355
1109,0.18695619373334005,0.24796533817853417,0.20037658244751883,0.21875569168853454,0.799256323787189,0.8404394971054002,0.8595022125804949,0.2712253345800679,0.382304288490964,0.16743358369695788,0.2668525424514582,0.38295081641370377,0.8521553217372839,0.8128131389281581,0.8146127333377762,0.7848786978797881
1110,0.20398078760750388,0.26372657585498804,0.20288713209764442,0.2317392529292019,0.8090328195396925,0.802549715129235,0.7979720013976511,0.21841250297880288,0.41104586245399277,0.2023467277721398,0.2113018019575167,0.41163555893236403,0.8163063661960785,0.8232250004712967,0.7722519779884061,0.7787889372112384
1111,0.18357390735804457,0.23272015739735308,0.1955691469472785,0.209107085934307,0.7506421559148495,0.7880035825743325,0.8115911533037287,0.31029098676335787,0.336669285802903,0.2205047895460065,0.3117645737356032,0.3371160103274754,0.8024701609211131,0.7665886536036208,0.7561519992384333,0.729582349366471
1112,0.16597092994014984,0.22879597475621682,0.18720955077186052,0.20052362646153016,0.8222444977934344,0.8915315117640904,0.9213682650536664,0.27702227790365264,0.3634671849799429,0.1177454961489417,0.27050200977315464,0.3642226138838971,0.9000509599813791,0.8341932812908168,0.8727221955364786,0.8211775425240448
1113,0.2577327365085751,0.26885489125176043,0.22521499919876076,0.25431847851463946,0.5845357494646455,0.48709809731831266,0.4709762110772421,0.32574217869222233,0.3078036474918323,0.5183113481637844,0.3427627947926062,0.30741767348138604,0.5075617826640035,0.610677675855513,0.4420478676382187,0.5102070282375819
1114,0.21346124830257002,0.2516744971133067,0.19893435179744678,0.22736130850569475,0.7302712395113056,0.681776366182601,0.6691721954765556,0.2465476569362406,0.35521690583515975,0.32292380333568205,0.24872087350818117,0.3554134100486699,0.7002172734367436,0.7498407193758629,0.6412310778903456,0.6780806868679936
1115,0.20423225871347384,0.2491587197488523,0.20083061802254154,0.224055405996832,0.7434639716383542,0.7301207099481773,0.7310745887341913,0.2687049281657967,0.35778090236135807,0.2758248970080248,0.2699615261519407,0.3581065592138657,0.7470140664946365,0.7610624754087936,0.6929610457937025,0.7040983983752258
1116,0.20804204596891818,0.250212335910034,0.2016185032850809,0.22579436124310187,0.7329759555534607,0.7101253248123948,0.7081827853992125,0.2687810368508998,0.3543484553988667,0.2955762574173687,0.27110845557431085,0.35461695798801285,0.7277110461228309,0.7513515218084645,0.6714513991982725,0.6894989783050218
1117,0.20752653020167977,0.26142582219689714,0.20634581486031733,0.23234919905070756,0.7745482579874134,0.7681422511926025,0.7682231367373819,0.2482586972499794,0.3910094702452338,0.2375358392060516,0.24578806581947188,0.39147966499643216,0.7835129082086538,0.7905137863515745,0.7343127135905769,0.7405373804601529
1118,0.22582105316099177,0.2831539677249416,0.23219913466161002,0.2542003771142833,0.735781702323139,0.7532184900928048,0.7691843528633168,0.3046143625696991,0.40447045200777465,0.2544003774348258,0.30738241599556493,0.40491265840045754,0.7692192387249568,0.7527780376427431,0.7180108416969389,0.7063103419542403
1119,0.23037268017904733,0.2841860815154871,0.23470968431173544,0.2565340587424713,0.7180073904438811,0.72928737811618,0.7445523776664306,0.31443211107447544,0.39706794590794425,0.27827108693331554,0.3190696678756054,0.39743694613877445,0.7462110735781393,0.7358488830343504,0.6920613663465729,0.6848835223502854
1120,0.24519690187597443,0.29823788072635005,0.2377276854868864,0.26821602431147135,0.7265234730393577,0.7023006864718427,0.7005492648097097,0.2730929280058576,0.4220669120383773,0.3034539149332597,0.27615811555242065,0.42240033840094615,0.7201372008686056,0.7452063334955119,0.663078126619955,0.6820583852937632
1121,0.2526152995020873,0.29974304667089546,0.23250627637412535,0.2697582180399301,0.7254646532674571,0.6639930309100853,0.646597185302426,0.23819530149165624,0.42374178073694213,0.34033010047085543,0.2407218025508785,0.4239787622032073,0.6828954887464365,0.7458582156866904,0.6224367286853201,0.6686873230111456
1122,0.2199994970577881,0.27368217345962387,0.2246007157737301,0.24612360595132948,0.7336203379310848,0.7457592706743464,0.759521871861364,0.30150127126329274,0.3893759563293495,0.2616134794353457,0.3044143012260251,0.389779716583016,0.7620592144236384,0.7508396998998328,0.7098973079852771,0.7021185406500918
1123,0.20823064929839563,0.25301839527807934,0.2070135142353507,0.22851645106129242,0.7287626546987132,0.722661049084523,0.7286776703282395,0.28843791747114755,0.35647822670691853,0.2838796450525098,0.2915693656853975,0.3567806989239988,0.739821386048918,0.746713614335555,0.6849175168455224,0.6905878369442182
1124,0.2078911633053362,0.25932934105985184,0.21355696811067787,0.23311738888463823,0.7399029730834739,0.7556196818389663,0.7702701057956122,0.29936530727093924,0.3711798519498779,0.2518431032140045,0.3016284916991734,0.37158662548617594,0.7715218889534528,0.756774968522739,0.7206275434894351,0.7102061979543097
1125,0.2057662324598904,0.25574919634889737,0.20458308851022916,0.22863290711348944,0.7585336752542129,0.7522355963452315,0.7544376952426707,0.26226630411327534,0.37479839543443194,0.2537683247603442,0.2618286425991698,0.3752046171874823,0.7682763682791889,0.7752403542971085,0.7169404184044126,0.7229683455681113
1126,0.20618115978474066,0.2635115521486243,0.20724053202286208,0.2332421947925823,0.7863933110892947,0.7870190863598526,0.788721819289648,0.24460655380736585,0.3998593937388857,0.21877236548939616,0.24077515840602415,0.40039098057883094,0.801532249361959,0.8015576265436049,0.7550655632908767,0.7560790640927668
1127,0.22556958205502187,0.27853095803812367,0.23747395972437368,0.25311585822649635,0.6983646509151678,0.7331165652983006,0.7617970279233609,0.35415626431859604,0.37893387370249365,0.2759218641080689,0.36118663900567294,0.37928612895111813,0.7498997828230254,0.7163434159026534,0.6961977599573252,0.6718034702175286
1128,0.21938339284816177,0.26554352617376065,0.2141712515357086,0.23943861904819091,0.7293138911404746,0.710849885691646,0.7112863950211211,0.2761646023617672,0.37523262065257845,0.29511046549374514,0.2790065653191174,0.37552888461534284,0.7284118120199499,0.7476710788774705,0.6722280091200603,0.6870061297492649
1129,0.211889553890258,0.26459742186576063,0.21188771967309444,0.23640871267968283,0.7573083982941657,0.7548540276167545,0.758949704914497,0.2669668629075108,0.38745295893470066,0.2513651889127963,0.2667684665042147,0.3878816716605026,0.770787774084241,0.7739479546247856,0.7197929122580398,0.722948381291574
1130,0.2025348287481768,0.24333157730639798,0.20418246888520908,0.22150813051973856,0.7093131368703731,0.7125671958242027,0.7251749198785008,0.3144514704347605,0.3329680327529878,0.2947130869534521,0.31990529675116364,0.33321169624551394,0.730072337193038,0.7276958305525774,0.6740695275626383,0.6727549062772762
1131,0.19722878841221142,0.2505886273961704,0.19753218310987664,0.22210990528603797,0.785659551564128,0.7838290222228347,0.7845125270540046,0.24293712539003298,0.3799057110954882,0.22184887526734903,0.23913576919644786,0.3804037394324452,0.798491861798418,0.8009350665364983,0.7515479835406187,0.7544082743913791
1132,0.23212040436553838,0.2542870351456248,0.20689332834784468,0.23567270965707904,0.6543132056444787,0.5746251850974543,0.5581516592831129,0.2821954062388419,0.322257144038708,0.4303539620699173,0.29258966305917067,0.322124634852191,0.5949917864175498,0.6780063894440809,0.5298423256128513,0.5875012226533558
1133,0.2158753709198813,0.2469332243879887,0.19579616473478978,0.22494185871060163,0.7085506778838528,0.6425849573774115,0.6253987751018687,0.24846939464440387,0.3378685745006409,0.36190975340095866,0.25296539410122354,0.33793884088083104,0.6619672544999378,0.7298117726307836,0.5999760735461113,0.6491164912611662
1134,0.2098777850424986,0.2548245944115338,0.20259334437262966,0.2288108077591871,0.7462986033394223,0.7206734306988755,0.7158591114236251,0.25454968514168286,0.367561308465324,0.28465865073864377,0.25520445781520895,0.36787577038396,0.7379031584560911,0.764229163374782,0.6827781390061567,0.7030347906343191
1135,0.2137881607403309,0.26226441465171535,0.20460979648523053,0.23404210911398865,0.762825816210442,0.7312597492367344,0.7217627138448434,0.23458965899186435,0.3866258632810884,0.2734739890863676,0.23301856146134736,0.3869944281904293,0.748111427632135,0.7802590218374688,0.6941912298013317,0.7190764712110154
1136,0.21937081929286317,0.2652532441701697,0.21016505528550822,0.23834482308042176,0.7406617133828273,0.7095341120236126,0.7030369027858449,0.25419107982346345,0.3803399363136346,0.2956668349893521,0.2554270397977406,0.38064119775736394,0.7271391772337543,0.7590490062087893,0.6708178730970666,0.6950645716281842
1137,0.22125685258763772,0.275649640372851,0.21664173922333207,0.24554909364991734,0.7638233537969394,0.74701660862195,0.7438460851558825,0.2477291783736124,0.4071998676646953,0.25837237372566174,0.24638009654805837,0.40763492225563647,0.7632668523806556,0.7806471829078199,0.7112633335260465,0.7251699092832049
1138,0.24383895790373689,0.3051938976272133,0.23608514502430422,0.2709178382103106,0.767820999571178,0.7423599136051163,0.734868002661326,0.23607119378979968,0.45359993383234776,0.2625414763952549,0.2339981886188649,0.45408275768235173,0.7587927416935432,0.7847803592446043,0.7062073523832315,0.7266128579357694
1139,0.26940099582557964,0.32633072796275786,0.24930559264996532,0.29146215452669305,0.7432792214889488,0.6836781801281299,0.6648423909722762,0.22463905730414435,0.4723956825606881,0.3203456664812118,0.22496420906833103,0.47274785827029564,0.7020663233598385,0.7628510879262498,0.6432484100630842,0.6885194675189954
1140,0.2762913041291555,0.3392859062711664,0.25275092142513755,0.30058743682380024,0.7691029029070424,0.7002519736562504,0.6743333696308312,0.19362974197917726,0.5055622182705428,0.3028457662031362,0.19031430632067625,0.5060032829065108,0.7181522894285532,0.7879877486220277,0.6608898250003485,0.713598001429073
1141,0.24822712870291197,0.29980755378280455,0.2291544255114577,0.2678071124183346,0.7499716631028648,0.6909714674866031,0.6715387943520773,0.21946014158488225,0.43639634423721096,0.31292952034936733,0.21893394824456258,0.4367226357982944,0.70915114137053,0.7692244666468764,0.6509980164208651,0.695972442602387
1142,0.2256450233868128,0.26781202627589684,0.21247529512312374,0.24186443193336965,0.7246373718565344,0.6816367103902888,0.6720376901697459,0.2567165483216973,0.37628716761093406,0.3233803429136353,0.2596716779017134,0.37650920405458566,0.7000814662650436,0.7441767044122958,0.6410829957701107,0.6738060214405492
1143,0.20701101443444148,0.2564480233945793,0.19990919288499553,0.22821390380790302,0.7728245740228346,0.7474290308107191,0.7393144051986286,0.23181383481522655,0.3826764815350896,0.2573669487826546,0.22908730877197536,0.3830830867100755,0.7636629077039758,0.7895440577615573,0.711711548128255,0.7321313538840388
1144,0.20481064225720463,0.25340543794953396,0.20220607873511032,0.22664766706302247,0.7580009263319811,0.7471198291888655,0.747333286074746,0.25839248441804186,0.37103511021049573,0.2586697382681321,0.2579164842403352,0.3714234521145978,0.7633659796641035,0.7748832566669248,0.7113755056161355,0.7208128937635032
1145,0.20986521148720005,0.2620278885747154,0.20765450563538274,0.2335848664110039,0.7652768634125513,0.7557108854542759,0.7555778802590948,0.2533180807215878,0.38745295893470066,0.24999906050254594,0.25195684443674315,0.3878853233738532,0.771609328281327,0.7817834278271123,0.7207269796888154,0.7292443043344883
1146,0.22158376502539856,0.2706180856439422,0.21876502323593827,0.24363915003146558,0.7319482708647957,0.7210257937609258,0.7244883439362534,0.28105817675807643,0.38402051197220954,0.28523489074422004,0.283731134860844,0.38435433156948495,0.7382432734849604,0.7499343971640906,0.6831572890772493,0.6924055840280672
1147,0.2031760800684001,0.2556954404223065,0.19938838737246944,0.22668644997327908,0.7840675838091735,0.769104797055025,0.7641039485112212,0.23196487621131023,0.38689466936851247,0.23594045313300044,0.2280199211455013,0.38736390415000177,0.7844333684476901,0.7998534636113428,0.7353673175414861,0.7480955239845075
1148,0.18776090127244377,0.24199843032694357,0.1805726189840287,0.21131418093246096,0.8327814072337048,0.8055776099965007,0.7885152179555545,0.17873961747408407,0.3886936024151193,0.19763368887205496,0.1675099824397922,0.38926751671549964,0.8191813762500828,0.8463387897364789,0.7756145858307524,0.7981869094244005
1149,0.19452547402303472,0.23770870738498917,0.19033438384701667,0.21326709610104727,0.7545971837804815,0.7382609306004296,0.7364805565537736,0.2561782685802201,0.3459534345147015,0.26733445955122603,0.2560039385613275,0.34628676948169446,0.7548511119611487,0.77182084020224,0.7017642638459356,0.7152276058848379
1150,0.19277774983654378,0.24759979787771602,0.18627477164681377,0.21678888340990804,0.8237109131562725,0.799128505075343,0.7844858595445235,0.18891823790199913,0.39315991894462576,0.2044628440221452,0.17912477762536272,0.3937212494641903,0.8130557792060782,0.8377035858238839,0.7684572584488443,0.7889099537581772
1151,0.2163908866871197,0.25092191414103404,0.20997809946049895,0.23040261021279368,0.6809710933058082,0.6589802722445927,0.663572786096109,0.3151817772847223,0.3304040362267895,0.3475468952250554,0.32329826045128873,0.33050321746866507,0.6780024821958368,0.7011376480918021,0.6171614593802097,0.6339889729157426
1152,0.212090730775034,0.25507187167385204,0.20943058597297148,0.23115176710490243,0.7179228145021177,0.7073912525420717,0.7127351840215262,0.2937103264213614,0.3542864232248458,0.29911406328102547,0.29799924379434206,0.3545453903627004,0.7250658891007562,0.7364343371533342,0.6685228272827315,0.6773672440536491
1153,0.2223130312327113,0.26327502607162434,0.21116660434805834,0.23840061040112254,0.7179492142575368,0.6810758346321121,0.6748951593151756,0.268425890379989,0.3663413423762458,0.32430109520526307,0.2722770259173628,0.36654828955703445,0.6995360112535873,0.7374739499130925,0.6404883566350295,0.6686200817218553
1154,0.2220364130161444,0.27339189145603304,0.2146653490732333,0.24416996500949179,0.7566576613901859,0.7313305974325678,0.7253337697472954,0.2458529731036685,0.4002936189570323,0.2738097605767773,0.24521728290338585,0.4006786400694008,0.748179675456113,0.7741236313514706,0.6942677646575786,0.7144331736592977
1155,0.21825177287129705,0.2677690215346241,0.2118343037230917,0.23968511033863843,0.7513048692419841,0.7288231484796114,0.7247518376843048,0.2531979599346581,0.38927256937264776,0.27655264534277985,0.2532985321219764,0.38963626539720975,0.7457636889116157,0.7688988405403987,0.6915602986200167,0.7095494256775208
1156,0.23191922748076244,0.2875081977788051,0.22226376796111325,0.2556497602873045,0.7669684192554842,0.7350600953573497,0.7248799731838714,0.2306898831667734,0.4265745833505643,0.26956921957584395,0.22857085657001186,0.4270043081152618,0.7517709654758136,0.7842231726961877,0.698299502433668,0.723499019106852
1157,0.2851682341698939,0.3568103383398019,0.2669328561508467,0.3150249897978224,0.77725796029142,0.724402668157856,0.7039917982007838,0.20193299474059323,0.536412886150283,0.27910514030480243,0.19790507904676158,0.5369565809895208,0.7415015991951439,0.7949431701341494,0.6867934296758786,0.7277852886829468
1158,0.3102650505456923,0.37014180813434683,0.2742374873137119,0.3302227007724649,0.739010006821647,0.6403294233811786,0.6064849951088013,0.19052674306146322,0.5351102104958438,0.36255664940405236,0.19060907417844575,0.5354291822813532,0.6597574870999157,0.7609901981674461,0.5976200251774997,0.6714450122260165
1159,0.30366393401398173,0.37622697902443736,0.28545483681427275,0.3340321931030897,0.7528955430663229,0.7019625393359076,0.6855067156643028,0.2246772618822641,0.5520036392208758,0.3021805689419263,0.22394889951439534,0.5525054478915387,0.7198096375881577,0.7716275232093763,0.6627168239703112,0.7017943712170847
1160,0.2687848916159533,0.3138486018083494,0.23679290636183958,0.28219954970714384,0.7259324354813641,0.6315482375508726,0.6009850496625896,0.205874803618892,0.4447706877300359,0.3717525812853734,0.20775060623533426,0.4449503757768113,0.6511458297634674,0.7481764184486248,0.5884662623128927,0.6587399979360531
1161,0.23328974500829858,0.29018524292303216,0.21995352812349767,0.2568150467074228,0.78212332210991,0.7389003132721222,0.7218951840157967,0.2069211977546348,0.4381952772838178,0.26488941269904237,0.20247994350965515,0.43865226596194684,0.7554661568483705,0.7991251870656955,0.7024568691334188,0.7363465687302568
1162,0.2149700749383896,0.2642318815649425,0.20080391004754017,0.23445338667446897,0.7805608682884579,0.7330656284749936,0.714463541720049,0.20420349276332406,0.3981431702576401,0.27058154224828773,0.19986285964828943,0.3985340901300668,0.7498507326251487,0.7978328599730611,0.696142697368705,0.7331979863896416
1163,0.20883417995272346,0.26478019201616976,0.19590299663479516,0.23193725567800777,0.8200442326429267,0.7756917979082688,0.7530574374428328,0.1734986900850779,0.4179314337703155,0.22706289050749828,0.16359608851828789,0.41846380550380513,0.7907276458228116,0.8350579875851161,0.7425946646636254,0.778021080600003
1164,0.22027611527435498,0.2717469601023512,0.20535761978526784,0.2406983327996825,0.7841717995435056,0.7347911359736469,0.7149187373689735,0.19932251954475877,0.4112733137587361,0.26868945402547717,0.19443211134027483,0.4116859623905179,0.7515120600956933,0.8013497357924451,0.6980085565684804,0.7365428800060161
1165,0.23821857868530905,0.285723501015987,0.22707120346135357,0.25760204991545016,0.7231261942591691,0.6873896033842327,0.6810686722995752,0.2650123275636944,0.40190645548157633,0.31794245864354204,0.2682745749024814,0.4021755560015806,0.7056728753366153,0.7424065791282903,0.6471894033040808,0.6745684096128843
1166,0.22350751898606847,0.27480029673271467,0.21617434966080873,0.2456229041161761,0.7537226584347194,0.7286133111726115,0.7230854214023704,0.24860242894908025,0.40095529547992226,0.2765959779660967,0.2483423013215056,0.40133370904713683,0.7455614525541439,0.7713107104072092,0.6913338388418127,0.7113010200533285
1167,0.2118015390031685,0.25894229838839733,0.20368837134768442,0.2316356805871133,0.7563736162736099,0.7281289129217347,0.7208979511591941,0.24332462568640167,0.3785410032670278,0.2768866659988657,0.24265884423671058,0.37889018074202363,0.7450945693676454,0.7739663867458213,0.6908111369179468,0.7131392559839398
1168,0.21031785947794596,0.2530721512046703,0.20267346829763366,0.22807885289087454,0.735887572670082,0.7092118300151257,0.7052389807092684,0.2625921305563468,0.3599727058434308,0.29626999912210245,0.2644972513763044,0.3602464950562996,0.7268274127869059,0.7542934327716095,0.6704725845089841,0.6913732708245224
1169,0.20540159935623392,0.25838323675185193,0.20143154746007158,0.22910461990362913,0.7828978519570389,0.7674306114089949,0.7623608627912987,0.2324991337707294,0.39040982589636486,0.2376159015457946,0.22869660201178255,0.39087904527893824,0.7828322707079558,0.7987598032912173,0.7335332603453275,0.7466289477986487
1170,0.21553588492682185,0.24374012234848885,0.1998157149724908,0.22421809042207602,0.6806905488225106,0.6288853603580203,0.6207747046847248,0.2864875884613354,0.3199205988172531,0.37653690023135106,0.2943194941812738,0.31992897801539466,0.648531648439512,0.7021572562189293,0.5856962804505814,0.6240144461606354
1171,0.20004526479907453,0.24332082612107986,0.19233748197211692,0.21801955088665165,0.7567708954986727,0.7291327777458086,0.7221147055668974,0.24355775629970466,0.3553616475745418,0.2759016569453031,0.24285522396630466,0.35568402755530326,0.7460620874744335,0.7743219322336103,0.6918944882059366,0.7137775315238515
1172,0.21847809686666997,0.2524163289002612,0.20802841728540145,0.23124614351449818,0.6875404965490641,0.6528028955069983,0.6511191220282734,0.29706685247627895,0.3357388031925891,0.35313418616835984,0.30435209831638843,0.3358298228618165,0.6719664482058407,0.708019987220855,0.6106741043048816,0.6367973695630798
1173,0.20899763617160388,0.25253459193876115,0.20919021419795947,0.22900268602828894,0.716723856366072,0.715245513362944,0.7248122418885904,0.3034094008323196,0.3499855258260617,0.29170194204244954,0.3079800542422325,0.3502588450653751,0.7326610040410884,0.7349839026522538,0.6769439345414723,0.6791371057529414
1174,0.20948800482824526,0.2676292561254878,0.21498584477324933,0.23801311013932852,0.7702170912179773,0.785040411351945,0.7954156483620699,0.2719860669206171,0.39826723460568214,0.2218459377582208,0.27059570808828004,0.3987885841304636,0.7996466418240937,0.7857766126158583,0.7528832391972107,0.7431630926950428
1175,0.21595081225167223,0.27527334888671473,0.21016505528550822,0.24241742237305836,0.8003189819750596,0.7793412486851538,0.769501810630239,0.21231782339167893,0.4245068442165336,0.22502868341249083,0.20598620557174585,0.42505300215774133,0.7942113663607773,0.8154803595299289,0.7466066941568426,0.7640402251445355
1176,0.2403435095307549,0.28406781847698714,0.21702900486085142,0.25501255060300015,0.7393116019638799,0.6664335132722429,0.6426930017730402,0.215257845318507,0.40759273810016117,0.337216693425115,0.2158218212970977,0.40781753763841244,0.6852760259353952,0.7597487109445917,0.6250085825086678,0.6799405787642541
1177,0.26627018055625407,0.3107737628073495,0.241440094012072,0.2810618605976907,0.7061328054303211,0.6325041388451932,0.6125125412083637,0.24311151324427893,0.42988296596501385,0.37179496319593036,0.24778025936202697,0.4300436380186635,0.6520839429603034,0.7278955778354894,0.5894612776280237,0.6441006262444939
1178,0.3173439621787456,0.3785707374238009,0.29349393728967466,0.3408226995036178,0.7013374380008877,0.6368313318299711,0.6210953583754967,0.25613972308956967,0.5260741904801289,0.36784006927610746,0.2615038006139242,0.5263675665912054,0.6563285769277998,0.7227753323844277,0.5939699428028318,0.6418868485649329
1179,0.3427048232158125,0.3867093847096642,0.3015864537150793,0.35379265724733694,0.6418052346062426,0.535418006196349,0.5100126861355415,0.26660865368375974,0.5031429634837268,0.46916588445724045,0.27817209386726915,0.5031363764098328,0.5559878600386625,0.6674933693798075,0.4901697087861172,0.5663616006675016
1180,0.31345873359151033,0.39170868588261853,0.30332247209016616,0.3485749769211514,0.7401875927129611,0.7117237819811958,0.7064393868395175,0.25714713520485377,0.5677804888135312,0.2936006154730485,0.2584948052340382,0.5683252636432888,0.7292568799921222,0.7584873290642504,0.673164963384405,0.6954399636525443
1181,0.2766685107881104,0.3332867448636211,0.24611398963730569,0.2961731744557993,0.7608680910245671,0.6719007420989117,0.6390382854775231,0.18131700041203525,0.4921425912906827,0.33073137780363104,0.17864729486536934,0.4924920779351961,0.6906050499768506,0.781278497808475,0.6307786116526608,0.6981501940263635
1182,0.2563999396469345,0.30950512293980414,0.2395838897494792,0.27728856286428133,0.7369649520546047,0.6856492642995317,0.6710369051595108,0.23804719433078336,0.44410901120714597,0.3188122229992759,0.23933869884787362,0.444429370730817,0.7039820251521003,0.7563960131585439,0.6453407343766835,0.6843887721995663
1183,0.21564904692450837,0.2671239504155333,0.2040355750227018,0.23683266288068322,0.7818583207604246,0.7425491282485192,0.7272428972360424,0.21086008103967124,0.40314709896199474,0.2614158998324981,0.20655994087650786,0.4035688723552885,0.7589746166977214,0.7987026595480338,0.706412617658406,0.7373692755205856
1184,0.19417341447467684,0.26150108049412446,0.1947679076972384,0.2261280740285953,0.8587055531973573,0.8571497385780239,0.8477551366958437,0.18047469468226085,0.4311856416194533,0.14669444025473133,0.1662384801041007,0.4319496699440143,0.8678767116113535,0.8697700524710339,0.8334918598299863,0.8365879878036035
1185,0.2067846904390685,0.2676615096814424,0.20113775973505693,0.23404947800152737,0.8240192140764857,0.802898373406476,0.7897301990281483,0.19189101862841662,0.4242793929117903,0.20085835654260614,0.1821671579256089,0.4248898702673757,0.8166375098277792,0.8378655801533446,0.7726389796819744,0.7904575485460992
1186,0.23854549112307,0.2855192284949415,0.22684418567384224,0.2575364527926178,0.7217943187493978,0.6844013385629476,0.6775332949877918,0.26457945392903026,0.4009346180885818,0.3208877359181864,0.2679703785219931,0.40119461184353,0.7027692452834313,0.7411963733731473,0.644015870404198,0.6725872164158222
1187,0.2143162500628678,0.2684248438390332,0.2033945836226697,0.23697391140995566,0.7947040364030789,0.7574055713589037,0.7412435177275091,0.2017550992663817,0.4113353459327569,0.24633588073346302,0.19573280011761596,0.41180782527989235,0.7732337832992275,0.8108059518080575,0.7225752635799125,0.752234023094088
1188,0.21474375094301668,0.2636728199283971,0.21672186314833608,0.2378662227251675,0.7277678743584419,0.7318425391295257,0.7426040476334087,0.2989922032331669,0.37171746412472595,0.27520970511142223,0.3024210567205172,0.3720624604405042,0.748672799309861,0.7454428683316152,0.6948208583725224,0.6929827527362291
1189,0.2207539103756978,0.26837108791244224,0.22275786549863796,0.2432546370308693,0.7113231021035344,0.7156079973429456,0.7284488067970324,0.31366312600928126,0.3705595302096686,0.29169481568279126,0.31891571405916785,0.37085899098570496,0.733011252662916,0.729604101566157,0.6773331797779916,0.6752717073066683
1190,0.21919478951868432,0.27087611409157863,0.21283585278564182,0.2417209815921461,0.7599124551231558,0.7375918208005093,0.7324941144647384,0.2458898419135247,0.39812249286629986,0.26761920918219045,0.24490969305003796,0.3985213049142545,0.7542073895907953,0.7771172269828519,0.7010396360327249,0.7190097792368184
1191,0.20307549162601213,0.2372356552309891,0.184739063084237,0.21404135039687194,0.7406346621248681,0.6784672917550946,0.6589090478309166,0.22444613684306347,0.3387370249369339,0.3255207598954743,0.22505699859279993,0.3389056631425893,0.6969984346249503,0.7604484996378258,0.6377244227763219,0.6848239080663365
1192,0.19148267364079863,0.22545235612226244,0.18030553923401527,0.20399276914061354,0.7364834310186943,0.6968746557131632,0.687258697360538,0.24969854145749082,0.31934163185972453,0.30805403933997144,0.2512793155282176,0.3195323332521173,0.714878463809772,0.7554008995804902,0.6572860622735806,0.6877176411808503
1193,0.1908162752099784,0.2366765935944437,0.18690240905934513,0.21094687068551526,0.7739639861079137,0.7582516139233831,0.7542490656787245,0.23998610016875777,0.35339729539721254,0.24697786234093178,0.23735517627355962,0.3537944956773804,0.7740445615586355,0.7902717449802426,0.7234984317521285,0.7366893775346286
1194,0.1867675904038626,0.2284411856407168,0.18440521339672028,0.2051688191982623,0.7549043109098068,0.7443976383481378,0.7451735411632191,0.26143904203230584,0.33224432405607707,0.26146979184683933,0.26135666135374147,0.33257592926300894,0.7607510699338198,0.7719119552422644,0.7084187052007302,0.7175513821231547
1195,0.1844289091183423,0.2366013352972165,0.1844319213717216,0.20862202928373424,0.8046474887278596,0.8015669857315354,0.7991259123737392,0.2253676945075913,0.36743724411728207,0.20361523584319718,0.21896919542626914,0.36796818065278747,0.8153728778610732,0.8189717248867596,0.7711614513275857,0.7750851286233349
1196,0.1997434994719106,0.2557922010901702,0.1970247315848513,0.225262837315871,0.8041550389476,0.7923852791986686,0.7861044030781091,0.21766087543575363,0.39657168851577684,0.21235377050554077,0.2110694442748826,0.3971162581576718,0.80664227518187,0.818786345852383,0.7609923504530727,0.7714993972144906
1197,0.19937886636825425,0.26117854493457904,0.20459644249772985,0.22964539046207916,0.8069925459188814,0.8208223777380189,0.8258229299546141,0.23911319609302284,0.40616599809767995,0.18524100212199607,0.23290392845548824,0.4067952229466806,0.8336295455554594,0.8207138239494651,0.7926039130730884,0.7836866168913645
1198,0.2308127546144948,0.28463763129885067,0.22040756369852044,0.2534862479147046,0.7628902167249829,0.7286287081396222,0.7179616256318061,0.23197126039086724,0.42022662420908974,0.2759856410992646,0.2303278899617377,0.42063113773106486,0.7455762920747528,0.7804311496248144,0.6913504548857676,0.7182411941546136
1199,0.2560730272091737,0.3274273488652124,0.24616740558730843,0.28766614618539194,0.7988601582122243,0.7674736558208765,0.7532934344799377,0.20377429933069457,0.5033910921798106,0.2364347314200806,0.19734042281116881,0.5040069194005644,0.7828734426353026,0.8144993699751073,0.7335804005515545,0.7588506596445899
1200,0.3022808429311472,0.3652822723705287,0.280660755301533,0.32710335503947113,0.7242036884995917,0.6639811395108609,0.6472521077900321,0.24049127586087593,0.5196021669906123,0.3404100545892622,0.24319475196765805,0.5199606471514847,0.6828838867968925,0.7445827714316542,0.6224242028948272,0.6677343988361093
1201,0.31096916964240806,0.37761388193048273,0.30021099300251053,0.34018472499237035,0.6974950189900755,0.6675664279646821,0.6668005297057994,0.29298756890526256,0.5224763243869153,0.3384148378882754,0.2992551293670632,0.5228437871102868,0.6863807467651148,0.7174517448327213,0.6262032773123716,0.6489816353739224
1202,0.2940703113212292,0.3824089105823917,0.28665669568933283,0.3348075472068814,0.8031103028850652,0.7806209035743307,0.7697381559013506,0.20850245921317256,0.5896985236342582,0.2236064647452799,0.20173542443929582,0.5904582244806914,0.7954323086760227,0.8181778753804776,0.748014805051235,0.7666237599283843
1203,0.24674344917768942,0.32294410458753076,0.24011804924950586,0.28151588483180073,0.8263677940862699,0.8039655007455054,0.7899053469794767,0.18868906637820437,0.5108556304536618,0.1996632581725596,0.17857722865444992,0.5115792268311371,0.8176508853628941,0.8401242389720169,0.7738237842191715,0.7926476035470604
1204,0.2208922194839813,0.3003773666046682,0.22051439559852581,0.25875656306072387,0.8682515571722345,0.8637085561383312,0.8515573538260105,0.16960290183986082,0.496919068690294,0.13968227015617407,0.15376403559901808,0.49778530150484,0.8740324299129301,0.8787776108136605,0.8409353283719616,0.8464125242579339
1205,0.21138661167831813,0.2776386096567146,0.20885636451044282,0.2420816769644148,0.8311200133183541,0.8200161512267005,0.8102896674709396,0.195165124759773,0.44313717381415163,0.18407048108084417,0.18473613571470338,0.44381646922712126,0.8328665725056128,0.8442000200525337,0.7917029360552972,0.8019433291722233
1206,0.17946235477543626,0.24712674572371596,0.17640617488382032,0.21074626422713877,0.902007725705795,0.8877651640773624,0.866173939331298,0.13217046725847892,0.4285182581365534,0.11398352472650763,0.11041419913255157,0.4293663372514881,0.896537854402609,0.9104696536068264,0.8683991403220359,0.8817493746405858
1207,0.18348589247095504,0.24329932375044339,0.18079963677153998,0.2108870033588211,0.8537812852975508,0.841277932606585,0.8276791144964516,0.17454708301652833,0.40037632852239335,0.16209826125111937,0.16065362380455872,0.4010600637487066,0.8529454434194019,0.8655096028814901,0.8155570964999725,0.8270804059388746
1208,0.21478147160891214,0.26603808069839696,0.2200069440735003,0.2398345986418487,0.7287089761200021,0.7429667271692862,0.7583175658581401,0.3078294173206806,0.37566684587072474,0.26459096928276776,0.3113357549227025,0.37604524093990976,0.7593759931981048,0.7460661178379999,0.7068656924784138,0.6975114846229813
1209,0.20326409495548958,0.26773676797866963,0.20943058597297148,0.23509969786232993,0.8097035079851425,0.8264248928575345,0.8324017658909685,0.23945683692035535,0.41751788594350914,0.17974354060289532,0.23296659107229623,0.41817621902915525,0.8389280102374015,0.8232046249607761,0.7988725619006227,0.7877556354022621
1210,0.20442086204295118,0.26033995247976083,0.20921692217296084,0.23165918153414838,0.7706388443003234,0.7833615969091426,0.7927042985604756,0.26964675278731187,0.3874943137173814,0.22340142897572718,0.2681520111036009,0.3879978271476817,0.7980462047438763,0.786232631265267,0.7510329279940176,0.7428903447773991
1211,0.20366644872504147,0.2532011654284885,0.21194113562309708,0.22856021218127692,0.7294071780957196,0.7536982475920707,0.7736757122026229,0.31671174981040906,0.3570571936644472,0.2543848816789002,0.3203220267487026,0.3574392416142813,0.7696793944919433,0.7464927532156931,0.7185334677578474,0.7017577429158308
1212,0.20336468339787755,0.2595873695074882,0.19580951872229052,0.2278466840549323,0.8140781438914513,0.786711491941395,0.7721934937417102,0.19453535198462912,0.40709648070799376,0.21699907154383113,0.18605544343796443,0.4076419964450638,0.8012391718092948,0.8287271653900106,0.7547262025900339,0.777169264118529
1213,0.21632801891062714,0.2379667358326255,0.19721168740986056,0.22098370913446103,0.6572157049547107,0.5947006423970681,0.5848049105576446,0.29656708772797735,0.30044249617468255,0.41070899990581,0.30677267765298555,0.30033480100830456,0.6148607763191309,0.6798835808153589,0.5503775526292589,0.5958869272924865
1214,0.20321380073429562,0.2177652586197628,0.17636611292131832,0.20250971812407997,0.6678328526398642,0.5777393395362972,0.5556854820757359,0.26015693724585054,0.2765807865679666,0.4267807414835484,0.26902464786607505,0.2763998341883247,0.5980784925156903,0.6917852017834496,0.5330178960701328,0.5984559566075469
1215,0.18032993009103254,0.21249717781385402,0.1785428128839272,0.19413060279195266,0.7152470539718065,0.7068791155207675,0.7135135885384335,0.2981265622895797,0.29057938050535537,0.29976650059943155,0.3027501602276884,0.29075571582967286,0.7245702539515109,0.733783867241071,0.667974591618234,0.6752114462559371
1216,0.16969270230850475,0.2126691967789448,0.1648950376582447,0.18813289326713273,0.8025066958300415,0.7827192197056533,0.7731065669754323,0.21155780390794154,0.32986642405194155,0.2216558327734271,0.20495614256364836,0.3303014343081805,0.7974336754113747,0.817507452440984,0.7503252427408098,0.7668840778661794
1217,0.18870391791983093,0.21801253588208092,0.180839698734042,0.1996782332889802,0.7060454820508462,0.677570636955856,0.6764294100500975,0.28690053822281225,0.29446673007733326,0.328340061335026,0.29224286174952163,0.29457162289008665,0.6961258874743466,0.7256514720057201,0.6367749760818331,0.658608965520175
1218,0.17444550621133625,0.21961446249449001,0.17727418407136375,0.1957860385504971,0.7782625074307232,0.7849764924359947,0.7905429117288992,0.2573716517493305,0.3295976179645176,0.2213101942509505,0.2547591841790223,0.33003321082687764,0.7995857168853266,0.7936534846871723,0.7528127690616864,0.74920584510288
1219,0.18119750540662877,0.22357089869158076,0.1725335185086267,0.19845360230806902,0.7903627620174727,0.7580558769545706,0.7446220645666178,0.21018965226859265,0.3410528927670484,0.24601846774552938,0.20491315536544763,0.34143698405295,0.7738569952063525,0.8064836821605126,0.7232848249844084,0.7491235749441416
1220,0.18884222702811443,0.24261124789007982,0.1845120452967256,0.21282665352910052,0.8187648823853502,0.8012373921430701,0.7903865772352304,0.19974097214934883,0.383172738927257,0.2028405309112607,0.1908991694437321,0.38372572538727223,0.8150597574607985,0.8327843100187353,0.770795795803795,0.7858183042383677
1221,0.21460544183473318,0.26865061873071505,0.2100849313605042,0.23873030020352787,0.7734339292865662,0.7566085510546198,0.7521820596061507,0.23939312251415767,0.4013688433067284,0.24857849335715831,0.23680319996649712,0.4018226737541549,0.7724698604433871,0.7898066053028774,0.7217058573870614,0.7357244238313823
1222,0.2757380676960217,0.3326631761151667,0.2657710592382886,0.3002002111284408,0.7042977099095047,0.6745657271568642,0.6730863931285419,0.28721923720879783,0.4608370208014556,0.3313208253817154,0.29273843239672825,0.4611451836428052,0.6932007020757653,0.724015323815631,0.6335954645582365,0.6563218205010446
1223,0.31150983252024345,0.3675937772139377,0.2864964478393248,0.33215471904348964,0.6910847057621927,0.6228222864219132,0.6067624337745142,0.26138217596852087,0.5042802200074439,0.38190752262933464,0.26787517045800335,0.5045083218197827,0.6425747528476367,0.7130658746777006,0.5793995139055306,0.6297934214076237
1224,0.3241965498164261,0.38427961682775524,0.3117755461780888,0.34984631258313165,0.6567421457632974,0.62345413072027,0.6258438910749021,0.32559516132495947,0.508457053058186,0.38292361088160387,0.33604208149196035,0.5086877420866739,0.6431958363313404,0.6780388997119438,0.5800550528918027,0.6046965831624016
1225,0.2801513856057939,0.3656048079300742,0.2731157523636558,0.3195106254047038,0.8120316934362264,0.789955472724715,0.7780321552345925,0.20124607709766051,0.568917745337248,0.21406748599415432,0.19322715707371974,0.5696765592124889,0.8043291432086574,0.8265950692122339,0.7583072044073824,0.7767101747399963
1226,0.24388925212493084,0.31944996935912184,0.2316249131990813,0.27703154103975175,0.8454124567786043,0.8059071684101152,0.7817423787942529,0.15653681591632607,0.5152599148091477,0.19633604283851092,0.14293711424121958,0.5159979970102558,0.8194941880951725,0.8586927170588186,0.7759808097544592,0.8081635237693772
1227,0.21823919931599856,0.2887338329050778,0.20613215106030658,0.2488573974585408,0.8686318229642402,0.8274344987570027,0.7991631670568277,0.13537580959329842,0.47876431909350314,0.17399811657181746,0.11800983980529833,0.47951577354342134,0.8398821768944684,0.8804754571309927,0.800003643924494,0.8338987323685547
1228,0.19399738470049793,0.25403975788330657,0.19249772982212487,0.22179722861920587,0.8304996366624078,0.8223529756620979,0.8140387169720121,0.19844692981917422,0.40629006244572174,0.18190873243214872,0.18820998104564712,0.4069283521012518,0.8350776815833894,0.8435196653705239,0.7943151592530833,0.8022865712839655
1229,0.18929487501886033,0.23589175706621646,0.17882324662144122,0.20825642224031388,0.8025544827999922,0.7646859621327912,0.7472173017059888,0.1945041835966026,0.3653901823745914,0.23883097518812824,0.18735490173667024,0.36582438677363505,0.7802062924256659,0.8182629679268643,0.7305290407071676,0.7607451558674967
1230,0.19869989438213548,0.24789007988130696,0.1971048555098553,0.22105606976920372,0.768567236631267,0.7607305132653696,0.7609473695710322,0.2520960780709025,0.36776808237872693,0.24499868034542532,0.25035795177671083,0.36818881944861426,0.7764193587251471,0.7848633192024834,0.7262050145342771,0.7334561569875659
1231,0.21854096464316253,0.2707578510530786,0.22437369798621865,0.24422845487818895,0.7251478274671455,0.7412353443286767,0.757874105856226,0.31270143397627326,0.38087754848848254,0.2664700785430517,0.3166363716350912,0.381257536573569,0.7577116560354957,0.7425952621828564,0.7049876914416147,0.6942778404626648
1232,0.21494492782779256,0.2725748013718512,0.21716254473585817,0.2424492615033978,0.7686477762727206,0.7730768322750171,0.7788505747070914,0.26358583800309265,0.4049460320086018,0.23327963200254415,0.2621372439929839,0.40544529879587354,0.788229874355143,0.7845626649526569,0.7397233219692207,0.7377941595443733
1233,0.20893476839511138,0.2557276939782611,0.20244645051012233,0.22897030305656002,0.7544529334580607,0.7312698421120151,0.7264914831991544,0.2498009731046298,0.3728133658657623,0.2740119163086424,0.24949189002149152,0.37316295536579425,0.7481211501214562,0.7719349898462686,0.6942021326605667,0.7127487358024953
1234,0.20791631041593323,0.2537279735090794,0.20079055606003954,0.22731087061006355,0.7534793234110597,0.7282024937452035,0.7226324151124409,0.2486539944330688,0.3693602415119307,0.27700413581601485,0.2484207612772471,0.36969744831774876,0.7451654924417808,0.7710845841817191,0.6908905299778372,0.7109789274849319
1235,0.20030930946034298,0.25789943341253374,0.1921772341221089,0.22533954138524986,0.8283504453444015,0.7988265608526585,0.7813814614864282,0.18034256266091697,0.41125263636739584,0.20439387444652057,0.16969643339064033,0.411837123282183,0.8127687856151615,0.842261444808335,0.7681225878016305,0.7924044994515116
1236,0.181989639390434,0.20940083644221774,0.1606751776080338,0.18885026563879675,0.7545033771041079,0.6790745484704795,0.6523895094609896,0.19978593256692756,0.3036061370497497,0.3241461079250821,0.19829629337249244,0.3037338446203055,0.697589281392536,0.7744215944671671,0.6383676132696943,0.695569351572646
1237,0.18860332947744302,0.20950834829539955,0.16628385235831422,0.1920264030223719,0.7113813765426087,0.6337920290816056,0.6115899711489353,0.23472439174389992,0.28445887266862413,0.3702877101554252,0.23870171294224174,0.2844389309978588,0.6533476100425331,0.7331775743483533,0.590802423509023,0.6484489935037052
1238,0.18118493185133022,0.20772365153258143,0.15733668073286688,0.18702446662107192,0.7602424810876429,0.6758580870894538,0.6448765570440677,0.18626601050181968,0.30364749183243034,0.3269325640860401,0.18379084752465213,0.30376780360689215,0.6944589751175454,0.7804099826457498,0.6349624805231286,0.698931890591572
1239,0.20018357390735803,0.2258931547203078,0.18062603493403134,0.206669547402405,0.7066183096815666,0.6401849270699617,0.6230390763762731,0.24968860564043416,0.3062321657499689,0.36433005637520577,0.2544063125108087,0.3062557943205788,0.6596158917419968,0.7279731376539296,0.5974691567880237,0.6469040429834214
1240,0.1947895186843031,0.21748572780149011,0.17373537738368683,0.19941619746011358,0.7054646869244079,0.633213817392681,0.6138548450267992,0.24503028118716053,0.2934328605103179,0.37113976501660556,0.24979876529895162,0.29342203539471623,0.6527803101180911,0.727174925180718,0.590200223007141,0.6438245708553416
1241,0.18528391087864,0.20354144044380895,0.1692217296084611,0.188853755383193,0.6816171059883003,0.6251403665365632,0.6149876544178671,0.28112452873619986,0.26241677349985515,0.3801131089665753,0.2888064077158816,0.26234258165887714,0.6448530078913297,0.7032852481872178,0.5818052739006938,0.6235030439972684
1242,0.18374993713222348,0.2176254932106264,0.1737220233961861,0.19645932085036694,0.7462002127588749,0.7097554371636629,0.7002767427324624,0.24431131502456527,0.3121458996732972,0.29511249700967335,0.2447504273367841,0.3123620579947396,0.7273532683942447,0.764574544082681,0.6710550220769056,0.699308672852005
1243,0.2043579942664588,0.23022588240353503,0.18763687837188187,0.2116046948480969,0.6907979258628598,0.6343954028729794,0.623216616574873,0.2731867874747622,0.3051776187916131,0.3707181160823798,0.2798574972672735,0.3051828328933749,0.6539395337365985,0.7121734575184377,0.5914309675816778,0.6332621461429553
1244,0.18761001860886184,0.22053906443185356,0.18258907109662947,0.20104521981300555,0.7172279140359858,0.6981606017064786,0.6997986211950807,0.2861502263151734,0.3032752987883047,0.30797285002316793,0.2903776658538232,0.30344581803405657,0.7161252511989762,0.7360686319754934,0.6586576913335729,0.6737518218078424
1245,0.19109289342654528,0.23258039198821667,0.17675337855883771,0.20660528427301356,0.7863338464061764,0.7357693559242234,0.7151134062988124,0.19635016443889386,0.35290103800504513,0.2676085461287035,0.19112614242499226,0.3532424615903371,0.7524536482697157,0.8034572863034048,0.6990668842412897,0.7385296403888759
1246,0.21493235427249407,0.25654478406244285,0.1939666684471984,0.22902529419879997,0.7652912260436568,0.6960566559633067,0.6704780694983373,0.19651701962733092,0.379223357181258,0.3071201881194365,0.19371396045863687,0.379492585672334,0.7140852151228378,0.7843769002991567,0.6564139028678602,0.7093121557004363
1247,0.24012975909068046,0.28260565727371434,0.22413332621120663,0.25588969969034486,0.7111886295775696,0.6608849531704127,0.6498385999684569,0.2613554074171085,0.3913196311153384,0.3440992831549295,0.2657809488505779,0.3915053715223603,0.6798621956782338,0.7315687736670526,0.6191647258575514,0.6569764012555619
1248,0.30146356183674494,0.35184329072280207,0.2818359062015918,0.3205243974229181,0.665923057834112,0.611430894826298,0.6038686156569663,0.296797516862068,0.467433108639014,0.39411010431020316,0.3061657059324764,0.46758180829101514,0.6313652597662256,0.6879490772870225,0.5676071464411656,0.607567636201789
1249,0.32899964794045156,0.36628213260511966,0.28748464291437426,0.336634942549728,0.6324783823654616,0.5225786314787509,0.4968612028268279,0.271213161475254,0.4689425582068565,0.48208055375033954,0.2837329196147347,0.4688580260161054,0.5431583111653664,0.6586213008112038,0.4773006289506898,0.5556569124324509
1250,0.31900367147814723,0.37374345521593755,0.28452005768922606,0.33680636318440155,0.7006814831676769,0.6077721783407258,0.5808305312688812,0.22899108405015278,0.5186716843802985,0.39609273663942274,0.23403627589790066,0.518880141189001,0.6277601118622245,0.7237718553301535,0.5638301508503107,0.6322607275850887
1251,0.306279233516069,0.3719157537118467,0.27519897441375996,0.33022539549410984,0.7554449124770135,0.6696417589707081,0.6387182604600609,0.188985772937305,0.5469997105165212,0.3332221959324217,0.1871332604349213,0.5474121903250929,0.6884038278871316,0.7759151555307142,0.628393089455074,0.6932696892183867
1252,0.2504903686566413,0.31599883887198565,0.21779018214838952,0.273916851056818,0.8506417288289609,0.7504652011680294,0.7009448006792821,0.09512560238858425,0.5125511765435671,0.24911363574532203,0.07841930684606924,0.5131447429835413,0.7665776046152231,0.8667705889173569,0.7150133693492737,0.7937161797116681
1253,0.236596590051803,0.3001408405276681,0.21350355216067513,0.2612072635068953,0.8371915652476714,0.7640490881983327,0.727108972475273,0.13190086398297396,0.4810388321409369,0.2369762843224022,0.1183773808054347,0.4816248314593746,0.7795967512911677,0.8525943543889112,0.7298323829544846,0.7875245460797102
1254,0.21110999346175124,0.26330727962757894,0.20099086587254955,0.2329934034725875,0.7886734477039956,0.7537368934412366,0.7393965181650873,0.20915381369782438,0.40064513460981765,0.2502587739852729,0.20403712124713247,0.40109355472155517,0.7697164594783319,0.804988901868112,0.7185755709273396,0.7463640022853695
1255,0.2068601317708595,0.2510401771795341,0.19076171144703813,0.22334158862651415,0.7765512578691798,0.7219898148119525,0.7009618230582463,0.20091280733521621,0.37628716761093406,0.2814669403258834,0.19693753252146884,0.37662124017848475,0.7391736676423379,0.7943527851378891,0.6841948531360456,0.7264443354316921
1256,0.21872956797263998,0.26310300710653345,0.1959564125847978,0.23378971210466365,0.777837502931741,0.7033002191721133,0.6739418969963992,0.18074364630182993,0.39512427112195514,0.29937547547268656,0.1760665351125691,0.39543439066408637,0.7211053255647915,0.7966048057033421,0.664146373007847,0.72130376057182
1257,0.23564099984911735,0.28962618128648676,0.2272180973238609,0.2588731652775999,0.7494063757134288,0.7216244321066255,0.7154792808095986,0.2497992123249051,0.4209296555146602,0.2835517062519203,0.25002178241022577,0.4213148372835954,0.738821050492634,0.7672876663782742,0.6838015518766758,0.705694355602875
1258,0.21085852235578129,0.26788728457312416,0.2006169542225309,0.2351302665513902,0.8128335146727617,0.7773246728126643,0.7594588823617253,0.1879519048154199,0.4192547868160952,0.22603171113483717,0.17939484462122457,0.41979159517179754,0.7922866812855243,0.827878185399306,0.744389079473665,0.7729870107867542
1259,0.21044359503093096,0.25985614914044275,0.2008172640350409,0.23105087199059132,0.7747439081591561,0.7414347858742009,0.7296373393994579,0.22266173349516638,0.3887349571977998,0.2629596512738539,0.21947957009707864,0.3891343052163415,0.7579034030793217,0.7916856543877973,0.705203959606397,0.7315623637041151
1260,0.20897248906100685,0.2553729048627611,0.1922172960846109,0.22641408777613975,0.785792669064572,0.7292920619168538,0.7062363854229435,0.1911717117385292,0.38722550762995733,0.27385822152979994,0.1858602696918118,0.38759380683025724,0.7462155872184664,0.8032266999330493,0.6920664222686228,0.7359596305718394
1261,0.20057335412161142,0.2552008858976702,0.18790395812189525,0.223066125808642,0.8283024220928712,0.7839869035810562,0.7602122041109739,0.16652423301948893,0.407055125925313,0.2185354432368552,0.15538272618131133,0.40759648237472945,0.7986423811154444,0.842832509284102,0.7517219735975349,0.7872728835990865
1262,0.1603379771664235,0.18458710072785522,0.13682495593184124,0.16506666140893894,0.7877749143512631,0.7004477232691094,0.6646891553557294,0.16007167655520105,0.2806955874446879,0.30152644270855605,0.15362119258290285,0.28085466908101986,0.71834197633643,0.806769031913112,0.6610988393327402,0.728065322116767
1263,0.16483930996328522,0.18309268596862804,0.14916404038245823,0.16841607461084135,0.71749528964967,0.6595146964187045,0.6445235087428837,0.24846160330796163,0.24843885695380663,0.34508264593350946,0.2520168612151492,0.24844055533737042,0.6785243552501128,0.73801743426423,0.6177234018038114,0.6612535341663852
1264,0.1698938791932807,0.19743476718308184,0.1564286095828215,0.178609915376784,0.7506623699106405,0.7009562180675221,0.6852972431496126,0.22777488233501186,0.2840453248418179,0.3032828359226934,0.22736219831090698,0.2842039646806397,0.7188346892362187,0.7694350926984659,0.6616418633390464,0.6997694522588875
1265,0.16862395010813258,0.20486383623794524,0.15274290903263715,0.18111627811625414,0.8081886649894225,0.7494956261338327,0.7225053987745466,0.17003534897516204,0.3204168562094205,0.2529720587071868,0.1614332835344897,0.3207561590324768,0.7656470094280841,0.8245408654151842,0.7139585485431894,0.7599898883870928
1266,0.16529195795403107,0.19202692096803664,0.15298328080764917,0.17386457380664572,0.7510497000038914,0.7049260657603255,0.6907229070097028,0.23086942678441247,0.2761465613498201,0.29944629274906226,0.23048534400437792,0.2763054274799156,0.7226796905991009,0.769639855539348,0.665884845979809,0.7013724211135188
1267,0.16490217773977772,0.19467171255630933,0.1470274023823514,0.17369264461536366,0.7881834798792604,0.7219822986884142,0.6946217567837453,0.17990211615440144,0.29618295355857904,0.28072896481839155,0.1739833175395732,0.29641729171022624,0.7391664143630972,0.8059832372390763,0.6841867621672915,0.7353887196901834
1268,0.17474727153850017,0.20744412071430873,0.1633860370706693,0.18653283167494245,0.761513726615453,0.7195971128114756,0.7058365628423003,0.22586910917725334,0.3037922335718125,0.2847214136704194,0.22422439057954346,0.3040255611377699,0.7368641103441778,0.779445557538454,0.6816203097231881,0.7141766363231303
1269,0.18099632852185277,0.20082139055830905,0.1651621174082581,0.18537446061907453,0.6968531361823753,0.6405314092209632,0.6286805718331748,0.26799124585644174,0.2652909308961582,0.36448642414212895,0.2739814485241241,0.26526215905194317,0.6599554115562432,0.7180252863298431,0.5978309318516573,0.639727368045492
1270,0.17330131267917315,0.1990259426101728,0.16404038245820196,0.18211482437484655,0.7196522532908047,0.6851969729649424,0.6798469701461375,0.269267746294108,0.27277614656134974,0.320247591032927,0.27296025342812047,0.27287513066536373,0.7035425047478956,0.7390104406250952,0.6448604865286574,0.6712495940985392
1271,0.17435749132424683,0.21421736746476294,0.1694754553709738,0.19122984146231953,0.7774063362384735,0.757735637579641,0.7515315718901804,0.2332735455323789,0.3210578553409701,0.2472287173183007,0.23008896342749074,0.32141332420108903,0.7735501079402343,0.7936895770097625,0.7229353835521937,0.7391264526227488
1272,0.18493185133028212,0.2147226731747175,0.1710912878585546,0.19472298520981052,0.7357373536182754,0.6864894240273892,0.6728942430563617,0.24109486393562296,0.3031098796575824,0.31807510366744024,0.24257974640800983,0.3032531851639425,0.7047983628966472,0.7551212467804673,0.646233040755527,0.6837382003669763
1273,0.1859754564200573,0.22001225635126265,0.17581859943379097,0.19874135765299433,0.7433857641536987,0.7067036464782591,0.6974767289350948,0.2465208745010803,0.31442041272073107,0.2982103633325222,0.2473066385744217,0.31463117824053544,0.7244004276726841,0.7618899281310003,0.667786778662522,0.6961719158473074
1274,0.18136096162550924,0.22792512874544413,0.17381550130869083,0.20097445016801013,0.8077085103916495,0.7790907184028205,0.7649050535962217,0.19880622164772888,0.3555477440966046,0.22472462825840794,0.1912021655501528,0.35600715851099396,0.7939722942924883,0.8227598847503594,0.7463310951075743,0.7696352804150153
1275,0.19893879193280684,0.24930923634330682,0.17898349447144923,0.21761781004465658,0.8346420060047779,0.7661094770347169,0.7313972228253375,0.13839053894162934,0.40089326330590125,0.2351804734486635,0.12543273163159752,0.40138230333520986,0.7815684365774953,0.8499566965006764,0.7320867911609819,0.7862044839185947
1276,0.22780767489815423,0.27318761893498755,0.20615885903530795,0.24365044764095917,0.7631795829608454,0.6935978962033064,0.6681521344009104,0.19798835506796975,0.4031884537446755,0.30961749580659664,0.19546423582709738,0.40348143494080013,0.7117001133947898,0.782382506083009,0.6537939578506524,0.7068968943562282
1277,0.2514208117487301,0.3072581252083042,0.2230516532236526,0.27098272601418133,0.7922907403704764,0.7055180926649433,0.6693710784300723,0.15678437181125693,0.4692527190769611,0.29634863377267745,0.14968746282728718,0.46966504919937757,0.7232528503134694,0.8110168621425278,0.6665181475917032,0.7332067610387814
1278,0.28057888648594276,0.33707116209562094,0.2456866620372844,0.29903529016793157,0.7666781970432717,0.6658497988574986,0.6276412039501814,0.1649424977329943,0.5009304826103138,0.3362824275859927,0.1611721543659752,0.5012762889335177,0.6847067472317132,0.7875523129641322,0.6243932338604057,0.70071010871479
1279,0.27894432429713834,0.34279079268489343,0.2400913412745045,0.3001693123053744,0.8127749956195853,0.7000988363515345,0.6511931483644394,0.11478302967378529,0.5342831148422316,0.30034801958333296,0.10377675322188817,0.5347673225179322,0.718003890138952,0.8320173886645197,0.6607263212419552,0.7475104954205394
1280,0.28829904943921947,0.3544343263844838,0.24270872282463551,0.30916454895777407,0.8265593746521402,0.6965298876273777,0.639272092061839,0.08668776473400364,0.5596335966254498,0.30298619903706264,0.07288581696030194,0.5601429394522756,0.7145441427040451,0.8462189789000292,0.6569184345388437,0.7573115986815151
1281,0.2370115173766535,0.2943136980852138,0.19583622669729178,0.25440474831641874,0.864059961326227,0.734769022747728,0.6723652927641867,0.056433515118765154,0.4852983747570405,0.26340490535715133,0.03629277194381941,0.48581913763716955,0.7514907728857518,0.8812715942129119,0.6979846369785241,0.7994413383895123
1282,0.23912387466680074,0.28891660305548683,0.20440948667272046,0.2541985194005341,0.8052412230601615,0.6966661299642644,0.6503463725527113,0.1250141551856272,0.4477895868657209,0.30413623534954826,0.1153126778110054,0.4481538490328453,0.7146762593057803,0.824632688987804,0.6570637046681171,0.7404928063295007
1283,0.19717849419101746,0.2473525206153978,0.1860477538593024,0.21779012100057055,0.8077163843342692,0.7682795022220551,0.7494361625967757,0.18861963292695672,0.38532318762664897,0.23503189027564925,0.18068167017978076,0.38579285574582156,0.7836441689149103,0.8232102412848703,0.7344630677631292,0.7659493809562874
1284,0.19077855454408288,0.23592401062217105,0.1719325890710966,0.207080962041646,0.8206696271965617,0.7547360495628158,0.7230476220067207,0.15262183287701703,0.3737438484760762,0.24708122759021506,0.14191524204337191,0.3741666061533596,0.7706746460387737,0.8366790701334528,0.7196643272123038,0.7714591881870918
1285,0.21398933762510686,0.26136131508498806,0.18791731210939588,0.22978308458736102,0.8116533352043236,0.7255881688104647,0.6870792598450571,0.14112922648199122,0.40866796244985726,0.27574114467350475,0.13114735735217975,0.4090584536702343,0.7426449789251932,0.8292833697442754,0.6880710468575684,0.754813056599708
1286,0.22697782024845348,0.2745315170997602,0.20971101971048556,0.24491739730057277,0.7611795847926215,0.7052540024209829,0.685660152280393,0.21278059357012946,0.40422232331169083,0.2985116408048235,0.210849883589997,0.4045463035696891,0.722997184291926,0.7797772551555302,0.666235628214741,0.7091768189470424
1287,0.18678016395916103,0.23565523098921648,0.17836921104641845,0.20735775425527042,0.81190781177972,0.7806958446377207,0.7648091267267173,0.1927798088683388,0.3693188867292502,0.2228870546546346,0.18449215192806434,0.36980069804978966,0.7955038016561011,0.8268294741912245,0.7480972902161414,0.7734255846447518
1288,0.1859754564200573,0.23997720748712537,0.18479247903423962,0.21080890268599356,0.8148701991659688,0.8077642167345546,0.8021018347942449,0.21281396693959076,0.3773210371779496,0.19695558101652133,0.2048626673542887,0.37788232452043224,0.8212564791849613,0.8287582368656923,0.7780453303629713,0.7850999365639675
1289,0.18723281194990693,0.23168804360680761,0.17358848352117945,0.20438324520678391,0.806398589385974,0.7576443995693417,0.7350381411849626,0.18095319127761922,0.3607170919316818,0.2452899853839749,0.17291996844390356,0.361128097801132,0.7734626704791578,0.8223774188710837,0.7228358334763518,0.7613334255749593
1290,0.1834230246944626,0.231473019900444,0.16733881737086698,0.2018106854833039,0.8404154174946827,0.7827650443789097,0.7516925035090561,0.1437664006192052,0.3758322650014473,0.21880282642939014,0.13028931433430424,0.3763332635531147,0.7974773734613729,0.8548293602313255,0.7503757204980865,0.7963396429342109
1291,0.1582130463209777,0.17572812402567384,0.1447305165322365,0.16191484543501383,0.7180662716982296,0.6671376743956509,0.6550035217395708,0.2547799690814605,0.23787270997890908,0.33770083067702567,0.2583840344510778,0.2378807245666733,0.6859626905416729,0.7382226724562841,0.6257510836148454,0.6641495655707716
1292,0.16149474425388521,0.177459064861901,0.1480289514449014,0.16444618873448708,0.7031006408561213,0.6527146807266805,0.6425951242416222,0.268310795712039,0.2340267151896117,0.3524051564231436,0.273670486338218,0.23399054135505915,0.6718802021077861,0.7237710772256662,0.6105815708314277,0.6482997857115396
1293,0.160627168938289,0.18181329491576448,0.14248704663212436,0.16506983683136883,0.750755435908735,0.6831198226101668,0.6600552329854518,0.2104917821456116,0.26078325958397075,0.32045358968414106,0.2096739843020874,0.2608664658669769,0.7015235253567091,0.7704179713074304,0.6426559885706848,0.694016557469546
1294,0.16609666549313484,0.18436132583617337,0.14463703861973187,0.16833515163518326,0.7359986717947484,0.657384350737417,0.6317624575893946,0.2125563308959495,0.2582606178404532,0.346154175377601,0.21343363328880227,0.25827192251926534,0.6764437349144901,0.7568941323682981,0.6154840266945532,0.6745334890544257
1295,0.16124327314791526,0.18326470493371894,0.1434752417071738,0.16618923232716926,0.752803926409195,0.6865984874173255,0.6638547364966475,0.21011014383489357,0.2638228361109961,0.31697876487021914,0.209053801466473,0.26391919003547804,0.704904324433794,0.7723004601680217,0.6463488940085633,0.6967037996712242
1296,0.1703465271840266,0.19387612484276395,0.14617274718230866,0.17458648088792156,0.7662332839278836,0.6785981687758463,0.6455620670108465,0.17803923520875742,0.2854927422356395,0.32393930950044725,0.17465657476169316,0.2855980042956012,0.6971257806204811,0.7863124601926315,0.6378630319735965,0.7044112293425941
1297,0.16883770054820696,0.18612452022835513,0.15694941509534743,0.17284398668673923,0.6911696246381536,0.647292752547126,0.6413015697600909,0.2850298845989463,0.24147057607212274,0.3582510727435425,0.2918126662304861,0.24142822723258406,0.6665765915663528,0.7119358809268368,0.6049000226685388,0.6376884564233611
1298,0.1632676155509732,0.1907905346564459,0.14975161583248764,0.17194487055560642,0.7636071848291641,0.71288274023151,0.6951412431992986,0.21566669104013236,0.2797237500516935,0.29103072952746484,0.21353678573005297,0.2799096532031601,0.7303773884332672,0.7818435701847946,0.6744080237255736,0.7135412267681511
1299,0.1727103555801438,0.19580058701471836,0.16201057635810057,0.1798786687220016,0.711570376142139,0.6721031711848594,0.6655815640383579,0.2714848405961221,0.26448451263388606,0.33328055259928663,0.2760343565706249,0.2645381313781463,0.6908022578628052,0.7314419029533317,0.6309924781489813,0.6609172263245502
1300,0.15633958658150177,0.18270564329717354,0.15331713049516588,0.16688867534511792,0.7329368481280338,0.7194464753135704,0.721642076570938,0.2777472550093094,0.25449733261651697,0.2866781252151511,0.28025606958931293,0.25466284086244095,0.7367186718384735,0.7509722634044855,0.6814583016094438,0.6926085176728369
1301,0.15699341145702356,0.19329556083558208,0.15686929117034343,0.17317236246479045,0.7755719595719592,0.7720650454705241,0.7733207218112567,0.2501013107015022,0.2886563831107066,0.23373953675567233,0.24757228335550707,0.28900676942861536,0.7872630839453911,0.7913961020262481,0.7386131032488472,0.7426706042794184
1302,0.1648770306291807,0.19374711061894578,0.15505314887025268,0.17509183718814197,0.7545670688430797,0.7171934837819899,0.7062580311309917,0.23619144419182492,0.28024068483520115,0.2874641885423782,0.23555039043647907,0.2804367778306799,0.7345429362158618,0.7726157335575965,0.6790363425088581,0.708108405920969
1303,0.1805688276417039,0.20995989807876314,0.17190588109609534,0.19136482473729394,0.7237987489908098,0.6919268568045679,0.6871859535434975,0.26813714636296204,0.2907034448533973,0.31355134452957617,0.27138742577450714,0.29084309028660615,0.7100785013016122,0.7428917848924403,0.6520147494434076,0.6765718329486363
1304,0.18574913242468433,0.21002440519067223,0.1779018214838951,0.194231502582855,0.6846748940723342,0.6562319085086331,0.6575904799346138,0.3056782979536834,0.27314833960547524,0.34998878215665885,0.3133393600976325,0.2731682969387583,0.6753178514526694,0.7049826397918071,0.6142733430400438,0.6358072938008412
1305,0.1848689835537896,0.22487179211508068,0.17557822765877895,0.20080339263253305,0.7733335822561727,0.7392881637146137,0.7273583263828599,0.22317725819797252,0.3353045779744427,0.2651054789561664,0.22016442172572537,0.3356303504070062,0.7558392066761253,0.7903737226458813,0.7028770860206759,0.7297641822967584
1306,0.2045214504853392,0.2430627976734434,0.17784840553389247,0.21574660918642002,0.7877018442862009,0.6980146322648383,0.6613408295789346,0.15787296418791286,0.3694429510772921,0.3038844540856086,0.1513670797192468,0.36970841078205474,0.7159837419852839,0.8068403213175106,0.6585019626225925,0.7272260908879256
1307,0.23139113815822565,0.2642103791943061,0.20287377811014368,0.23942097686338665,0.7182280619524304,0.6277737818473316,0.599678212262354,0.21630572032304674,0.3678507919440883,0.3757997785282995,0.21922885760937716,0.367921997704168,0.6474400245214404,0.7405281998530131,0.5845408001553354,0.6517210900862631
1308,0.2308001810591963,0.28474514315203237,0.20071043213503553,0.24899387276538326,0.8250420966102188,0.7292100931115971,0.6850208102122276,0.12059990209499372,0.45116000165419123,0.27137052751404267,0.10821247867784767,0.4516161271705089,0.7461365957123429,0.8424839717684756,0.6919779424463051,0.7665100230330895
1309,0.24426645878388575,0.3023448335178952,0.21495913679824796,0.264725025618517,0.8177118349321697,0.7267894503785827,0.6855352383046586,0.13141436092589576,0.4746495182167818,0.2741878043638809,0.12034143002741038,0.47512793731196934,0.743803312163233,0.8352837962345279,0.6893662535332905,0.7599546759755844
1310,0.2522003721772368,0.3072581252083042,0.21597403984829872,0.2695853439557024,0.8112564732144631,0.7007983461146351,0.6529381895265821,0.11817602101235547,0.4789297382242257,0.2997610725488819,0.1074792734312805,0.47934523352565683,0.7186817221671222,0.8304360842287855,0.6614732600455921,0.7465354669453803
1311,0.2411230699592617,0.2950555298721683,0.2117541797980877,0.259487211999235,0.8043561467465257,0.7127242197710996,0.6730362050097934,0.14196475954294474,0.45674289731607454,0.2886330201764979,0.1329204306894355,0.4571599680452775,0.7302241417410409,0.8227233343245548,0.674237967942259,0.7449368345344856
1312,0.19910224815168737,0.25065313450807947,0.1868489931093425,0.22014617243330775,0.8146119842795112,0.7716076272506404,0.7502979913646682,0.17938555721551985,0.39361482155411265,0.23135770772152597,0.1703305668334345,0.3941048386597493,0.7868259443242365,0.8298759718358144,0.738111325153723,0.7724168723199671
1313,0.20565307046220394,0.24947050412307958,0.19050798568452543,0.2221724674321765,0.7738196344075066,0.722245453019502,0.7028205795139572,0.20609684129545114,0.3726272693436995,0.2813964509274887,0.2025722003020961,0.37295688341720334,0.7394203597482971,0.7916118496235529,0.6844700566012021,0.7244375364181335
1314,0.16304129155560027,0.2093470805156269,0.1556273703327814,0.18253545867159543,0.8426228917230216,0.8130194721685119,0.7935132427717925,0.16813805051260688,0.3423762458128281,0.18979041939036168,0.1553298665621604,0.34291231705720915,0.8262399787575929,0.8556737671169936,0.7838956716785157,0.8084424256862928
1315,0.158804003420007,0.19756378140690012,0.14833609315741686,0.17379665168245478,0.8223065899521045,0.7816525680252907,0.7602723600768883,0.17505207684643853,0.31530954054836435,0.22120740032642772,0.1649341496175143,0.31572726683708063,0.796416411578063,0.8370284974890234,0.7491505310831732,0.7818093466835672
1316,0.1855982497611024,0.22848419038198953,0.16894129587094708,0.20126478510748608,0.8118394498433101,0.7526568049813563,0.7249624261046425,0.16647583810248845,0.3582771597535255,0.24968889963787955,0.15731742816823702,0.3586733092141142,0.7686804476288027,0.8280123647707363,0.7173990880964265,0.7638819729332487
1317,0.18757229794296632,0.22473202670594428,0.177260830083863,0.20185872263844667,0.7571303033113432,0.7199616267095742,0.7087867661425012,0.23417377015492136,0.3277159753525495,0.2846507989088479,0.23320821535231773,0.3279798672707003,0.7372160262558305,0.7750556121035297,0.6820123763468549,0.7109731240530515
1318,0.16102952270784088,0.19998279810349084,0.15780407029539018,0.17781039265358184,0.7928870151522989,0.7783330575557171,0.7723366841561995,0.22474566578537392,0.3062941979239898,0.22653166588062956,0.2196232979741104,0.3066862456099638,0.7932492129819708,0.8082095979663737,0.7454977805008087,0.7580040300275903
1319,0.15739576522657545,0.2039069807446271,0.16303883339565195,0.18004182255631046,0.8088967951067749,0.8254448744854522,0.8314516306064118,0.23999368290310086,0.31925892229436337,0.18073189145084206,0.23360804713168737,0.31978985562972484,0.8380016171388527,0.8224463460218403,0.7977750468867395,0.7867896154512604
1320,0.1707111602876829,0.21126079150226307,0.16466801987073343,0.18764807951614754,0.7921357609995809,0.7681575646695983,0.758105742891339,0.21652368160606805,0.323125594475001,0.23626403645680755,0.2112374505380381,0.3235129977209562,0.7835275535056887,0.8078388739482025,0.7343294886329512,0.7539278340759323
1321,0.16475129507619574,0.20056336211067272,0.15783077827039155,0.17910457078169112,0.7818431624127067,0.7545229760407645,0.7443839543432108,0.22222165101934488,0.3023654935693313,0.249981657042241,0.21824377364338787,0.3026898703207036,0.7704703251976175,0.7981968201683485,0.7194321115649531,0.74140906299237
1322,0.15460443595030932,0.16911614505499228,0.14203301105710164,0.15702195758532594,0.7047175804331189,0.6567650200613927,0.6474727363704896,0.2692588071226889,0.2225507629957405,0.34841524713339556,0.2744682873315428,0.2225106835060685,0.6758387068472285,0.7252169406571622,0.614833332141016,0.6508148826944051
1323,0.15563546748478602,0.17179319019921946,0.14312803803215646,0.1588855442456069,0.7118164881735993,0.6641688476715651,0.6541597035647441,0.2633762451458379,0.22945701170340338,0.3409014443075007,0.2677698170353562,0.2294457856499611,0.6830670229523992,0.7320489370872234,0.6226219315262291,0.6585114394250011
1324,0.14961273449680634,0.16934191994667414,0.13285882164414292,0.1536225783423794,0.759527522360224,0.6952192093367658,0.6723886611278934,0.20616956641773854,0.24583350564492779,0.3082714502556145,0.20426254184140413,0.245930293785381,0.7132729807552727,0.7786220005021587,0.6555212859424748,0.704633001237847
1325,0.15240406377307247,0.18030812897121906,0.14398269323219914,0.16243383028612696,0.7688289619538957,0.7353531385400086,0.7242556763204587,0.22759742255641013,0.2662007361151316,0.2691661488319304,0.225195609089897,0.26642791416808453,0.7520530389907178,0.7860603690723711,0.6986165344938668,0.7250112844030125
1326,0.15079464869486497,0.17472826379108286,0.14765503979488276,0.16009129177740394,0.7305665911648225,0.7164809734534904,0.7187032844405524,0.27924994817157023,0.24169802737686596,0.2896566041424174,0.28202569885373174,0.24183932295974597,0.733854662277968,0.7487171368131209,0.6782708233112111,0.6898379542908217
1327,0.16412261731127087,0.1894251341210368,0.15970033652048504,0.17383961140740362,0.7173301647744288,0.699293832779451,0.7013743878023576,0.28704835968134024,0.25766097349158434,0.30688331429504023,0.2912810667496264,0.2577764893211142,0.7172237221875799,0.736129164693851,0.6598669782850148,0.6742069867999332
1328,0.15251722577075888,0.18107146312880995,0.1532102985951605,0.16502254361767782,0.7389856633441023,0.7387066502512253,0.7460985546887992,0.2850234225702839,0.2546627517472395,0.26794804678493145,0.28707661300838305,0.25487853623731727,0.7552798735906721,0.7563430543868392,0.7022470678186408,0.7036806709275778
1329,0.15001508826635818,0.1798028232612645,0.154318679557716,0.16398604472774653,0.7375772545994443,0.7503280598320546,0.7638857668132223,0.2986037942552686,0.2521814647864026,0.2570147316878124,0.30107617280565,0.25242332399400735,0.7664459875106617,0.75462107827972,0.7148641469315695,0.7066397005800997
1330,0.14445757682442284,0.1776310838269919,0.14784199561989214,0.15987802046700877,0.7707838778380187,0.7799958509391532,0.7876930700465764,0.26622330393854465,0.26299574045738383,0.2265738504037555,0.2646236955223912,0.2633327000164597,0.7948359734069779,0.7864644298981431,0.7473269218442415,0.7418194171547214
1331,0.14908464517426945,0.1819315579542644,0.15756369852037816,0.16557192337550725,0.7411790145906134,0.7689296007838712,0.7890951035149302,0.30959641749996614,0.2568752326206525,0.23917160395712816,0.31195314044755773,0.257170746792024,0.7842658454008855,0.757716035414765,0.7351753367505078,0.7158099206853255
1332,0.14967560227329874,0.18372700590240076,0.15696276908284817,0.16647736979199573,0.7509945072417383,0.7743301607468264,0.7911683835596725,0.2968074436727508,0.26374012654563495,0.23336869755931983,0.29793889865309564,0.26405986835431006,0.7894271949230265,0.7672153691278671,0.7410991731989367,0.7250063189743776
1333,0.15703113212291903,0.1980798383021728,0.1588456813204423,0.17603826668137562,0.7941306023151908,0.7973282692188236,0.7991696992397753,0.24031883552620315,0.3039369753111947,0.20843183212173672,0.23553195239717195,0.30437441161498413,0.8113444223387263,0.8088238628753783,0.766462473873259,0.7655725563187006
1334,0.15894231252829044,0.2044982959371271,0.15594786603279742,0.179082903137547,0.831422549143257,0.8173010698898305,0.8061866878472127,0.19209747345551786,0.3299698110086431,0.186617591423914,0.181520577826898,0.3304986110893201,0.8302962278809449,0.8445862324129785,0.7886708176108383,0.8012234375646394
1335,0.17066086606648895,0.20613247610549068,0.17624592703381226,0.187825991924865,0.7248883983824199,0.7416588420305291,0.7586483967754561,0.31357770124353745,0.2855547744096604,0.26608613003599857,0.317553219227652,0.2858147589864022,0.7581188062074915,0.7423284551812355,0.7054469385304758,0.6942327079194754
1336,0.1681461550067897,0.2142711233913539,0.16006089418300307,0.18739790490747538,0.8335685971165885,0.8020267750506554,0.7829713730740521,0.1740176118303114,0.34605682147140315,0.20094835466131605,0.16251907632512308,0.3465677402978389,0.8158096518894928,0.8472484686500228,0.7716716247116238,0.7975697340025407
1337,0.19182215963385807,0.235031662240762,0.1648149137332408,0.20529265551011727,0.8365646579901054,0.7431562247225335,0.6982778480876902,0.11326582914943195,0.37961622761672387,0.2571336897327362,0.09911937518368674,0.3800195707460895,0.7595581185762088,0.8531630186243797,0.7070713118405445,0.7801479961747182
1338,0.20879645928682794,0.2421812004773526,0.18102665455905137,0.21721014493739782,0.7577173124319081,0.6653153353051123,0.6315196173313414,0.1806822721208241,0.354100326702783,0.3372922518808112,0.17836670487159811,0.3542570058023988,0.684185447313381,0.7784814579226982,0.6238299225874337,0.6936386157049581
1339,0.2070235879897399,0.2523303194177158,0.18029218524651464,0.22162351047500523,0.8167386337080598,0.7272417945478317,0.6866805493354001,0.13358790364944007,0.39719201025598605,0.2738143581156142,0.12271264073878396,0.3975730810154875,0.7442394144715221,0.8342814615284904,0.6898541173365675,0.7593372324480097
1340,0.20513755469496553,0.2618021136830335,0.18190801773409537,0.226241717841888,0.8641522865046141,0.7856768618655697,0.7426934997576858,0.10432436365573494,0.4342252181464785,0.21424239060173417,0.08620582609675687,0.43481254752535425,0.8002532382958467,0.8781163182254244,0.7535850148745813,0.8161079249852481
1341,0.2225770758939798,0.27472503843548746,0.19898776774744942,0.2413420349115239,0.8108774474937019,0.7341975052126265,0.6995231597279005,0.1507067127411772,0.42880774161531776,0.26749226796611386,0.1411400463666339,0.42924585355659295,0.7509405720923679,0.8280181073056441,0.6973665031267315,0.7570199273125793
1342,0.1878614897148317,0.23610678077258018,0.18086640670904336,0.20845529416705505,0.8018841451194023,0.775554994932412,0.763159914723433,0.20594457016774204,0.3654108597659319,0.2285169910558525,0.1992351380669969,0.36587266009174424,0.7905970061259724,0.817162952773461,0.7424443784098909,0.763939770184793
1343,0.17718654126640848,0.22111962843903543,0.16640403824582028,0.19472361706604752,0.8134950833580403,0.7734685598007395,0.7535790598183326,0.18313902240384605,0.3477110127786278,0.2296619334847973,0.17434256683297378,0.3481472794141115,0.7886041286837895,0.8286928954447248,0.7401532735066692,0.772184002216338
1344,0.18031735653573405,0.22271080386612618,0.16478820575823944,0.19598985193762525,0.8157879082202086,0.7597740842226822,0.7328451130972008,0.16612269875319274,0.35118481452379957,0.24259211145687992,0.15647651840344978,0.3515909289314314,0.7755032327199869,0.8315835769687572,0.7251604373069824,0.7693360506918636
1345,0.15887944475179794,0.1950802575984002,0.1451578441322579,0.17183699892965582,0.8201496641586261,0.7678500378649108,0.7418609186974879,0.16592816340181216,0.31055374054009344,0.23455086076272658,0.15574917980125802,0.31092976088609026,0.78323343664312,0.8355192142679151,0.7339926292210373,0.7754482922659536
1346,0.15623899813911385,0.188661799963446,0.14876342075743815,0.16875241864283413,0.7824931554419128,0.7526256048049477,0.7412944033345598,0.21925409686001807,0.28462429179934645,0.25174665987793193,0.21512036319202432,0.28492142490775785,0.7686505174150453,0.79891486619728,0.7173651105586853,0.741260239044947
1347,0.16341849821455512,0.20682055196585425,0.15928636290796439,0.1822179118570431,0.814940875305799,0.7971069567302204,0.7866508647626728,0.20272804015860668,0.3263719449154294,0.20705411595076034,0.1944264524851379,0.32684154923287134,0.8111339932837209,0.8291876453536569,0.7662173391704772,0.7814319169024122
1348,0.17444550621133625,0.21375506649608111,0.1734148816836708,0.19195192369984854,0.7610221332981688,0.7547149946997266,0.7565940823289227,0.26009365811870033,0.3130350275009304,0.25124038069165827,0.259345457463687,0.31336958657431524,0.7706544564529074,0.7776167114295578,0.7196413799850356,0.7256940006469463
1351,0.15358597797113105,0.18990893746035498,0.15576091020778804,0.1703114051628652,0.774186839973251,0.7788798783408873,0.7840527636679667,0.2590161273767482,0.2829494231007815,0.22738103209218347,0.25687304955021495,0.28330955990741347,0.7937710879172735,0.7898318473589339,0.7460991781617312,0.7439951686868529
1352,0.1412387466680078,0.17559910980185567,0.137879920944394,0.15565654709618376,0.8090030699758246,0.7931085057682515,0.7843291005174488,0.20963337276584193,0.27589843265373637,0.21130102499991837,0.20223703727073516,0.276292599401738,0.8073305555759451,0.8235117197208526,0.7617920592324099,0.7754720977123681
1364,0.13965447870039732,0.16921290572285586,0.13439453020671976,0.15122206352076478,0.7925737114806195,0.7696834391225865,0.76004935358222,0.21717207970569685,0.25933584219014916,0.2347799152652379,0.21185648804601487,0.25964621970993584,0.7849866258644793,0.8082132231364862,0.7360014867073126,0.7547860401077973
1365,0.13751697429965293,0.1719114532377195,0.13878799209443937,0.15303287241803915,0.7997787052483827,0.8010195128515797,0.8012043236224328,0.2336069359978059,0.26642818741987506,0.20450778250928525,0.228002718793213,0.26682848854371577,0.8148527563810868,0.8142330027447162,0.7705541029057845,0.7711731975439262
1366,0.1359452798873409,0.17590014299076473,0.1522488114951125,0.15781832548228808,0.7782328551166637,0.835068365570007,0.8646468128363999,0.304152563748354,0.2635126752408915,0.17419699489624335,0.3028339077723122,0.2639902964765599,0.8470904417848217,0.7926229592149778,0.8085702422978005,0.7671187609166545
1368,0.1503797213700146,0.1899519422016277,0.1350488755942525,0.16465770562346677,0.8622622465789931,0.8028138600783042,0.7678344651552736,0.12371992987344083,0.32045821099210126,0.19797539511901968,0.10666860815134149,0.3209445745022823,0.8165572441237972,0.875364649955146,0.7725451673299943,0.8203876428279679
1369,0.15083236936076044,0.19349983335662757,0.1484696330324235,0.16966158295685202,0.8306015481412088,0.8184899829605302,0.8083867820584735,0.19467032900315617,0.3125801248914437,0.18555699218457922,0.18428319730219644,0.31308968058514897,0.8314219374436009,0.8437459580550117,0.7899981701561991,0.8010050754848219
1371,0.15426494995724988,0.20267059443303626,0.1380134608194007,0.17279773274375249,0.9042581019177207,0.8418210109867693,0.7992952031635375,0.0859116172000487,0.3584012241015673,0.15734527254486053,0.06157836337585487,0.3590443691223507,0.8534571543251663,0.9145430203115656,0.8161689500161242,0.8673388409896097
1372,0.1671779912488055,0.21164783417371769,0.1522354575076118,0.1840169895282338,0.8511153698649578,0.7953308662854494,0.7634926366887357,0.13650683702235833,0.3496753649559571,0.20598369407726214,0.12140195286046729,0.35017741853544526,0.8094449050052543,0.8647669415521111,0.764250819502192,0.8090259416200114
1373,0.1480284665291957,0.19136034747830943,0.14175257731958762,0.1662811279776923,0.8544260803419155,0.8278401848067586,0.8079417418943958,0.16093948386522428,0.3193623092510648,0.17477178408790234,0.1464136992884475,0.31990930544953744,0.8402655302576889,0.866615832594636,0.8004582658418853,0.8228502831295814
1377,0.13701403208771307,0.16464365196262887,0.13184391859409217,0.1476337579138816,0.7868860496420427,0.7642265007088699,0.7554540933879877,0.22228166781991865,0.25005169347835077,0.2403811843897749,0.21774839137483237,0.25033531065545145,0.7797665574787964,0.8028084116286747,0.7300264323818366,0.7485690834074998
1397,0.12135995574108538,0.1337124918022211,0.11766198386838311,0.12468376244064905,0.7246305856284943,0.7072905247598021,0.7087954130439696,0.28132918500787074,0.17877672552830726,0.29879903041819517,0.2847368964875254,0.1788136928760643,0.7249684107510874,0.7431288527835249,0.668414991241852,0.6823186200054954
1403,0.14621787456621232,0.17408319267199213,0.13938892153196947,0.15658657589574493,0.7753039719465689,0.7471462653064839,0.737504208314309,0.22706059747848695,0.2595426161035522,0.25746793044343824,0.2239358035129676,0.2597926102309005,0.7633913671171741,0.7920114595587922,0.7114042350389336,0.7339208917355502
1409,0.1349771161293567,0.15748336254072004,0.11974520591848725,0.1406928697547094,0.8002586447368665,0.739263221129202,0.7124066362115228,0.174586494072817,0.24459286216450926,0.2633286006891118,0.16707693514883015,0.2448082090308048,0.7558152167624383,0.8171576822674644,0.7028500601029051,0.7504347654671952
1455,0.1125710405874365,0.0824293378344963,0.059371828427968565,0.0835106529707283,0.6771563794095619,0.4542323405783971,0.3855582943706949,0.11919236870532268,0.08622472188908636,0.5490218544960972,0.12566075673870425,0.08547532226938348,0.4744040092519244,0.7122404133148335,0.4097931729852933,0.570057973468391
1456,0.1333551274958507,0.10037306613054087,0.06878638961593936,0.10046290396541296,0.6623457775505519,0.40417662757158956,0.3271363628885501,0.09543046636970409,0.10648856540258878,0.5999466028678904,0.10359335222343435,0.10562877066931609,0.4235706936534531,0.7020579715461646,0.361391849079542,0.5455640753545081
1487,0.1247422421163808,0.1164030834399492,0.08346242187917313,0.10914247915264308,0.7412055668892543,0.5746012194737203,0.515964544409821,0.12215399565927676,0.15958810636450105,0.4269465279672342,0.12053282390557485,0.15925816707712948,0.5949680255313949,0.7682467923736913,0.5298179013999169,0.6532909820990382
